2026-09-23 16:48:06 | WARNING  | Tensorboard not found, disabling tensorboard logging.
2026-09-23 16:48:27 | INFO     | Initialized PINNTrainer on device: mps
2026-09-23 16:48:27 | INFO     | Mixed Precision Training: False
2026-09-23 16:48:27 | INFO     | Commencing PINN Optimization Loop...
2026-09-23 16:48:38 | INFO     | Epoch [    10/50000] | Total Loss: 6.5827e+01 | LR: 1.00e-03 | mass: 6.15e+01 | momentum: 2.27e+02 | wall: 1.70e+00 | inlet: 9.72e-02 | outlet: 2.86e-01 | integral_mass: 2.09e+00
2026-09-23 16:48:44 | INFO     | Epoch [    20/50000] | Total Loss: 2.3520e+01 | LR: 1.00e-03 | mass: 4.17e+01 | momentum: 1.47e+02 | wall: 1.25e+00 | inlet: 2.17e-02 | outlet: 1.43e-01 | integral_mass: 2.35e+00
2026-09-23 16:48:51 | INFO     | Epoch [    30/50000] | Total Loss: 1.1186e+01 | LR: 1.00e-03 | mass: 3.91e+01 | momentum: 1.05e+02 | wall: 8.24e-01 | inlet: 5.70e-03 | outlet: 9.05e-02 | integral_mass: 3.20e+00
2026-09-23 16:48:57 | INFO     | Epoch [    40/50000] | Total Loss: 7.2266e+00 | LR: 1.00e-03 | mass: 4.52e+01 | momentum: 8.14e+01 | wall: 5.98e-01 | inlet: 2.38e-03 | outlet: 5.99e-02 | integral_mass: 3.82e+00
2026-09-23 16:49:04 | INFO     | Epoch [    50/50000] | Total Loss: 5.2909e+00 | LR: 1.00e-03 | mass: 3.87e+01 | momentum: 6.45e+01 | wall: 4.70e-01 | inlet: 1.11e-03 | outlet: 3.99e-02 | integral_mass: 3.67e+00
2026-09-23 16:49:11 | INFO     | Epoch [    60/50000] | Total Loss: 4.3045e+00 | LR: 1.00e-03 | mass: 3.20e+01 | momentum: 5.33e+01 | wall: 3.85e-01 | inlet: 8.54e-04 | outlet: 2.96e-02 | integral_mass: 3.73e+00
2026-09-23 16:49:17 | INFO     | Epoch [    70/50000] | Total Loss: 3.6388e+00 | LR: 1.00e-03 | mass: 2.91e+01 | momentum: 4.52e+01 | wall: 2.95e-01 | inlet: 1.34e-03 | outlet: 2.37e-02 | integral_mass: 3.79e+00
2026-09-23 16:49:23 | INFO     | Epoch [    80/50000] | Total Loss: 3.1217e+00 | LR: 1.00e-03 | mass: 2.78e+01 | momentum: 4.02e+01 | wall: 2.48e-01 | inlet: 1.24e-03 | outlet: 2.00e-02 | integral_mass: 4.01e+00
2026-09-23 16:49:30 | INFO     | Epoch [    90/50000] | Total Loss: 3.1858e+00 | LR: 1.00e-03 | mass: 2.62e+01 | momentum: 3.62e+01 | wall: 2.04e-01 | inlet: 2.26e-03 | outlet: 1.74e-02 | integral_mass: 3.97e+00
2026-09-23 16:49:36 | INFO     | Epoch [   100/50000] | Total Loss: 2.4718e+00 | LR: 1.00e-03 | mass: 2.47e+01 | momentum: 3.33e+01 | wall: 1.80e-01 | inlet: 1.31e-03 | outlet: 1.56e-02 | integral_mass: 3.99e+00
2026-09-23 16:49:42 | INFO     | Epoch [   110/50000] | Total Loss: 2.9113e+00 | LR: 1.00e-03 | mass: 2.41e+01 | momentum: 3.12e+01 | wall: 1.63e-01 | inlet: 2.53e-03 | outlet: 1.42e-02 | integral_mass: 4.00e+00
2026-09-23 16:49:48 | INFO     | Epoch [   120/50000] | Total Loss: 1.9695e+00 | LR: 1.00e-03 | mass: 2.39e+01 | momentum: 2.97e+01 | wall: 1.53e-01 | inlet: 8.45e-04 | outlet: 1.31e-02 | integral_mass: 4.10e+00
2026-09-23 16:49:54 | INFO     | Epoch [   130/50000] | Total Loss: 1.7214e+00 | LR: 1.00e-03 | mass: 2.34e+01 | momentum: 2.79e+01 | wall: 1.37e-01 | inlet: 6.87e-04 | outlet: 1.20e-02 | integral_mass: 4.11e+00
2026-09-23 16:49:59 | INFO     | Epoch [   140/50000] | Total Loss: 2.2489e+00 | LR: 1.00e-03 | mass: 2.27e+01 | momentum: 2.65e+01 | wall: 1.28e-01 | inlet: 1.92e-03 | outlet: 1.12e-02 | integral_mass: 4.06e+00
2026-09-23 16:50:05 | INFO     | Epoch [   150/50000] | Total Loss: 2.1727e+00 | LR: 1.00e-03 | mass: 2.23e+01 | momentum: 2.57e+01 | wall: 1.24e-01 | inlet: 1.84e-03 | outlet: 1.05e-02 | integral_mass: 4.12e+00
2026-09-23 16:50:11 | INFO     | Epoch [   160/50000] | Total Loss: 2.3794e+00 | LR: 1.00e-03 | mass: 2.15e+01 | momentum: 2.47e+01 | wall: 1.15e-01 | inlet: 2.44e-03 | outlet: 9.98e-03 | integral_mass: 3.99e+00
2026-09-23 16:50:17 | INFO     | Epoch [   170/50000] | Total Loss: 2.1927e+00 | LR: 1.00e-03 | mass: 2.14e+01 | momentum: 2.43e+01 | wall: 1.19e-01 | inlet: 1.99e-03 | outlet: 9.59e-03 | integral_mass: 4.16e+00
2026-09-23 16:50:23 | INFO     | Epoch [   180/50000] | Total Loss: 2.0296e+00 | LR: 1.00e-03 | mass: 2.09e+01 | momentum: 2.33e+01 | wall: 1.08e-01 | inlet: 1.89e-03 | outlet: 9.16e-03 | integral_mass: 3.99e+00
2026-09-23 16:50:30 | INFO     | Epoch [   190/50000] | Total Loss: 1.7972e+00 | LR: 1.00e-03 | mass: 2.13e+01 | momentum: 2.32e+01 | wall: 1.13e-01 | inlet: 1.33e-03 | outlet: 8.81e-03 | integral_mass: 4.25e+00
2026-09-23 16:50:36 | INFO     | Epoch [   200/50000] | Total Loss: 1.7409e+00 | LR: 1.00e-03 | mass: 2.06e+01 | momentum: 2.21e+01 | wall: 9.86e-02 | inlet: 1.49e-03 | outlet: 8.41e-03 | integral_mass: 4.02e+00
2026-09-23 16:50:43 | INFO     | Epoch [   210/50000] | Total Loss: 1.6401e+00 | LR: 1.00e-03 | mass: 2.09e+01 | momentum: 2.19e+01 | wall: 1.03e-01 | inlet: 1.21e-03 | outlet: 8.08e-03 | integral_mass: 4.25e+00
2026-09-23 16:50:50 | INFO     | Epoch [   220/50000] | Total Loss: 1.5959e+00 | LR: 1.00e-03 | mass: 2.02e+01 | momentum: 2.09e+01 | wall: 9.05e-02 | inlet: 1.37e-03 | outlet: 7.71e-03 | integral_mass: 4.04e+00
2026-09-23 16:50:57 | INFO     | Epoch [   230/50000] | Total Loss: 1.5277e+00 | LR: 1.00e-03 | mass: 2.06e+01 | momentum: 2.08e+01 | wall: 9.41e-02 | inlet: 1.16e-03 | outlet: 7.40e-03 | integral_mass: 4.27e+00
2026-09-23 16:51:03 | INFO     | Epoch [   240/50000] | Total Loss: 1.4353e+00 | LR: 1.00e-03 | mass: 1.98e+01 | momentum: 1.99e+01 | wall: 8.33e-02 | inlet: 1.19e-03 | outlet: 7.05e-03 | integral_mass: 4.06e+00
2026-09-23 16:51:09 | INFO     | Epoch [   250/50000] | Total Loss: 1.4309e+00 | LR: 1.00e-03 | mass: 2.02e+01 | momentum: 1.97e+01 | wall: 8.67e-02 | inlet: 1.11e-03 | outlet: 6.77e-03 | integral_mass: 4.29e+00
2026-09-23 16:51:16 | INFO     | Epoch [   260/50000] | Total Loss: 1.3484e+00 | LR: 1.00e-03 | mass: 1.95e+01 | momentum: 1.90e+01 | wall: 7.84e-02 | inlet: 1.12e-03 | outlet: 6.45e-03 | integral_mass: 4.14e+00
2026-09-23 16:51:21 | INFO     | Epoch [   270/50000] | Total Loss: 1.9122e+00 | LR: 1.00e-03 | mass: 1.96e+01 | momentum: 1.86e+01 | wall: 7.70e-02 | inlet: 2.27e-03 | outlet: 6.15e-03 | integral_mass: 4.24e+00
2026-09-23 16:51:27 | INFO     | Epoch [   280/50000] | Total Loss: 1.3775e+00 | LR: 1.00e-03 | mass: 1.88e+01 | momentum: 1.80e+01 | wall: 7.58e-02 | inlet: 1.23e-03 | outlet: 5.90e-03 | integral_mass: 4.16e+00
2026-09-23 16:51:33 | INFO     | Epoch [   290/50000] | Total Loss: 1.9786e+00 | LR: 1.00e-03 | mass: 1.87e+01 | momentum: 1.80e+01 | wall: 8.23e-02 | inlet: 2.30e-03 | outlet: 5.70e-03 | integral_mass: 4.34e+00
2026-09-23 16:51:39 | INFO     | Epoch [   300/50000] | Total Loss: 1.8594e+00 | LR: 1.00e-03 | mass: 1.79e+01 | momentum: 1.72e+01 | wall: 7.24e-02 | inlet: 2.26e-03 | outlet: 5.53e-03 | integral_mass: 4.05e+00
2026-09-23 16:51:45 | INFO     | Epoch [   310/50000] | Total Loss: 1.7147e+00 | LR: 1.00e-03 | mass: 1.83e+01 | momentum: 1.73e+01 | wall: 7.95e-02 | inlet: 1.83e-03 | outlet: 5.39e-03 | integral_mass: 4.33e+00
2026-09-23 16:51:51 | INFO     | Epoch [   320/50000] | Total Loss: 1.5714e+00 | LR: 1.00e-03 | mass: 1.76e+01 | momentum: 1.66e+01 | wall: 6.97e-02 | inlet: 1.74e-03 | outlet: 5.23e-03 | integral_mass: 4.06e+00
2026-09-23 16:51:57 | INFO     | Epoch [   330/50000] | Total Loss: 1.3970e+00 | LR: 1.00e-03 | mass: 1.81e+01 | momentum: 1.67e+01 | wall: 7.51e-02 | inlet: 1.28e-03 | outlet: 5.09e-03 | integral_mass: 4.31e+00
2026-09-23 16:52:03 | INFO     | Epoch [   340/50000] | Total Loss: 1.3210e+00 | LR: 1.00e-03 | mass: 1.74e+01 | momentum: 1.61e+01 | wall: 6.66e-02 | inlet: 1.30e-03 | outlet: 4.94e-03 | integral_mass: 4.07e+00
2026-09-23 16:52:10 | INFO     | Epoch [   350/50000] | Total Loss: 1.2957e+00 | LR: 1.00e-03 | mass: 1.79e+01 | momentum: 1.62e+01 | wall: 7.14e-02 | inlet: 1.15e-03 | outlet: 4.80e-03 | integral_mass: 4.32e+00
2026-09-23 16:52:16 | INFO     | Epoch [   360/50000] | Total Loss: 1.2311e+00 | LR: 1.00e-03 | mass: 1.72e+01 | momentum: 1.55e+01 | wall: 6.30e-02 | inlet: 1.19e-03 | outlet: 4.64e-03 | integral_mass: 4.08e+00
2026-09-23 16:52:22 | INFO     | Epoch [   370/50000] | Total Loss: 1.2328e+00 | LR: 1.00e-03 | mass: 1.77e+01 | momentum: 1.56e+01 | wall: 6.75e-02 | inlet: 1.11e-03 | outlet: 4.50e-03 | integral_mass: 4.33e+00
2026-09-23 16:52:29 | INFO     | Epoch [   380/50000] | Total Loss: 1.1903e+00 | LR: 1.00e-03 | mass: 1.70e+01 | momentum: 1.50e+01 | wall: 6.01e-02 | inlet: 1.17e-03 | outlet: 4.34e-03 | integral_mass: 4.11e+00
2026-09-23 16:52:36 | INFO     | Epoch [   390/50000] | Total Loss: 1.1835e+00 | LR: 1.00e-03 | mass: 1.73e+01 | momentum: 1.49e+01 | wall: 6.33e-02 | inlet: 1.09e-03 | outlet: 4.20e-03 | integral_mass: 4.29e+00
2026-09-23 16:52:45 | INFO     | Epoch [   400/50000] | Total Loss: 1.1175e+00 | LR: 1.00e-03 | mass: 1.67e+01 | momentum: 1.44e+01 | wall: 5.74e-02 | inlet: 1.08e-03 | outlet: 4.04e-03 | integral_mass: 4.14e+00
2026-09-23 16:52:54 | INFO     | Epoch [   410/50000] | Total Loss: 1.1062e+00 | LR: 1.00e-03 | mass: 1.70e+01 | momentum: 1.44e+01 | wall: 6.02e-02 | inlet: 1.00e-03 | outlet: 3.91e-03 | integral_mass: 4.31e+00
2026-09-23 16:53:02 | INFO     | Epoch [   420/50000] | Total Loss: 1.0314e+00 | LR: 1.00e-03 | mass: 1.64e+01 | momentum: 1.39e+01 | wall: 5.45e-02 | inlet: 9.66e-04 | outlet: 3.75e-03 | integral_mass: 4.15e+00
2026-09-23 16:53:09 | INFO     | Epoch [   430/50000] | Total Loss: 1.0379e+00 | LR: 1.00e-03 | mass: 1.67e+01 | momentum: 1.38e+01 | wall: 5.70e-02 | inlet: 9.28e-04 | outlet: 3.63e-03 | integral_mass: 4.31e+00
2026-09-23 16:53:17 | INFO     | Epoch [   440/50000] | Total Loss: 9.6056e-01 | LR: 1.00e-03 | mass: 1.61e+01 | momentum: 1.33e+01 | wall: 5.16e-02 | inlet: 8.83e-04 | outlet: 3.48e-03 | integral_mass: 4.17e+00
2026-09-23 16:53:24 | INFO     | Epoch [   450/50000] | Total Loss: 9.7838e-01 | LR: 1.00e-03 | mass: 1.63e+01 | momentum: 1.32e+01 | wall: 5.39e-02 | inlet: 8.72e-04 | outlet: 3.35e-03 | integral_mass: 4.31e+00
2026-09-23 16:53:31 | INFO     | Epoch [   460/50000] | Total Loss: 8.9679e-01 | LR: 1.00e-03 | mass: 1.58e+01 | momentum: 1.27e+01 | wall: 4.88e-02 | inlet: 8.11e-04 | outlet: 3.21e-03 | integral_mass: 4.18e+00
2026-09-23 16:53:38 | INFO     | Epoch [   470/50000] | Total Loss: 9.3016e-01 | LR: 1.00e-03 | mass: 1.60e+01 | momentum: 1.26e+01 | wall: 5.11e-02 | inlet: 8.32e-04 | outlet: 3.10e-03 | integral_mass: 4.37e+00
2026-09-23 16:53:44 | INFO     | Epoch [   480/50000] | Total Loss: 5.0799e-01 | LR: 1.00e-03 | mass: 1.54e+01 | momentum: 1.22e+01 | wall: 4.79e-02 | inlet: 5.15e-05 | outlet: 2.97e-03 | integral_mass: 4.23e+00
2026-09-23 16:53:51 | INFO     | Epoch [   490/50000] | Total Loss: 2.8620e+00 | LR: 1.00e-03 | mass: 1.54e+01 | momentum: 1.21e+01 | wall: 5.12e-02 | inlet: 4.69e-03 | outlet: 2.85e-03 | integral_mass: 4.26e+00
2026-09-23 16:53:57 | INFO     | Epoch [   500/50000] | Total Loss: 1.2573e+00 | LR: 1.00e-03 | mass: 1.46e+01 | momentum: 1.18e+01 | wall: 4.91e-02 | inlet: 1.53e-03 | outlet: 2.75e-03 | integral_mass: 4.13e+00
2026-09-23 16:54:03 | INFO     | Epoch [   510/50000] | Total Loss: 1.2689e+00 | LR: 1.00e-03 | mass: 1.45e+01 | momentum: 1.15e+01 | wall: 4.70e-02 | inlet: 1.59e-03 | outlet: 2.67e-03 | integral_mass: 4.11e+00
2026-09-23 16:54:10 | INFO     | Epoch [   520/50000] | Total Loss: 1.3141e+00 | LR: 1.00e-03 | mass: 1.49e+01 | momentum: 1.15e+01 | wall: 4.90e-02 | inlet: 1.64e-03 | outlet: 2.61e-03 | integral_mass: 4.28e+00
2026-09-23 16:54:16 | INFO     | Epoch [   530/50000] | Total Loss: 1.0918e+00 | LR: 1.00e-03 | mass: 1.45e+01 | momentum: 1.12e+01 | wall: 4.61e-02 | inlet: 1.26e-03 | outlet: 2.54e-03 | integral_mass: 4.16e+00
2026-09-23 16:54:22 | INFO     | Epoch [   540/50000] | Total Loss: 1.0823e+00 | LR: 1.00e-03 | mass: 1.48e+01 | momentum: 1.12e+01 | wall: 4.77e-02 | inlet: 1.21e-03 | outlet: 2.48e-03 | integral_mass: 4.28e+00
2026-09-23 16:54:28 | INFO     | Epoch [   550/50000] | Total Loss: 1.0939e+00 | LR: 1.00e-03 | mass: 1.45e+01 | momentum: 1.09e+01 | wall: 4.44e-02 | inlet: 1.29e-03 | outlet: 2.41e-03 | integral_mass: 4.18e+00
2026-09-23 16:54:34 | INFO     | Epoch [   560/50000] | Total Loss: 9.6716e-01 | LR: 1.00e-03 | mass: 1.47e+01 | momentum: 1.09e+01 | wall: 4.56e-02 | inlet: 1.02e-03 | outlet: 2.34e-03 | integral_mass: 4.30e+00
2026-09-23 16:54:41 | INFO     | Epoch [   570/50000] | Total Loss: 9.1504e-01 | LR: 1.00e-03 | mass: 1.44e+01 | momentum: 1.06e+01 | wall: 4.26e-02 | inlet: 9.74e-04 | outlet: 2.27e-03 | integral_mass: 4.19e+00
2026-09-23 16:54:47 | INFO     | Epoch [   580/50000] | Total Loss: 9.0709e-01 | LR: 1.00e-03 | mass: 1.46e+01 | momentum: 1.05e+01 | wall: 4.36e-02 | inlet: 9.37e-04 | outlet: 2.20e-03 | integral_mass: 4.30e+00
2026-09-23 16:54:53 | INFO     | Epoch [   590/50000] | Total Loss: 8.9724e-01 | LR: 1.00e-03 | mass: 1.44e+01 | momentum: 1.03e+01 | wall: 4.09e-02 | inlet: 9.72e-04 | outlet: 2.13e-03 | integral_mass: 4.23e+00
2026-09-23 16:54:59 | INFO     | Epoch [   600/50000] | Total Loss: 7.6262e-01 | LR: 1.00e-03 | mass: 1.45e+01 | momentum: 1.02e+01 | wall: 4.19e-02 | inlet: 6.84e-04 | outlet: 2.06e-03 | integral_mass: 4.33e+00
2026-09-23 16:55:06 | INFO     | Epoch [   610/50000] | Total Loss: 5.1161e-01 | LR: 1.00e-03 | mass: 1.44e+01 | momentum: 1.00e+01 | wall: 4.01e-02 | inlet: 2.18e-04 | outlet: 2.00e-03 | integral_mass: 4.33e+00
2026-09-23 16:55:12 | INFO     | Epoch [   620/50000] | Total Loss: 1.6205e+00 | LR: 1.00e-03 | mass: 1.44e+01 | momentum: 9.82e+00 | wall: 3.89e-02 | inlet: 2.46e-03 | outlet: 1.94e-03 | integral_mass: 4.35e+00
2026-09-23 16:55:18 | INFO     | Epoch [   630/50000] | Total Loss: 1.8618e+00 | LR: 1.00e-03 | mass: 1.40e+01 | momentum: 9.60e+00 | wall: 3.84e-02 | inlet: 2.95e-03 | outlet: 1.89e-03 | integral_mass: 4.24e+00
2026-09-23 16:55:24 | INFO     | Epoch [   640/50000] | Total Loss: 2.9245e+00 | LR: 1.00e-03 | mass: 1.37e+01 | momentum: 9.42e+00 | wall: 3.66e-02 | inlet: 5.11e-03 | outlet: 1.84e-03 | integral_mass: 4.08e+00
2026-09-23 16:55:30 | INFO     | Epoch [   650/50000] | Total Loss: 9.2166e-01 | LR: 1.00e-03 | mass: 1.37e+01 | momentum: 9.27e+00 | wall: 3.69e-02 | inlet: 1.10e-03 | outlet: 1.80e-03 | integral_mass: 4.14e+00
2026-09-23 16:55:36 | INFO     | Epoch [   660/50000] | Total Loss: 8.2794e-01 | LR: 1.00e-03 | mass: 1.39e+01 | momentum: 9.21e+00 | wall: 3.72e-02 | inlet: 9.09e-04 | outlet: 1.76e-03 | integral_mass: 4.25e+00
2026-09-23 16:55:42 | INFO     | Epoch [   670/50000] | Total Loss: 8.8800e-01 | LR: 1.00e-03 | mass: 1.38e+01 | momentum: 9.07e+00 | wall: 3.57e-02 | inlet: 1.06e-03 | outlet: 1.72e-03 | integral_mass: 4.25e+00
2026-09-23 16:55:49 | INFO     | Epoch [   680/50000] | Total Loss: 9.6940e-01 | LR: 1.00e-03 | mass: 1.36e+01 | momentum: 8.89e+00 | wall: 3.59e-02 | inlet: 1.22e-03 | outlet: 1.67e-03 | integral_mass: 4.28e+00
2026-09-23 16:55:55 | INFO     | Epoch [   690/50000] | Total Loss: 1.1202e+00 | LR: 1.00e-03 | mass: 1.37e+01 | momentum: 8.83e+00 | wall: 3.54e-02 | inlet: 1.53e-03 | outlet: 1.63e-03 | integral_mass: 4.30e+00
2026-09-23 16:56:01 | INFO     | Epoch [   700/50000] | Total Loss: 1.2205e+00 | LR: 1.00e-03 | mass: 1.33e+01 | momentum: 8.64e+00 | wall: 3.56e-02 | inlet: 1.73e-03 | outlet: 1.59e-03 | integral_mass: 4.29e+00
2026-09-23 16:56:07 | INFO     | Epoch [   710/50000] | Total Loss: 1.0400e+00 | LR: 1.00e-03 | mass: 1.33e+01 | momentum: 8.56e+00 | wall: 3.47e-02 | inlet: 1.38e-03 | outlet: 1.56e-03 | integral_mass: 4.27e+00
2026-09-23 16:56:13 | INFO     | Epoch [   720/50000] | Total Loss: 9.2926e-01 | LR: 1.00e-03 | mass: 1.31e+01 | momentum: 8.40e+00 | wall: 3.48e-02 | inlet: 1.16e-03 | outlet: 1.53e-03 | integral_mass: 4.27e+00
2026-09-23 16:56:19 | INFO     | Epoch [   730/50000] | Total Loss: 8.5397e-01 | LR: 1.00e-03 | mass: 1.33e+01 | momentum: 8.36e+00 | wall: 3.45e-02 | inlet: 1.02e-03 | outlet: 1.50e-03 | integral_mass: 4.30e+00
2026-09-23 16:56:26 | INFO     | Epoch [   740/50000] | Total Loss: 8.0851e-01 | LR: 1.00e-03 | mass: 1.31e+01 | momentum: 8.20e+00 | wall: 3.39e-02 | inlet: 9.35e-04 | outlet: 1.47e-03 | integral_mass: 4.29e+00
2026-09-23 16:56:32 | INFO     | Epoch [   750/50000] | Total Loss: 8.1913e-01 | LR: 1.00e-03 | mass: 1.32e+01 | momentum: 8.12e+00 | wall: 3.29e-02 | inlet: 9.77e-04 | outlet: 1.43e-03 | integral_mass: 4.27e+00
2026-09-23 16:56:38 | INFO     | Epoch [   760/50000] | Total Loss: 7.4992e-01 | LR: 1.00e-03 | mass: 1.31e+01 | momentum: 8.00e+00 | wall: 3.28e-02 | inlet: 8.41e-04 | outlet: 1.40e-03 | integral_mass: 4.31e+00
2026-09-23 16:56:44 | INFO     | Epoch [   770/50000] | Total Loss: 7.1308e-01 | LR: 1.00e-03 | mass: 1.31e+01 | momentum: 7.91e+00 | wall: 3.17e-02 | inlet: 7.89e-04 | outlet: 1.36e-03 | integral_mass: 4.30e+00
2026-09-23 16:56:50 | INFO     | Epoch [   780/50000] | Total Loss: 3.9978e-01 | LR: 1.00e-03 | mass: 1.31e+01 | momentum: 7.76e+00 | wall: 3.08e-02 | inlet: 1.80e-04 | outlet: 1.33e-03 | integral_mass: 4.30e+00
2026-09-23 16:56:56 | INFO     | Epoch [   790/50000] | Total Loss: 1.0214e+00 | LR: 1.00e-03 | mass: 1.31e+01 | momentum: 7.75e+00 | wall: 3.21e-02 | inlet: 1.40e-03 | outlet: 1.30e-03 | integral_mass: 4.43e+00
2026-09-23 16:57:02 | INFO     | Epoch [   800/50000] | Total Loss: 9.4265e-01 | LR: 1.00e-03 | mass: 1.30e+01 | momentum: 7.59e+00 | wall: 3.08e-02 | inlet: 1.27e-03 | outlet: 1.28e-03 | integral_mass: 4.35e+00
2026-09-23 16:57:08 | INFO     | Epoch [   810/50000] | Total Loss: 1.0439e+00 | LR: 1.00e-03 | mass: 1.30e+01 | momentum: 7.54e+00 | wall: 3.14e-02 | inlet: 1.46e-03 | outlet: 1.25e-03 | integral_mass: 4.38e+00
2026-09-23 16:57:14 | INFO     | Epoch [   820/50000] | Total Loss: 8.4983e-01 | LR: 1.00e-03 | mass: 1.26e+01 | momentum: 7.35e+00 | wall: 2.92e-02 | inlet: 1.11e-03 | outlet: 1.22e-03 | integral_mass: 4.17e+00
2026-09-23 16:57:20 | INFO     | Epoch [   830/50000] | Total Loss: 7.8025e-01 | LR: 1.00e-03 | mass: 1.30e+01 | momentum: 7.43e+00 | wall: 3.15e-02 | inlet: 9.28e-04 | outlet: 1.21e-03 | integral_mass: 4.40e+00
2026-09-23 16:57:26 | INFO     | Epoch [   840/50000] | Total Loss: 8.0327e-01 | LR: 1.00e-03 | mass: 1.26e+01 | momentum: 7.20e+00 | wall: 2.85e-02 | inlet: 1.03e-03 | outlet: 1.19e-03 | integral_mass: 4.17e+00
2026-09-23 16:57:32 | INFO     | Epoch [   850/50000] | Total Loss: 6.6933e-01 | LR: 1.00e-03 | mass: 1.31e+01 | momentum: 7.29e+00 | wall: 3.06e-02 | inlet: 7.24e-04 | outlet: 1.18e-03 | integral_mass: 4.39e+00
2026-09-23 16:57:38 | INFO     | Epoch [   860/50000] | Total Loss: 6.7466e-01 | LR: 1.00e-03 | mass: 1.27e+01 | momentum: 7.08e+00 | wall: 2.80e-02 | inlet: 7.87e-04 | outlet: 1.16e-03 | integral_mass: 4.20e+00
2026-09-23 16:57:44 | INFO     | Epoch [   870/50000] | Total Loss: 6.2133e-01 | LR: 1.00e-03 | mass: 1.30e+01 | momentum: 7.14e+00 | wall: 2.97e-02 | inlet: 6.46e-04 | outlet: 1.15e-03 | integral_mass: 4.37e+00
2026-09-23 16:57:50 | INFO     | Epoch [   880/50000] | Total Loss: 6.9441e-01 | LR: 1.00e-03 | mass: 1.26e+01 | momentum: 6.94e+00 | wall: 2.72e-02 | inlet: 8.42e-04 | outlet: 1.12e-03 | integral_mass: 4.19e+00
2026-09-23 16:57:56 | INFO     | Epoch [   890/50000] | Total Loss: 5.3337e-01 | LR: 1.00e-03 | mass: 1.30e+01 | momentum: 6.98e+00 | wall: 2.89e-02 | inlet: 4.87e-04 | outlet: 1.11e-03 | integral_mass: 4.37e+00
2026-09-23 16:58:02 | INFO     | Epoch [   900/50000] | Total Loss: 7.1730e-01 | LR: 1.00e-03 | mass: 1.26e+01 | momentum: 6.78e+00 | wall: 2.65e-02 | inlet: 9.02e-04 | outlet: 1.09e-03 | integral_mass: 4.19e+00
2026-09-23 16:58:07 | INFO     | Epoch [   910/50000] | Total Loss: 4.8480e-01 | LR: 1.00e-03 | mass: 1.29e+01 | momentum: 6.82e+00 | wall: 2.80e-02 | inlet: 4.08e-04 | outlet: 1.07e-03 | integral_mass: 4.36e+00
2026-09-23 16:58:13 | INFO     | Epoch [   920/50000] | Total Loss: 6.8199e-01 | LR: 1.00e-03 | mass: 1.25e+01 | momentum: 6.62e+00 | wall: 2.58e-02 | inlet: 8.47e-04 | outlet: 1.05e-03 | integral_mass: 4.19e+00
2026-09-23 16:58:19 | INFO     | Epoch [   930/50000] | Total Loss: 4.7819e-01 | LR: 1.00e-03 | mass: 1.28e+01 | momentum: 6.65e+00 | wall: 2.71e-02 | inlet: 4.12e-04 | outlet: 1.03e-03 | integral_mass: 4.36e+00
2026-09-23 16:58:24 | INFO     | Epoch [   940/50000] | Total Loss: 6.1660e-01 | LR: 1.00e-03 | mass: 1.24e+01 | momentum: 6.46e+00 | wall: 2.50e-02 | inlet: 7.31e-04 | outlet: 1.01e-03 | integral_mass: 4.20e+00
2026-09-23 16:58:30 | INFO     | Epoch [   950/50000] | Total Loss: 4.9301e-01 | LR: 1.00e-03 | mass: 1.27e+01 | momentum: 6.49e+00 | wall: 2.63e-02 | inlet: 4.57e-04 | outlet: 9.97e-04 | integral_mass: 4.37e+00
2026-09-23 16:58:36 | INFO     | Epoch [   960/50000] | Total Loss: 5.6031e-01 | LR: 1.00e-03 | mass: 1.23e+01 | momentum: 6.30e+00 | wall: 2.43e-02 | inlet: 6.32e-04 | outlet: 9.73e-04 | integral_mass: 4.21e+00
2026-09-23 16:58:41 | INFO     | Epoch [   970/50000] | Total Loss: 4.7638e-01 | LR: 1.00e-03 | mass: 1.26e+01 | momentum: 6.32e+00 | wall: 2.55e-02 | inlet: 4.40e-04 | outlet: 9.59e-04 | integral_mass: 4.37e+00
2026-09-23 16:58:47 | INFO     | Epoch [   980/50000] | Total Loss: 5.6215e-01 | LR: 1.00e-03 | mass: 1.22e+01 | momentum: 6.13e+00 | wall: 2.36e-02 | inlet: 6.51e-04 | outlet: 9.36e-04 | integral_mass: 4.21e+00
2026-09-23 16:58:52 | INFO     | Epoch [   990/50000] | Total Loss: 4.2651e-01 | LR: 1.00e-03 | mass: 1.25e+01 | momentum: 6.15e+00 | wall: 2.47e-02 | inlet: 3.58e-04 | outlet: 9.22e-04 | integral_mass: 4.36e+00
2026-09-23 16:58:58 | INFO     | Epoch [  1000/50000] | Total Loss: 5.7697e-01 | LR: 1.00e-03 | mass: 1.21e+01 | momentum: 5.96e+00 | wall: 2.28e-02 | inlet: 6.96e-04 | outlet: 8.99e-04 | integral_mass: 4.21e+00
2026-09-23 16:59:04 | INFO     | Epoch [  1010/50000] | Total Loss: 4.0452e-01 | LR: 1.00e-03 | mass: 1.24e+01 | momentum: 5.97e+00 | wall: 2.38e-02 | inlet: 3.32e-04 | outlet: 8.85e-04 | integral_mass: 4.34e+00
2026-09-23 16:59:09 | INFO     | Epoch [  1020/50000] | Total Loss: 2.6347e+00 | LR: 1.00e-03 | mass: 1.23e+01 | momentum: 5.91e+00 | wall: 2.32e-02 | inlet: 4.80e-03 | outlet: 8.74e-04 | integral_mass: 4.37e+00
2026-09-23 16:59:15 | INFO     | Epoch [  1030/50000] | Total Loss: 3.2351e+00 | LR: 1.00e-03 | mass: 1.23e+01 | momentum: 5.97e+00 | wall: 2.72e-02 | inlet: 5.92e-03 | outlet: 8.59e-04 | integral_mass: 4.53e+00
2026-09-23 16:59:21 | INFO     | Epoch [  1040/50000] | Total Loss: 2.0319e+00 | LR: 1.00e-03 | mass: 1.16e+01 | momentum: 5.59e+00 | wall: 2.23e-02 | inlet: 3.62e-03 | outlet: 8.28e-04 | integral_mass: 4.05e+00
2026-09-23 16:59:26 | INFO     | Epoch [  1050/50000] | Total Loss: 1.3781e+00 | LR: 1.00e-03 | mass: 1.13e+01 | momentum: 5.56e+00 | wall: 2.56e-02 | inlet: 2.24e-03 | outlet: 8.18e-04 | integral_mass: 4.08e+00
2026-09-23 16:59:32 | INFO     | Epoch [  1060/50000] | Total Loss: 5.7439e-01 | LR: 1.00e-03 | mass: 1.18e+01 | momentum: 5.59e+00 | wall: 2.54e-02 | inlet: 6.39e-04 | outlet: 8.16e-04 | integral_mass: 4.26e+00
2026-09-23 16:59:38 | INFO     | Epoch [  1070/50000] | Total Loss: 7.0091e-01 | LR: 1.00e-03 | mass: 1.21e+01 | momentum: 5.59e+00 | wall: 2.40e-02 | inlet: 9.19e-04 | outlet: 8.11e-04 | integral_mass: 4.28e+00
2026-09-23 16:59:43 | INFO     | Epoch [  1080/50000] | Total Loss: 3.2005e-01 | LR: 1.00e-03 | mass: 1.18e+01 | momentum: 5.48e+00 | wall: 2.31e-02 | inlet: 1.76e-04 | outlet: 7.91e-04 | integral_mass: 4.23e+00
2026-09-23 16:59:49 | INFO     | Epoch [  1090/50000] | Total Loss: 9.9439e-01 | LR: 1.00e-03 | mass: 1.16e+01 | momentum: 5.39e+00 | wall: 2.40e-02 | inlet: 1.51e-03 | outlet: 7.74e-04 | integral_mass: 4.19e+00
2026-09-23 16:59:55 | INFO     | Epoch [  1100/50000] | Total Loss: 5.0983e-01 | LR: 1.00e-03 | mass: 1.19e+01 | momentum: 5.37e+00 | wall: 2.35e-02 | inlet: 5.48e-04 | outlet: 7.69e-04 | integral_mass: 4.24e+00
2026-09-23 17:00:00 | INFO     | Epoch [  1110/50000] | Total Loss: 6.7558e-01 | LR: 1.00e-03 | mass: 1.20e+01 | momentum: 5.38e+00 | wall: 2.43e-02 | inlet: 8.65e-04 | outlet: 7.61e-04 | integral_mass: 4.30e+00
2026-09-23 17:00:06 | INFO     | Epoch [  1120/50000] | Total Loss: 6.3636e-01 | LR: 1.00e-03 | mass: 1.17e+01 | momentum: 5.22e+00 | wall: 2.22e-02 | inlet: 8.28e-04 | outlet: 7.43e-04 | integral_mass: 4.15e+00
2026-09-23 17:00:12 | INFO     | Epoch [  1130/50000] | Total Loss: 5.9284e-01 | LR: 1.00e-03 | mass: 1.21e+01 | momentum: 5.30e+00 | wall: 2.34e-02 | inlet: 7.16e-04 | outlet: 7.42e-04 | integral_mass: 4.37e+00
2026-09-23 17:00:17 | INFO     | Epoch [  1140/50000] | Total Loss: 5.8393e-01 | LR: 1.00e-03 | mass: 1.18e+01 | momentum: 5.13e+00 | wall: 2.13e-02 | inlet: 7.40e-04 | outlet: 7.25e-04 | integral_mass: 4.17e+00
2026-09-23 17:00:23 | INFO     | Epoch [  1150/50000] | Total Loss: 4.6175e-01 | LR: 1.00e-03 | mass: 1.21e+01 | momentum: 5.20e+00 | wall: 2.25e-02 | inlet: 4.73e-04 | outlet: 7.24e-04 | integral_mass: 4.38e+00
2026-09-23 17:00:29 | INFO     | Epoch [  1160/50000] | Total Loss: 5.4018e-01 | LR: 1.00e-03 | mass: 1.17e+01 | momentum: 5.02e+00 | wall: 2.06e-02 | inlet: 6.66e-04 | outlet: 7.08e-04 | integral_mass: 4.17e+00
2026-09-23 17:00:34 | INFO     | Epoch [  1170/50000] | Total Loss: 4.1076e-01 | LR: 1.00e-03 | mass: 1.20e+01 | momentum: 5.08e+00 | wall: 2.17e-02 | inlet: 3.86e-04 | outlet: 7.05e-04 | integral_mass: 4.37e+00
2026-09-23 17:00:40 | INFO     | Epoch [  1180/50000] | Total Loss: 5.4989e-01 | LR: 1.00e-03 | mass: 1.17e+01 | momentum: 4.91e+00 | wall: 2.00e-02 | inlet: 6.98e-04 | outlet: 6.88e-04 | integral_mass: 4.17e+00
2026-09-23 17:00:45 | INFO     | Epoch [  1190/50000] | Total Loss: 4.1869e-01 | LR: 1.00e-03 | mass: 1.20e+01 | momentum: 4.97e+00 | wall: 2.11e-02 | inlet: 4.14e-04 | outlet: 6.84e-04 | integral_mass: 4.38e+00
2026-09-23 17:00:51 | INFO     | Epoch [  1200/50000] | Total Loss: 4.5497e-01 | LR: 1.00e-03 | mass: 1.16e+01 | momentum: 4.80e+00 | wall: 1.95e-02 | inlet: 5.18e-04 | outlet: 6.68e-04 | integral_mass: 4.19e+00
2026-09-23 17:00:57 | INFO     | Epoch [  1210/50000] | Total Loss: 4.4405e-01 | LR: 1.00e-03 | mass: 1.19e+01 | momentum: 4.86e+00 | wall: 2.06e-02 | inlet: 4.75e-04 | outlet: 6.65e-04 | integral_mass: 4.39e+00
2026-09-23 17:01:02 | INFO     | Epoch [  1220/50000] | Total Loss: 4.4894e-01 | LR: 1.00e-03 | mass: 1.15e+01 | momentum: 4.69e+00 | wall: 1.90e-02 | inlet: 5.17e-04 | outlet: 6.49e-04 | integral_mass: 4.19e+00
2026-09-23 17:01:08 | INFO     | Epoch [  1230/50000] | Total Loss: 4.3690e-01 | LR: 1.00e-03 | mass: 1.18e+01 | momentum: 4.75e+00 | wall: 2.01e-02 | inlet: 4.71e-04 | outlet: 6.45e-04 | integral_mass: 4.39e+00
2026-09-23 17:01:14 | INFO     | Epoch [  1240/50000] | Total Loss: 4.3900e-01 | LR: 1.00e-03 | mass: 1.14e+01 | momentum: 4.58e+00 | wall: 1.85e-02 | inlet: 5.06e-04 | outlet: 6.31e-04 | integral_mass: 4.19e+00
2026-09-23 17:01:19 | INFO     | Epoch [  1250/50000] | Total Loss: 4.3606e-01 | LR: 1.00e-03 | mass: 1.17e+01 | momentum: 4.64e+00 | wall: 1.96e-02 | inlet: 4.79e-04 | outlet: 6.27e-04 | integral_mass: 4.39e+00
2026-09-23 17:01:25 | INFO     | Epoch [  1260/50000] | Total Loss: 4.4511e-01 | LR: 1.00e-03 | mass: 1.14e+01 | momentum: 4.48e+00 | wall: 1.81e-02 | inlet: 5.26e-04 | outlet: 6.13e-04 | integral_mass: 4.20e+00
2026-09-23 17:01:31 | INFO     | Epoch [  1270/50000] | Total Loss: 4.3492e-01 | LR: 1.00e-03 | mass: 1.16e+01 | momentum: 4.53e+00 | wall: 1.92e-02 | inlet: 4.85e-04 | outlet: 6.09e-04 | integral_mass: 4.37e+00
2026-09-23 17:01:36 | INFO     | Epoch [  1280/50000] | Total Loss: 4.4343e-01 | LR: 1.00e-03 | mass: 1.13e+01 | momentum: 4.38e+00 | wall: 1.78e-02 | inlet: 5.29e-04 | outlet: 5.96e-04 | integral_mass: 4.21e+00
2026-09-23 17:01:42 | INFO     | Epoch [  1290/50000] | Total Loss: 4.1628e-01 | LR: 1.00e-03 | mass: 1.15e+01 | momentum: 4.43e+00 | wall: 1.88e-02 | inlet: 4.55e-04 | outlet: 5.92e-04 | integral_mass: 4.36e+00
2026-09-23 17:01:47 | INFO     | Epoch [  1300/50000] | Total Loss: 4.4330e-01 | LR: 1.00e-03 | mass: 1.12e+01 | momentum: 4.28e+00 | wall: 1.75e-02 | inlet: 5.35e-04 | outlet: 5.79e-04 | integral_mass: 4.21e+00
2026-09-23 17:01:53 | INFO     | Epoch [  1310/50000] | Total Loss: 3.9492e-01 | LR: 1.00e-03 | mass: 1.14e+01 | momentum: 4.32e+00 | wall: 1.85e-02 | inlet: 4.19e-04 | outlet: 5.75e-04 | integral_mass: 4.35e+00
2026-09-23 17:01:59 | INFO     | Epoch [  1320/50000] | Total Loss: 4.3017e-01 | LR: 1.00e-03 | mass: 1.11e+01 | momentum: 4.18e+00 | wall: 1.72e-02 | inlet: 5.16e-04 | outlet: 5.63e-04 | integral_mass: 4.22e+00
2026-09-23 17:02:05 | INFO     | Epoch [  1330/50000] | Total Loss: 3.8025e-01 | LR: 1.00e-03 | mass: 1.13e+01 | momentum: 4.21e+00 | wall: 1.80e-02 | inlet: 3.99e-04 | outlet: 5.58e-04 | integral_mass: 4.34e+00
2026-09-23 17:02:10 | INFO     | Epoch [  1340/50000] | Total Loss: 4.2734e-01 | LR: 1.00e-03 | mass: 1.11e+01 | momentum: 4.07e+00 | wall: 1.68e-02 | inlet: 5.18e-04 | outlet: 5.46e-04 | integral_mass: 4.22e+00
2026-09-23 17:02:16 | INFO     | Epoch [  1350/50000] | Total Loss: 3.5278e-01 | LR: 1.00e-03 | mass: 1.12e+01 | momentum: 4.10e+00 | wall: 1.75e-02 | inlet: 3.54e-04 | outlet: 5.41e-04 | integral_mass: 4.33e+00
2026-09-23 17:02:22 | INFO     | Epoch [  1360/50000] | Total Loss: 4.2704e-01 | LR: 1.00e-03 | mass: 1.10e+01 | momentum: 3.97e+00 | wall: 1.63e-02 | inlet: 5.26e-04 | outlet: 5.30e-04 | integral_mass: 4.22e+00
2026-09-23 17:02:27 | INFO     | Epoch [  1370/50000] | Total Loss: 3.3179e-01 | LR: 1.00e-03 | mass: 1.11e+01 | momentum: 3.99e+00 | wall: 1.71e-02 | inlet: 3.21e-04 | outlet: 5.24e-04 | integral_mass: 4.32e+00
2026-09-23 17:02:33 | INFO     | Epoch [  1380/50000] | Total Loss: 4.1821e-01 | LR: 1.00e-03 | mass: 1.09e+01 | momentum: 3.86e+00 | wall: 1.59e-02 | inlet: 5.17e-04 | outlet: 5.13e-04 | integral_mass: 4.22e+00
2026-09-23 17:02:38 | INFO     | Epoch [  1390/50000] | Total Loss: 3.1889e-01 | LR: 1.00e-03 | mass: 1.11e+01 | momentum: 3.88e+00 | wall: 1.66e-02 | inlet: 3.05e-04 | outlet: 5.08e-04 | integral_mass: 4.32e+00
2026-09-23 17:02:44 | INFO     | Epoch [  1400/50000] | Total Loss: 4.0763e-01 | LR: 1.00e-03 | mass: 1.09e+01 | momentum: 3.76e+00 | wall: 1.55e-02 | inlet: 5.04e-04 | outlet: 4.97e-04 | integral_mass: 4.22e+00
2026-09-23 17:02:50 | INFO     | Epoch [  1410/50000] | Total Loss: 3.0393e-01 | LR: 1.00e-03 | mass: 1.10e+01 | momentum: 3.77e+00 | wall: 1.61e-02 | inlet: 2.85e-04 | outlet: 4.92e-04 | integral_mass: 4.32e+00
2026-09-23 17:02:55 | INFO     | Epoch [  1420/50000] | Total Loss: 3.9784e-01 | LR: 1.00e-03 | mass: 1.08e+01 | momentum: 3.66e+00 | wall: 1.51e-02 | inlet: 4.93e-04 | outlet: 4.81e-04 | integral_mass: 4.22e+00
2026-09-23 17:03:01 | INFO     | Epoch [  1430/50000] | Total Loss: 2.8161e-01 | LR: 1.00e-03 | mass: 1.10e+01 | momentum: 3.67e+00 | wall: 1.56e-02 | inlet: 2.50e-04 | outlet: 4.76e-04 | integral_mass: 4.31e+00
2026-09-23 17:03:07 | INFO     | Epoch [  1440/50000] | Total Loss: 2.4613e-01 | LR: 1.00e-03 | mass: 1.08e+01 | momentum: 3.57e+00 | wall: 1.48e-02 | inlet: 1.95e-04 | outlet: 4.66e-04 | integral_mass: 4.26e+00
2026-09-23 17:03:12 | INFO     | Epoch [  1450/50000] | Total Loss: 5.1173e-01 | LR: 1.00e-03 | mass: 1.07e+01 | momentum: 3.51e+00 | wall: 1.47e-02 | inlet: 7.29e-04 | outlet: 4.59e-04 | integral_mass: 4.22e+00
2026-09-23 17:03:18 | INFO     | Epoch [  1460/50000] | Total Loss: 3.0390e-01 | LR: 1.00e-03 | mass: 1.09e+01 | momentum: 3.51e+00 | wall: 1.48e-02 | inlet: 3.11e-04 | outlet: 4.55e-04 | integral_mass: 4.30e+00
2026-09-23 17:03:24 | INFO     | Epoch [  1470/50000] | Total Loss: 3.6410e-01 | LR: 1.00e-03 | mass: 1.07e+01 | momentum: 3.43e+00 | wall: 1.41e-02 | inlet: 4.44e-04 | outlet: 4.49e-04 | integral_mass: 4.21e+00
2026-09-23 17:03:29 | INFO     | Epoch [  1480/50000] | Total Loss: 7.7889e-01 | LR: 1.00e-03 | mass: 1.10e+01 | momentum: 3.48e+00 | wall: 1.52e-02 | inlet: 1.25e-03 | outlet: 4.46e-04 | integral_mass: 4.41e+00
2026-09-23 17:03:35 | INFO     | Epoch [  1490/50000] | Total Loss: 6.5664e-01 | LR: 1.00e-03 | mass: 1.05e+01 | momentum: 3.30e+00 | wall: 1.39e-02 | inlet: 1.04e-03 | outlet: 4.54e-04 | integral_mass: 4.17e+00
2026-09-23 17:03:41 | INFO     | Epoch [  1500/50000] | Total Loss: 6.1793e-01 | LR: 1.00e-03 | mass: 1.09e+01 | momentum: 3.42e+00 | wall: 1.51e-02 | inlet: 9.33e-04 | outlet: 4.36e-04 | integral_mass: 4.41e+00
2026-09-23 17:03:46 | INFO     | Epoch [  1510/50000] | Total Loss: 5.0848e-01 | LR: 1.00e-03 | mass: 1.06e+01 | momentum: 3.27e+00 | wall: 1.39e-02 | inlet: 7.38e-04 | outlet: 4.25e-04 | integral_mass: 4.17e+00
2026-09-23 17:03:52 | INFO     | Epoch [  1520/50000] | Total Loss: 4.4478e-01 | LR: 1.00e-03 | mass: 1.10e+01 | momentum: 3.37e+00 | wall: 1.48e-02 | inlet: 5.92e-04 | outlet: 4.31e-04 | integral_mass: 4.38e+00
2026-09-23 17:03:58 | INFO     | Epoch [  1530/50000] | Total Loss: 4.2402e-01 | LR: 1.00e-03 | mass: 1.07e+01 | momentum: 3.25e+00 | wall: 1.39e-02 | inlet: 5.69e-04 | outlet: 4.20e-04 | integral_mass: 4.20e+00
2026-09-23 17:04:03 | INFO     | Epoch [  1540/50000] | Total Loss: 4.1851e-01 | LR: 1.00e-03 | mass: 1.10e+01 | momentum: 3.32e+00 | wall: 1.45e-02 | inlet: 5.46e-04 | outlet: 4.26e-04 | integral_mass: 4.37e+00
2026-09-23 17:04:09 | INFO     | Epoch [  1550/50000] | Total Loss: 4.3650e-01 | LR: 1.00e-03 | mass: 1.07e+01 | momentum: 3.21e+00 | wall: 1.38e-02 | inlet: 5.96e-04 | outlet: 4.15e-04 | integral_mass: 4.21e+00
2026-09-23 17:04:14 | INFO     | Epoch [  1560/50000] | Total Loss: 3.4822e-01 | LR: 1.00e-03 | mass: 1.10e+01 | momentum: 3.27e+00 | wall: 1.44e-02 | inlet: 4.07e-04 | outlet: 4.20e-04 | integral_mass: 4.36e+00
2026-09-23 17:04:20 | INFO     | Epoch [  1570/50000] | Total Loss: 4.8977e-01 | LR: 1.00e-03 | mass: 1.07e+01 | momentum: 3.17e+00 | wall: 1.36e-02 | inlet: 7.07e-04 | outlet: 4.10e-04 | integral_mass: 4.20e+00
2026-09-23 17:04:26 | INFO     | Epoch [  1580/50000] | Total Loss: 2.8308e-01 | LR: 1.00e-03 | mass: 1.10e+01 | momentum: 3.22e+00 | wall: 1.42e-02 | inlet: 2.82e-04 | outlet: 4.14e-04 | integral_mass: 4.35e+00
2026-09-23 17:04:31 | INFO     | Epoch [  1590/50000] | Total Loss: 5.1180e-01 | LR: 1.00e-03 | mass: 1.07e+01 | momentum: 3.12e+00 | wall: 1.34e-02 | inlet: 7.55e-04 | outlet: 4.05e-04 | integral_mass: 4.20e+00
2026-09-23 17:04:37 | INFO     | Epoch [  1600/50000] | Total Loss: 2.5062e-01 | LR: 1.00e-03 | mass: 1.10e+01 | momentum: 3.16e+00 | wall: 1.38e-02 | inlet: 2.24e-04 | outlet: 4.08e-04 | integral_mass: 4.34e+00
2026-09-23 17:04:43 | INFO     | Epoch [  1610/50000] | Total Loss: 4.4597e-01 | LR: 1.00e-03 | mass: 1.07e+01 | momentum: 3.07e+00 | wall: 1.31e-02 | inlet: 6.29e-04 | outlet: 3.99e-04 | integral_mass: 4.21e+00
2026-09-23 17:04:48 | INFO     | Epoch [  1620/50000] | Total Loss: 4.3039e-01 | LR: 1.00e-03 | mass: 1.10e+01 | momentum: 3.12e+00 | wall: 1.37e-02 | inlet: 5.86e-04 | outlet: 4.03e-04 | integral_mass: 4.37e+00
2026-09-23 17:04:54 | INFO     | Epoch [  1630/50000] | Total Loss: 2.2041e+00 | LR: 1.00e-03 | mass: 1.07e+01 | momentum: 2.97e+00 | wall: 1.26e-02 | inlet: 4.16e-03 | outlet: 3.97e-04 | integral_mass: 4.09e+00
2026-09-23 17:05:00 | INFO     | Epoch [  1640/50000] | Total Loss: 1.1591e+00 | LR: 1.00e-03 | mass: 1.08e+01 | momentum: 3.11e+00 | wall: 1.59e-02 | inlet: 2.00e-03 | outlet: 3.90e-04 | integral_mass: 4.39e+00
2026-09-23 17:05:05 | INFO     | Epoch [  1650/50000] | Total Loss: 5.9133e-01 | LR: 1.00e-03 | mass: 1.07e+01 | momentum: 2.98e+00 | wall: 1.39e-02 | inlet: 9.04e-04 | outlet: 3.91e-04 | integral_mass: 4.18e+00
2026-09-23 17:05:11 | INFO     | Epoch [  1660/50000] | Total Loss: 3.2593e-01 | LR: 1.00e-03 | mass: 1.09e+01 | momentum: 3.06e+00 | wall: 1.44e-02 | inlet: 3.62e-04 | outlet: 3.91e-04 | integral_mass: 4.33e+00
2026-09-23 17:05:17 | INFO     | Epoch [  1670/50000] | Total Loss: 3.8296e-01 | LR: 1.00e-03 | mass: 1.08e+01 | momentum: 2.96e+00 | wall: 1.31e-02 | inlet: 5.02e-04 | outlet: 3.89e-04 | integral_mass: 4.19e+00
2026-09-23 17:05:22 | INFO     | Epoch [  1680/50000] | Total Loss: 3.7329e-01 | LR: 1.00e-03 | mass: 1.12e+01 | momentum: 3.05e+00 | wall: 1.39e-02 | inlet: 4.68e-04 | outlet: 3.91e-04 | integral_mass: 4.36e+00
2026-09-23 17:05:28 | INFO     | Epoch [  1690/50000] | Total Loss: 4.3896e-01 | LR: 1.00e-03 | mass: 1.09e+01 | momentum: 2.92e+00 | wall: 1.27e-02 | inlet: 6.23e-04 | outlet: 3.86e-04 | integral_mass: 4.18e+00
2026-09-23 17:05:34 | INFO     | Epoch [  1700/50000] | Total Loss: 3.7028e-01 | LR: 1.00e-03 | mass: 1.12e+01 | momentum: 3.01e+00 | wall: 1.36e-02 | inlet: 4.68e-04 | outlet: 3.86e-04 | integral_mass: 4.37e+00
2026-09-23 17:05:39 | INFO     | Epoch [  1710/50000] | Total Loss: 4.3002e-01 | LR: 1.00e-03 | mass: 1.09e+01 | momentum: 2.88e+00 | wall: 1.24e-02 | inlet: 6.11e-04 | outlet: 3.79e-04 | integral_mass: 4.17e+00
2026-09-23 17:05:45 | INFO     | Epoch [  1720/50000] | Total Loss: 3.1916e-01 | LR: 1.00e-03 | mass: 1.12e+01 | momentum: 2.96e+00 | wall: 1.32e-02 | inlet: 3.73e-04 | outlet: 3.81e-04 | integral_mass: 4.37e+00
2026-09-23 17:05:50 | INFO     | Epoch [  1730/50000] | Total Loss: 3.7387e-01 | LR: 1.00e-03 | mass: 1.08e+01 | momentum: 2.83e+00 | wall: 1.22e-02 | inlet: 5.04e-04 | outlet: 3.73e-04 | integral_mass: 4.17e+00
2026-09-23 17:05:56 | INFO     | Epoch [  1740/50000] | Total Loss: 3.4450e-01 | LR: 1.00e-03 | mass: 1.11e+01 | momentum: 2.92e+00 | wall: 1.29e-02 | inlet: 4.30e-04 | outlet: 3.75e-04 | integral_mass: 4.38e+00
2026-09-23 17:06:02 | INFO     | Epoch [  1750/50000] | Total Loss: 3.5322e-01 | LR: 1.00e-03 | mass: 1.08e+01 | momentum: 2.79e+00 | wall: 1.19e-02 | inlet: 4.67e-04 | outlet: 3.67e-04 | integral_mass: 4.18e+00
2026-09-23 17:06:07 | INFO     | Epoch [  1760/50000] | Total Loss: 3.4205e-01 | LR: 1.00e-03 | mass: 1.11e+01 | momentum: 2.87e+00 | wall: 1.27e-02 | inlet: 4.30e-04 | outlet: 3.68e-04 | integral_mass: 4.37e+00
2026-09-23 17:06:13 | INFO     | Epoch [  1770/50000] | Total Loss: 3.7537e-01 | LR: 1.00e-03 | mass: 1.08e+01 | momentum: 2.75e+00 | wall: 1.18e-02 | inlet: 5.15e-04 | outlet: 3.62e-04 | integral_mass: 4.19e+00
2026-09-23 17:06:19 | INFO     | Epoch [  1780/50000] | Total Loss: 3.5682e-01 | LR: 1.00e-03 | mass: 1.11e+01 | momentum: 2.81e+00 | wall: 1.24e-02 | inlet: 4.64e-04 | outlet: 3.64e-04 | integral_mass: 4.34e+00
2026-09-23 17:06:24 | INFO     | Epoch [  1790/50000] | Total Loss: 4.2142e-01 | LR: 1.00e-03 | mass: 1.08e+01 | momentum: 2.72e+00 | wall: 1.16e-02 | inlet: 6.10e-04 | outlet: 3.59e-04 | integral_mass: 4.19e+00
2026-09-23 17:06:30 | INFO     | Epoch [  1800/50000] | Total Loss: 2.9687e-01 | LR: 1.00e-03 | mass: 1.11e+01 | momentum: 2.77e+00 | wall: 1.22e-02 | inlet: 3.49e-04 | outlet: 3.58e-04 | integral_mass: 4.33e+00
2026-09-23 17:06:36 | INFO     | Epoch [  1810/50000] | Total Loss: 4.3185e-01 | LR: 1.00e-03 | mass: 1.08e+01 | momentum: 2.68e+00 | wall: 1.14e-02 | inlet: 6.34e-04 | outlet: 3.54e-04 | integral_mass: 4.20e+00
2026-09-23 17:06:41 | INFO     | Epoch [  1820/50000] | Total Loss: 2.7262e-01 | LR: 1.00e-03 | mass: 1.11e+01 | momentum: 2.74e+00 | wall: 1.20e-02 | inlet: 3.05e-04 | outlet: 3.54e-04 | integral_mass: 4.32e+00
2026-09-23 17:06:47 | INFO     | Epoch [  1830/50000] | Total Loss: 4.3820e-01 | LR: 1.00e-03 | mass: 1.08e+01 | momentum: 2.64e+00 | wall: 1.12e-02 | inlet: 6.51e-04 | outlet: 3.51e-04 | integral_mass: 4.20e+00
2026-09-23 17:06:53 | INFO     | Epoch [  1840/50000] | Total Loss: 2.6122e-01 | LR: 1.00e-03 | mass: 1.10e+01 | momentum: 2.70e+00 | wall: 1.17e-02 | inlet: 2.87e-04 | outlet: 3.51e-04 | integral_mass: 4.31e+00
2026-09-23 17:06:58 | INFO     | Epoch [  1850/50000] | Total Loss: 3.9369e-01 | LR: 1.00e-03 | mass: 1.08e+01 | momentum: 2.61e+00 | wall: 1.10e-02 | inlet: 5.66e-04 | outlet: 3.45e-04 | integral_mass: 4.21e+00
2026-09-23 17:07:04 | INFO     | Epoch [  1860/50000] | Total Loss: 3.0868e-01 | LR: 1.00e-03 | mass: 1.10e+01 | momentum: 2.66e+00 | wall: 1.16e-02 | inlet: 3.86e-04 | outlet: 3.44e-04 | integral_mass: 4.31e+00
2026-09-23 17:07:10 | INFO     | Epoch [  1870/50000] | Total Loss: 3.2006e-01 | LR: 1.00e-03 | mass: 1.09e+01 | momentum: 2.59e+00 | wall: 1.09e-02 | inlet: 4.22e-04 | outlet: 3.41e-04 | integral_mass: 4.22e+00
2026-09-23 17:07:15 | INFO     | Epoch [  1880/50000] | Total Loss: 3.1693e-01 | LR: 1.00e-03 | mass: 1.10e+01 | momentum: 2.61e+00 | wall: 1.14e-02 | inlet: 4.05e-04 | outlet: 3.41e-04 | integral_mass: 4.29e+00
2026-09-23 17:07:21 | INFO     | Epoch [  1890/50000] | Total Loss: 3.4096e-01 | LR: 1.00e-03 | mass: 1.09e+01 | momentum: 2.56e+00 | wall: 1.07e-02 | inlet: 4.66e-04 | outlet: 3.38e-04 | integral_mass: 4.23e+00
2026-09-23 17:07:27 | INFO     | Epoch [  1900/50000] | Total Loss: 3.1217e-01 | LR: 1.00e-03 | mass: 1.09e+01 | momentum: 2.57e+00 | wall: 1.13e-02 | inlet: 3.98e-04 | outlet: 3.34e-04 | integral_mass: 4.28e+00
2026-09-23 17:07:32 | INFO     | Epoch [  1910/50000] | Total Loss: 3.1908e-01 | LR: 1.00e-03 | mass: 1.09e+01 | momentum: 2.53e+00 | wall: 1.06e-02 | inlet: 4.25e-04 | outlet: 3.33e-04 | integral_mass: 4.23e+00
2026-09-23 17:07:38 | INFO     | Epoch [  1920/50000] | Total Loss: 2.5093e-01 | LR: 1.00e-03 | mass: 1.09e+01 | momentum: 2.54e+00 | wall: 1.11e-02 | inlet: 2.79e-04 | outlet: 3.35e-04 | integral_mass: 4.29e+00
2026-09-23 17:07:44 | INFO     | Epoch [  1930/50000] | Total Loss: 9.2026e-01 | LR: 1.00e-03 | mass: 1.10e+01 | momentum: 2.56e+00 | wall: 1.16e-02 | inlet: 1.61e-03 | outlet: 3.40e-04 | integral_mass: 4.35e+00
2026-09-23 17:07:49 | INFO     | Epoch [  1940/50000] | Total Loss: 1.0367e+00 | LR: 1.00e-03 | mass: 1.11e+01 | momentum: 2.45e+00 | wall: 1.11e-02 | inlet: 1.85e-03 | outlet: 4.10e-04 | integral_mass: 4.19e+00
2026-09-23 17:07:55 | INFO     | Epoch [  1950/50000] | Total Loss: 6.2062e-01 | LR: 1.00e-03 | mass: 1.09e+01 | momentum: 2.49e+00 | wall: 1.17e-02 | inlet: 1.01e-03 | outlet: 5.19e-04 | integral_mass: 4.29e+00
2026-09-23 17:08:00 | INFO     | Epoch [  1960/50000] | Total Loss: 3.8141e-01 | LR: 1.00e-03 | mass: 1.10e+01 | momentum: 2.47e+00 | wall: 1.11e-02 | inlet: 5.41e-04 | outlet: 4.46e-04 | integral_mass: 4.19e+00
2026-09-23 17:08:06 | INFO     | Epoch [  1970/50000] | Total Loss: 3.7183e-01 | LR: 1.00e-03 | mass: 1.12e+01 | momentum: 2.46e+00 | wall: 1.12e-02 | inlet: 5.20e-04 | outlet: 4.90e-04 | integral_mass: 4.29e+00
2026-09-23 17:08:12 | INFO     | Epoch [  1980/50000] | Total Loss: 4.1055e-01 | LR: 1.00e-03 | mass: 1.11e+01 | momentum: 2.49e+00 | wall: 1.13e-02 | inlet: 5.94e-04 | outlet: 4.87e-04 | integral_mass: 4.18e+00
2026-09-23 17:08:17 | INFO     | Epoch [  1990/50000] | Total Loss: 3.8901e-01 | LR: 1.00e-03 | mass: 1.12e+01 | momentum: 2.46e+00 | wall: 1.08e-02 | inlet: 5.61e-04 | outlet: 3.26e-04 | integral_mass: 4.29e+00
2026-09-23 17:08:23 | INFO     | Epoch [  2000/50000] | Total Loss: 3.5461e-01 | LR: 1.00e-03 | mass: 1.11e+01 | momentum: 2.45e+00 | wall: 1.08e-02 | inlet: 4.93e-04 | outlet: 3.18e-04 | integral_mass: 4.24e+00
2026-09-23 17:08:29 | INFO     | Epoch [  2010/50000] | Total Loss: 3.1575e-01 | LR: 1.00e-03 | mass: 1.12e+01 | momentum: 2.43e+00 | wall: 1.05e-02 | inlet: 4.22e-04 | outlet: 3.23e-04 | integral_mass: 4.25e+00
2026-09-23 17:08:34 | INFO     | Epoch [  2020/50000] | Total Loss: 3.0039e-01 | LR: 1.00e-03 | mass: 1.12e+01 | momentum: 2.43e+00 | wall: 1.06e-02 | inlet: 3.89e-04 | outlet: 3.19e-04 | integral_mass: 4.25e+00
2026-09-23 17:08:40 | INFO     | Epoch [  2030/50000] | Total Loss: 2.9362e-01 | LR: 1.00e-03 | mass: 1.13e+01 | momentum: 2.42e+00 | wall: 1.03e-02 | inlet: 3.82e-04 | outlet: 3.17e-04 | integral_mass: 4.24e+00
2026-09-23 17:08:46 | INFO     | Epoch [  2040/50000] | Total Loss: 2.7758e-01 | LR: 1.00e-03 | mass: 1.13e+01 | momentum: 2.43e+00 | wall: 1.04e-02 | inlet: 3.47e-04 | outlet: 3.16e-04 | integral_mass: 4.24e+00
2026-09-23 17:08:51 | INFO     | Epoch [  2050/50000] | Total Loss: 2.7876e-01 | LR: 1.00e-03 | mass: 1.13e+01 | momentum: 2.42e+00 | wall: 9.99e-03 | inlet: 3.57e-04 | outlet: 3.17e-04 | integral_mass: 4.23e+00
2026-09-23 17:08:57 | INFO     | Epoch [  2060/50000] | Total Loss: 3.6527e-01 | LR: 1.00e-03 | mass: 1.15e+01 | momentum: 2.44e+00 | wall: 1.05e-02 | inlet: 5.19e-04 | outlet: 3.32e-04 | integral_mass: 4.31e+00
2026-09-23 17:09:03 | INFO     | Epoch [  2070/50000] | Total Loss: 3.3109e-01 | LR: 1.00e-03 | mass: 1.13e+01 | momentum: 2.40e+00 | wall: 1.01e-02 | inlet: 4.59e-04 | outlet: 3.27e-04 | integral_mass: 4.22e+00
2026-09-23 17:09:08 | INFO     | Epoch [  2080/50000] | Total Loss: 2.2622e-01 | LR: 1.00e-03 | mass: 1.13e+01 | momentum: 2.38e+00 | wall: 9.47e-03 | inlet: 2.62e-04 | outlet: 3.11e-04 | integral_mass: 4.27e+00
2026-09-23 17:09:14 | INFO     | Epoch [  2090/50000] | Total Loss: 2.4368e-01 | LR: 1.00e-03 | mass: 1.13e+01 | momentum: 2.40e+00 | wall: 9.46e-03 | inlet: 2.97e-04 | outlet: 4.13e-04 | integral_mass: 4.26e+00
2026-09-23 17:09:20 | INFO     | Epoch [  2100/50000] | Total Loss: 1.9039e-01 | LR: 1.00e-03 | mass: 1.12e+01 | momentum: 2.36e+00 | wall: 9.23e-03 | inlet: 1.95e-04 | outlet: 3.38e-04 | integral_mass: 4.30e+00
2026-09-23 17:09:25 | INFO     | Epoch [  2110/50000] | Total Loss: 2.8932e-01 | LR: 1.00e-03 | mass: 1.12e+01 | momentum: 2.34e+00 | wall: 9.13e-03 | inlet: 3.96e-04 | outlet: 3.09e-04 | integral_mass: 4.28e+00
2026-09-23 17:09:31 | INFO     | Epoch [  2120/50000] | Total Loss: 5.8143e-01 | LR: 1.00e-03 | mass: 1.11e+01 | momentum: 2.31e+00 | wall: 9.13e-03 | inlet: 9.79e-04 | outlet: 4.72e-04 | integral_mass: 4.21e+00
2026-09-23 17:09:37 | INFO     | Epoch [  2130/50000] | Total Loss: 3.8604e-01 | LR: 1.00e-03 | mass: 1.11e+01 | momentum: 2.32e+00 | wall: 9.12e-03 | inlet: 5.89e-04 | outlet: 3.02e-04 | integral_mass: 4.32e+00
2026-09-23 17:09:42 | INFO     | Epoch [  2140/50000] | Total Loss: 2.2933e-01 | LR: 1.00e-03 | mass: 1.11e+01 | momentum: 2.30e+00 | wall: 8.85e-03 | inlet: 2.81e-04 | outlet: 3.01e-04 | integral_mass: 4.29e+00
2026-09-23 17:09:48 | INFO     | Epoch [  2150/50000] | Total Loss: 4.2998e-01 | LR: 1.00e-03 | mass: 1.09e+01 | momentum: 2.27e+00 | wall: 8.76e-03 | inlet: 6.84e-04 | outlet: 3.02e-04 | integral_mass: 4.22e+00
2026-09-23 17:09:53 | INFO     | Epoch [  2160/50000] | Total Loss: 1.8881e-01 | LR: 1.00e-03 | mass: 1.10e+01 | momentum: 2.27e+00 | wall: 8.59e-03 | inlet: 2.05e-04 | outlet: 2.99e-04 | integral_mass: 4.25e+00
2026-09-23 17:09:59 | INFO     | Epoch [  2170/50000] | Total Loss: 1.9962e-01 | LR: 1.00e-03 | mass: 1.12e+01 | momentum: 2.31e+00 | wall: 8.58e-03 | inlet: 2.27e-04 | outlet: 3.00e-04 | integral_mass: 4.33e+00
2026-09-23 17:10:05 | INFO     | Epoch [  2180/50000] | Total Loss: 1.1717e-01 | LR: 1.00e-03 | mass: 1.10e+01 | momentum: 2.26e+00 | wall: 8.31e-03 | inlet: 6.76e-05 | outlet: 2.98e-04 | integral_mass: 4.27e+00
2026-09-23 17:10:10 | INFO     | Epoch [  2190/50000] | Total Loss: 3.1142e-01 | LR: 1.00e-03 | mass: 1.09e+01 | momentum: 2.25e+00 | wall: 8.39e-03 | inlet: 4.54e-04 | outlet: 2.97e-04 | integral_mass: 4.24e+00
2026-09-23 17:10:16 | INFO     | Epoch [  2200/50000] | Total Loss: 4.7042e-01 | LR: 1.00e-03 | mass: 1.10e+01 | momentum: 2.30e+00 | wall: 8.68e-03 | inlet: 7.67e-04 | outlet: 3.02e-04 | integral_mass: 4.31e+00
2026-09-23 17:10:22 | INFO     | Epoch [  2210/50000] | Total Loss: 3.8036e-01 | LR: 1.00e-03 | mass: 1.08e+01 | momentum: 2.22e+00 | wall: 8.47e-03 | inlet: 5.91e-04 | outlet: 3.35e-04 | integral_mass: 4.19e+00
2026-09-23 17:10:27 | INFO     | Epoch [  2220/50000] | Total Loss: 2.7847e-01 | LR: 1.00e-03 | mass: 1.12e+01 | momentum: 2.32e+00 | wall: 8.56e-03 | inlet: 3.85e-04 | outlet: 3.11e-04 | integral_mass: 4.37e+00
2026-09-23 17:10:33 | INFO     | Epoch [  2230/50000] | Total Loss: 2.4300e-01 | LR: 1.00e-03 | mass: 1.09e+01 | momentum: 2.22e+00 | wall: 8.09e-03 | inlet: 3.24e-04 | outlet: 3.05e-04 | integral_mass: 4.18e+00
2026-09-23 17:10:39 | INFO     | Epoch [  2240/50000] | Total Loss: 2.5959e-01 | LR: 1.00e-03 | mass: 1.13e+01 | momentum: 2.33e+00 | wall: 8.44e-03 | inlet: 3.50e-04 | outlet: 3.10e-04 | integral_mass: 4.37e+00
2026-09-23 17:10:44 | INFO     | Epoch [  2250/50000] | Total Loss: 3.3432e-01 | LR: 1.00e-03 | mass: 1.09e+01 | momentum: 2.20e+00 | wall: 7.93e-03 | inlet: 5.09e-04 | outlet: 3.06e-04 | integral_mass: 4.15e+00
2026-09-23 17:10:50 | INFO     | Epoch [  2260/50000] | Total Loss: 1.6813e-01 | LR: 1.00e-03 | mass: 1.12e+01 | momentum: 2.31e+00 | wall: 8.23e-03 | inlet: 1.71e-04 | outlet: 3.10e-04 | integral_mass: 4.33e+00
2026-09-23 17:10:56 | INFO     | Epoch [  2270/50000] | Total Loss: 3.6936e-01 | LR: 1.00e-03 | mass: 1.09e+01 | momentum: 2.19e+00 | wall: 7.77e-03 | inlet: 5.83e-04 | outlet: 3.03e-04 | integral_mass: 4.15e+00
2026-09-23 17:11:01 | INFO     | Epoch [  2280/50000] | Total Loss: 1.3798e-01 | LR: 1.00e-03 | mass: 1.12e+01 | momentum: 2.29e+00 | wall: 8.06e-03 | inlet: 1.14e-04 | outlet: 2.98e-04 | integral_mass: 4.32e+00
2026-09-23 17:11:07 | INFO     | Epoch [  2290/50000] | Total Loss: 4.1306e-01 | LR: 1.00e-03 | mass: 1.09e+01 | momentum: 2.19e+00 | wall: 7.63e-03 | inlet: 6.73e-04 | outlet: 2.92e-04 | integral_mass: 4.15e+00
2026-09-23 17:11:13 | INFO     | Epoch [  2300/50000] | Total Loss: 2.1748e-01 | LR: 1.00e-03 | mass: 1.12e+01 | momentum: 2.29e+00 | wall: 7.99e-03 | inlet: 2.75e-04 | outlet: 2.97e-04 | integral_mass: 4.34e+00
2026-09-23 17:11:18 | INFO     | Epoch [  2310/50000] | Total Loss: 1.7500e-01 | LR: 1.00e-03 | mass: 1.09e+01 | momentum: 2.21e+00 | wall: 7.60e-03 | inlet: 1.97e-04 | outlet: 2.92e-04 | integral_mass: 4.20e+00
2026-09-23 17:11:24 | INFO     | Epoch [  2320/50000] | Total Loss: 2.5191e-01 | LR: 1.00e-03 | mass: 1.12e+01 | momentum: 2.30e+00 | wall: 7.93e-03 | inlet: 3.45e-04 | outlet: 2.97e-04 | integral_mass: 4.37e+00
2026-09-23 17:11:30 | INFO     | Epoch [  2330/50000] | Total Loss: 2.4559e-01 | LR: 1.00e-03 | mass: 1.09e+01 | momentum: 2.19e+00 | wall: 7.47e-03 | inlet: 3.41e-04 | outlet: 2.91e-04 | integral_mass: 4.18e+00
2026-09-23 17:11:35 | INFO     | Epoch [  2340/50000] | Total Loss: 1.5310e-01 | LR: 1.00e-03 | mass: 1.12e+01 | momentum: 2.28e+00 | wall: 7.75e-03 | inlet: 1.51e-04 | outlet: 2.95e-04 | integral_mass: 4.33e+00
2026-09-23 17:11:41 | INFO     | Epoch [  2350/50000] | Total Loss: 3.5094e-01 | LR: 1.00e-03 | mass: 1.09e+01 | momentum: 2.17e+00 | wall: 7.34e-03 | inlet: 5.54e-04 | outlet: 2.89e-04 | integral_mass: 4.15e+00
2026-09-23 17:11:47 | INFO     | Epoch [  2360/50000] | Total Loss: 1.4291e-01 | LR: 1.00e-03 | mass: 1.11e+01 | momentum: 2.26e+00 | wall: 7.60e-03 | inlet: 1.33e-04 | outlet: 2.94e-04 | integral_mass: 4.32e+00
2026-09-23 17:11:52 | INFO     | Epoch [  2370/50000] | Total Loss: 1.8080e-01 | LR: 1.00e-03 | mass: 1.09e+01 | momentum: 2.19e+00 | wall: 7.32e-03 | inlet: 2.15e-04 | outlet: 2.90e-04 | integral_mass: 4.20e+00
2026-09-23 17:11:58 | INFO     | Epoch [  2380/50000] | Total Loss: 2.1807e-01 | LR: 1.00e-03 | mass: 1.12e+01 | momentum: 2.28e+00 | wall: 7.63e-03 | inlet: 2.83e-04 | outlet: 2.94e-04 | integral_mass: 4.35e+00
2026-09-23 17:12:03 | INFO     | Epoch [  2390/50000] | Total Loss: 2.4507e-01 | LR: 1.00e-03 | mass: 1.09e+01 | momentum: 2.17e+00 | wall: 7.19e-03 | inlet: 3.46e-04 | outlet: 2.89e-04 | integral_mass: 4.18e+00
2026-09-23 17:12:09 | INFO     | Epoch [  2400/50000] | Total Loss: 1.4122e-01 | LR: 1.00e-03 | mass: 1.12e+01 | momentum: 2.26e+00 | wall: 7.47e-03 | inlet: 1.32e-04 | outlet: 2.92e-04 | integral_mass: 4.32e+00
2026-09-23 17:12:15 | INFO     | Epoch [  2410/50000] | Total Loss: 3.0215e-01 | LR: 1.00e-03 | mass: 1.09e+01 | momentum: 2.16e+00 | wall: 7.09e-03 | inlet: 4.62e-04 | outlet: 2.88e-04 | integral_mass: 4.16e+00
2026-09-23 17:12:20 | INFO     | Epoch [  2420/50000] | Total Loss: 1.5115e-01 | LR: 1.00e-03 | mass: 1.11e+01 | momentum: 2.25e+00 | wall: 7.40e-03 | inlet: 1.54e-04 | outlet: 2.92e-04 | integral_mass: 4.32e+00
2026-09-23 17:12:26 | INFO     | Epoch [  2430/50000] | Total Loss: 2.0151e-01 | LR: 1.00e-03 | mass: 1.09e+01 | momentum: 2.17e+00 | wall: 7.04e-03 | inlet: 2.62e-04 | outlet: 2.87e-04 | integral_mass: 4.19e+00
2026-09-23 17:12:32 | INFO     | Epoch [  2440/50000] | Total Loss: 1.9534e-01 | LR: 1.00e-03 | mass: 1.12e+01 | momentum: 2.26e+00 | wall: 7.34e-03 | inlet: 2.43e-04 | outlet: 2.92e-04 | integral_mass: 4.34e+00
2026-09-23 17:12:37 | INFO     | Epoch [  2450/50000] | Total Loss: 2.3627e-01 | LR: 1.00e-03 | mass: 1.09e+01 | momentum: 2.16e+00 | wall: 6.96e-03 | inlet: 3.33e-04 | outlet: 2.87e-04 | integral_mass: 4.18e+00
2026-09-23 17:12:43 | INFO     | Epoch [  2460/50000] | Total Loss: 1.3814e-01 | LR: 1.00e-03 | mass: 1.11e+01 | momentum: 2.24e+00 | wall: 7.20e-03 | inlet: 1.32e-04 | outlet: 2.91e-04 | integral_mass: 4.32e+00
2026-09-23 17:12:49 | INFO     | Epoch [  2470/50000] | Total Loss: 2.6119e-01 | LR: 1.00e-03 | mass: 1.09e+01 | momentum: 2.16e+00 | wall: 6.88e-03 | inlet: 3.84e-04 | outlet: 2.86e-04 | integral_mass: 4.18e+00
2026-09-23 17:12:54 | INFO     | Epoch [  2480/50000] | Total Loss: 2.0187e-01 | LR: 1.00e-03 | mass: 1.12e+01 | momentum: 2.25e+00 | wall: 7.18e-03 | inlet: 2.60e-04 | outlet: 2.91e-04 | integral_mass: 4.34e+00
2026-09-23 17:13:00 | INFO     | Epoch [  2490/50000] | Total Loss: 1.9516e-01 | LR: 1.00e-03 | mass: 1.09e+01 | momentum: 2.16e+00 | wall: 6.82e-03 | inlet: 2.53e-04 | outlet: 2.86e-04 | integral_mass: 4.19e+00
2026-09-23 17:13:05 | INFO     | Epoch [  2500/50000] | Total Loss: 1.6399e-01 | LR: 1.00e-03 | mass: 1.12e+01 | momentum: 2.25e+00 | wall: 7.10e-03 | inlet: 1.85e-04 | outlet: 2.90e-04 | integral_mass: 4.33e+00
2026-09-23 17:13:11 | INFO     | Epoch [  2510/50000] | Total Loss: 2.3873e-01 | LR: 1.00e-03 | mass: 1.09e+01 | momentum: 2.16e+00 | wall: 6.74e-03 | inlet: 3.42e-04 | outlet: 2.86e-04 | integral_mass: 4.18e+00
2026-09-23 17:13:17 | INFO     | Epoch [  2520/50000] | Total Loss: 1.3289e-01 | LR: 1.00e-03 | mass: 1.11e+01 | momentum: 2.24e+00 | wall: 7.00e-03 | inlet: 1.25e-04 | outlet: 2.89e-04 | integral_mass: 4.31e+00
2026-09-23 17:13:22 | INFO     | Epoch [  2530/50000] | Total Loss: 2.5992e-01 | LR: 1.00e-03 | mass: 1.10e+01 | momentum: 2.16e+00 | wall: 6.70e-03 | inlet: 3.85e-04 | outlet: 2.85e-04 | integral_mass: 4.18e+00
2026-09-23 17:13:28 | INFO     | Epoch [  2540/50000] | Total Loss: 2.0035e-01 | LR: 1.00e-03 | mass: 1.12e+01 | momentum: 2.24e+00 | wall: 7.01e-03 | inlet: 2.60e-04 | outlet: 2.89e-04 | integral_mass: 4.33e+00
2026-09-23 17:13:34 | INFO     | Epoch [  2550/50000] | Total Loss: 2.0373e-01 | LR: 1.00e-03 | mass: 1.10e+01 | momentum: 2.17e+00 | wall: 6.65e-03 | inlet: 2.74e-04 | outlet: 2.85e-04 | integral_mass: 4.20e+00
2026-09-23 17:13:39 | INFO     | Epoch [  2560/50000] | Total Loss: 2.0336e-01 | LR: 1.00e-03 | mass: 1.12e+01 | momentum: 2.24e+00 | wall: 6.92e-03 | inlet: 2.68e-04 | outlet: 2.90e-04 | integral_mass: 4.32e+00
2026-09-23 17:13:45 | INFO     | Epoch [  2570/50000] | Total Loss: 2.0920e-01 | LR: 1.00e-03 | mass: 1.10e+01 | momentum: 2.17e+00 | wall: 6.61e-03 | inlet: 2.86e-04 | outlet: 2.85e-04 | integral_mass: 4.20e+00
2026-09-23 17:13:50 | INFO     | Epoch [  2580/50000] | Total Loss: 2.1254e-01 | LR: 1.00e-03 | mass: 1.12e+01 | momentum: 2.24e+00 | wall: 6.84e-03 | inlet: 2.88e-04 | outlet: 2.90e-04 | integral_mass: 4.31e+00
2026-09-23 17:13:56 | INFO     | Epoch [  2590/50000] | Total Loss: 2.2689e-01 | LR: 1.00e-03 | mass: 1.11e+01 | momentum: 2.19e+00 | wall: 6.62e-03 | inlet: 3.21e-04 | outlet: 2.86e-04 | integral_mass: 4.22e+00
2026-09-23 17:14:02 | INFO     | Epoch [  2600/50000] | Total Loss: 2.2423e-01 | LR: 1.00e-03 | mass: 1.12e+01 | momentum: 2.24e+00 | wall: 6.80e-03 | inlet: 3.12e-04 | outlet: 2.91e-04 | integral_mass: 4.29e+00
2026-09-23 17:14:07 | INFO     | Epoch [  2610/50000] | Total Loss: 2.2521e-01 | LR: 1.00e-03 | mass: 1.11e+01 | momentum: 2.20e+00 | wall: 6.62e-03 | inlet: 3.17e-04 | outlet: 2.88e-04 | integral_mass: 4.22e+00
2026-09-23 17:14:13 | INFO     | Epoch [  2620/50000] | Total Loss: 2.0348e-01 | LR: 1.00e-03 | mass: 1.13e+01 | momentum: 2.26e+00 | wall: 6.81e-03 | inlet: 2.70e-04 | outlet: 2.94e-04 | integral_mass: 4.29e+00
2026-09-23 17:14:19 | INFO     | Epoch [  2630/50000] | Total Loss: 2.3656e-01 | LR: 1.00e-03 | mass: 1.13e+01 | momentum: 2.23e+00 | wall: 6.63e-03 | inlet: 3.40e-04 | outlet: 2.91e-04 | integral_mass: 4.22e+00
2026-09-23 17:14:24 | INFO     | Epoch [  2640/50000] | Total Loss: 1.7237e-01 | LR: 1.00e-03 | mass: 1.14e+01 | momentum: 2.27e+00 | wall: 6.75e-03 | inlet: 2.09e-04 | outlet: 2.99e-04 | integral_mass: 4.28e+00
2026-09-23 17:14:30 | INFO     | Epoch [  2650/50000] | Total Loss: 2.6700e-01 | LR: 1.00e-03 | mass: 1.14e+01 | momentum: 2.26e+00 | wall: 6.62e-03 | inlet: 4.01e-04 | outlet: 2.99e-04 | integral_mass: 4.21e+00
2026-09-23 17:14:36 | INFO     | Epoch [  2660/50000] | Total Loss: 1.4182e-01 | LR: 1.00e-03 | mass: 1.15e+01 | momentum: 2.30e+00 | wall: 6.69e-03 | inlet: 1.49e-04 | outlet: 3.23e-04 | integral_mass: 4.27e+00
2026-09-23 17:14:41 | INFO     | Epoch [  2670/50000] | Total Loss: 2.7360e-01 | LR: 1.00e-03 | mass: 1.15e+01 | momentum: 2.28e+00 | wall: 6.60e-03 | inlet: 4.14e-04 | outlet: 3.27e-04 | integral_mass: 4.23e+00
2026-09-23 17:14:47 | INFO     | Epoch [  2680/50000] | Total Loss: 2.9309e-01 | LR: 1.00e-03 | mass: 1.16e+01 | momentum: 2.33e+00 | wall: 6.73e-03 | inlet: 4.51e-04 | outlet: 3.05e-04 | integral_mass: 4.27e+00
2026-09-23 17:14:53 | INFO     | Epoch [  2690/50000] | Total Loss: 2.5934e-01 | LR: 1.00e-03 | mass: 1.16e+01 | momentum: 2.30e+00 | wall: 6.54e-03 | inlet: 3.87e-04 | outlet: 3.36e-04 | integral_mass: 4.21e+00
2026-09-23 17:14:58 | INFO     | Epoch [  2700/50000] | Total Loss: 1.4265e-01 | LR: 1.00e-03 | mass: 1.17e+01 | momentum: 2.33e+00 | wall: 6.94e-03 | inlet: 1.46e-04 | outlet: 3.38e-04 | integral_mass: 4.33e+00
2026-09-23 17:15:04 | INFO     | Epoch [  2710/50000] | Total Loss: 2.6932e-01 | LR: 1.00e-03 | mass: 1.14e+01 | momentum: 2.35e+00 | wall: 8.92e-03 | inlet: 3.59e-04 | outlet: 6.71e-04 | integral_mass: 4.21e+00
2026-09-23 17:15:10 | INFO     | Epoch [  2720/50000] | Total Loss: 3.6314e-01 | LR: 1.00e-03 | mass: 1.17e+01 | momentum: 2.32e+00 | wall: 6.85e-03 | inlet: 5.89e-04 | outlet: 3.10e-04 | integral_mass: 4.30e+00
2026-09-23 17:15:15 | INFO     | Epoch [  2730/50000] | Total Loss: 2.9842e-01 | LR: 1.00e-03 | mass: 1.17e+01 | momentum: 2.35e+00 | wall: 6.99e-03 | inlet: 4.56e-04 | outlet: 3.32e-04 | integral_mass: 4.30e+00
2026-09-23 17:15:21 | INFO     | Epoch [  2740/50000] | Total Loss: 2.0033e-01 | LR: 1.00e-03 | mass: 1.17e+01 | momentum: 2.35e+00 | wall: 6.76e-03 | inlet: 2.65e-04 | outlet: 3.41e-04 | integral_mass: 4.23e+00
2026-09-23 17:15:27 | INFO     | Epoch [  2750/50000] | Total Loss: 2.8270e-01 | LR: 1.00e-03 | mass: 1.18e+01 | momentum: 2.36e+00 | wall: 6.57e-03 | inlet: 4.33e-04 | outlet: 3.39e-04 | integral_mass: 4.23e+00
2026-09-23 17:15:32 | INFO     | Epoch [  2760/50000] | Total Loss: 2.4639e-01 | LR: 1.00e-03 | mass: 1.21e+01 | momentum: 2.40e+00 | wall: 6.66e-03 | inlet: 3.59e-04 | outlet: 3.60e-04 | integral_mass: 4.25e+00
2026-09-23 17:15:38 | INFO     | Epoch [  2770/50000] | Total Loss: 2.4950e-01 | LR: 1.00e-03 | mass: 1.22e+01 | momentum: 2.42e+00 | wall: 6.60e-03 | inlet: 3.66e-04 | outlet: 3.17e-04 | integral_mass: 4.29e+00
2026-09-23 17:15:43 | INFO     | Epoch [  2780/50000] | Total Loss: 1.0445e-01 | LR: 1.00e-03 | mass: 1.20e+01 | momentum: 2.42e+00 | wall: 6.69e-03 | inlet: 7.44e-05 | outlet: 3.10e-04 | integral_mass: 4.23e+00
2026-09-23 17:15:49 | INFO     | Epoch [  2790/50000] | Total Loss: 1.6632e-01 | LR: 1.00e-03 | mass: 1.21e+01 | momentum: 2.46e+00 | wall: 6.63e-03 | inlet: 1.99e-04 | outlet: 3.33e-04 | integral_mass: 4.31e+00
2026-09-23 17:15:55 | INFO     | Epoch [  2800/50000] | Total Loss: 1.9163e-01 | LR: 1.00e-03 | mass: 1.22e+01 | momentum: 2.46e+00 | wall: 6.66e-03 | inlet: 2.49e-04 | outlet: 3.11e-04 | integral_mass: 4.30e+00
2026-09-23 17:16:00 | INFO     | Epoch [  2810/50000] | Total Loss: 2.2063e-01 | LR: 1.00e-03 | mass: 1.22e+01 | momentum: 2.47e+00 | wall: 6.50e-03 | inlet: 3.11e-04 | outlet: 3.20e-04 | integral_mass: 4.27e+00
2026-09-23 17:16:06 | INFO     | Epoch [  2820/50000] | Total Loss: 2.5010e-01 | LR: 1.00e-03 | mass: 1.19e+01 | momentum: 2.39e+00 | wall: 6.51e-03 | inlet: 3.69e-04 | outlet: 3.95e-04 | integral_mass: 4.24e+00
2026-09-23 17:16:12 | INFO     | Epoch [  2830/50000] | Total Loss: 3.8102e-01 | LR: 1.00e-03 | mass: 1.26e+01 | momentum: 2.43e+00 | wall: 8.98e-03 | inlet: 5.82e-04 | outlet: 3.26e-04 | integral_mass: 4.39e+00
2026-09-23 17:16:17 | INFO     | Epoch [  2840/50000] | Total Loss: 1.6703e-01 | LR: 1.00e-03 | mass: 1.20e+01 | momentum: 2.38e+00 | wall: 6.30e-03 | inlet: 2.07e-04 | outlet: 3.08e-04 | integral_mass: 4.29e+00
2026-09-23 17:16:23 | INFO     | Epoch [  2850/50000] | Total Loss: 2.1697e-01 | LR: 1.00e-03 | mass: 1.20e+01 | momentum: 2.38e+00 | wall: 6.24e-03 | inlet: 3.08e-04 | outlet: 3.39e-04 | integral_mass: 4.29e+00
2026-09-23 17:16:29 | INFO     | Epoch [  2860/50000] | Total Loss: 1.8341e-01 | LR: 1.00e-03 | mass: 1.18e+01 | momentum: 2.36e+00 | wall: 6.19e-03 | inlet: 2.42e-04 | outlet: 3.54e-04 | integral_mass: 4.25e+00
2026-09-23 17:16:34 | INFO     | Epoch [  2870/50000] | Total Loss: 1.8753e-01 | LR: 1.00e-03 | mass: 1.20e+01 | momentum: 2.37e+00 | wall: 6.02e-03 | inlet: 2.54e-04 | outlet: 3.43e-04 | integral_mass: 4.28e+00
2026-09-23 17:16:40 | INFO     | Epoch [  2880/50000] | Total Loss: 1.6495e-01 | LR: 1.00e-03 | mass: 1.17e+01 | momentum: 2.34e+00 | wall: 5.95e-03 | inlet: 2.10e-04 | outlet: 3.16e-04 | integral_mass: 4.25e+00
2026-09-23 17:16:46 | INFO     | Epoch [  2890/50000] | Total Loss: 1.5346e-01 | LR: 1.00e-03 | mass: 1.18e+01 | momentum: 2.34e+00 | wall: 5.85e-03 | inlet: 1.89e-04 | outlet: 3.02e-04 | integral_mass: 4.26e+00
2026-09-23 17:16:51 | INFO     | Epoch [  2900/50000] | Total Loss: 1.3366e-01 | LR: 1.00e-03 | mass: 1.17e+01 | momentum: 2.33e+00 | wall: 5.76e-03 | inlet: 1.52e-04 | outlet: 2.99e-04 | integral_mass: 4.26e+00
2026-09-23 17:16:57 | INFO     | Epoch [  2910/50000] | Total Loss: 1.2423e-01 | LR: 1.00e-03 | mass: 1.16e+01 | momentum: 2.32e+00 | wall: 5.69e-03 | inlet: 1.34e-04 | outlet: 3.00e-04 | integral_mass: 4.24e+00
2026-09-23 17:17:03 | INFO     | Epoch [  2920/50000] | Total Loss: 1.1616e-01 | LR: 1.00e-03 | mass: 1.16e+01 | momentum: 2.30e+00 | wall: 5.61e-03 | inlet: 1.20e-04 | outlet: 2.96e-04 | integral_mass: 4.27e+00
2026-09-23 17:17:08 | INFO     | Epoch [  2930/50000] | Total Loss: 1.1467e-01 | LR: 1.00e-03 | mass: 1.15e+01 | momentum: 2.28e+00 | wall: 5.55e-03 | inlet: 1.18e-04 | outlet: 2.94e-04 | integral_mass: 4.25e+00
2026-09-23 17:17:14 | INFO     | Epoch [  2940/50000] | Total Loss: 1.0352e-01 | LR: 1.00e-03 | mass: 1.14e+01 | momentum: 2.27e+00 | wall: 5.48e-03 | inlet: 9.69e-05 | outlet: 2.91e-04 | integral_mass: 4.27e+00
2026-09-23 17:17:20 | INFO     | Epoch [  2950/50000] | Total Loss: 1.0914e-01 | LR: 1.00e-03 | mass: 1.13e+01 | momentum: 2.25e+00 | wall: 5.43e-03 | inlet: 1.09e-04 | outlet: 2.90e-04 | integral_mass: 4.24e+00
2026-09-23 17:17:25 | INFO     | Epoch [  2960/50000] | Total Loss: 9.0799e-02 | LR: 1.00e-03 | mass: 1.13e+01 | momentum: 2.23e+00 | wall: 5.35e-03 | inlet: 7.41e-05 | outlet: 2.88e-04 | integral_mass: 4.26e+00
2026-09-23 17:17:31 | INFO     | Epoch [  2970/50000] | Total Loss: 1.1646e-01 | LR: 1.00e-03 | mass: 1.11e+01 | momentum: 2.21e+00 | wall: 5.25e-03 | inlet: 1.27e-04 | outlet: 2.98e-04 | integral_mass: 4.21e+00
2026-09-23 17:17:37 | INFO     | Epoch [  2980/50000] | Total Loss: 3.8648e-01 | LR: 1.00e-03 | mass: 1.13e+01 | momentum: 2.26e+00 | wall: 5.81e-03 | inlet: 6.56e-04 | outlet: 3.10e-04 | integral_mass: 4.33e+00
2026-09-23 17:17:43 | INFO     | Epoch [  2990/50000] | Total Loss: 5.7628e-01 | LR: 1.00e-03 | mass: 1.13e+01 | momentum: 2.24e+00 | wall: 5.41e-03 | inlet: 1.04e-03 | outlet: 3.26e-04 | integral_mass: 4.20e+00
2026-09-23 17:17:48 | INFO     | Epoch [  3000/50000] | Total Loss: 4.0617e-01 | LR: 1.00e-03 | mass: 1.18e+01 | momentum: 2.34e+00 | wall: 5.89e-03 | inlet: 6.94e-04 | outlet: 3.90e-04 | integral_mass: 4.28e+00
2026-09-23 17:17:54 | INFO     | Epoch [  3010/50000] | Total Loss: 2.5494e-01 | LR: 1.00e-03 | mass: 1.18e+01 | momentum: 2.38e+00 | wall: 5.70e-03 | inlet: 3.95e-04 | outlet: 6.33e-04 | integral_mass: 4.22e+00
2026-09-23 17:17:59 | INFO     | Epoch [  3020/50000] | Total Loss: 1.7992e-01 | LR: 1.00e-03 | mass: 1.22e+01 | momentum: 2.42e+00 | wall: 7.09e-03 | inlet: 2.16e-04 | outlet: 1.19e-03 | integral_mass: 4.21e+00
2026-09-23 17:18:05 | INFO     | Epoch [  3030/50000] | Total Loss: 1.3200e-01 | LR: 1.00e-03 | mass: 1.18e+01 | momentum: 2.33e+00 | wall: 5.50e-03 | inlet: 1.53e-04 | outlet: 3.10e-04 | integral_mass: 4.20e+00
2026-09-23 17:18:11 | INFO     | Epoch [  3040/50000] | Total Loss: 1.5631e-01 | LR: 1.00e-03 | mass: 1.21e+01 | momentum: 2.45e+00 | wall: 5.91e-03 | inlet: 1.93e-04 | outlet: 4.64e-04 | integral_mass: 4.37e+00
2026-09-23 17:18:16 | INFO     | Epoch [  3050/50000] | Total Loss: 1.8068e-01 | LR: 1.00e-03 | mass: 1.17e+01 | momentum: 2.29e+00 | wall: 5.33e-03 | inlet: 2.54e-04 | outlet: 3.21e-04 | integral_mass: 4.15e+00
2026-09-23 17:18:22 | INFO     | Epoch [  3060/50000] | Total Loss: 1.2799e-01 | LR: 1.00e-03 | mass: 1.20e+01 | momentum: 2.40e+00 | wall: 5.46e-03 | inlet: 1.46e-04 | outlet: 3.08e-04 | integral_mass: 4.31e+00
2026-09-23 17:18:28 | INFO     | Epoch [  3070/50000] | Total Loss: 2.2253e-01 | LR: 1.00e-03 | mass: 1.17e+01 | momentum: 2.31e+00 | wall: 5.21e-03 | inlet: 3.40e-04 | outlet: 3.26e-04 | integral_mass: 4.17e+00
2026-09-23 17:18:33 | INFO     | Epoch [  3080/50000] | Total Loss: 8.2031e-02 | LR: 1.00e-03 | mass: 1.20e+01 | momentum: 2.39e+00 | wall: 5.33e-03 | inlet: 5.68e-05 | outlet: 3.08e-04 | integral_mass: 4.28e+00
2026-09-23 17:18:39 | INFO     | Epoch [  3090/50000] | Total Loss: 2.3635e-01 | LR: 1.00e-03 | mass: 1.17e+01 | momentum: 2.31e+00 | wall: 5.16e-03 | inlet: 3.69e-04 | outlet: 3.06e-04 | integral_mass: 4.18e+00
2026-09-23 17:18:44 | INFO     | Epoch [  3100/50000] | Total Loss: 1.8572e-01 | LR: 1.00e-03 | mass: 1.21e+01 | momentum: 2.43e+00 | wall: 5.34e-03 | inlet: 2.64e-04 | outlet: 3.10e-04 | integral_mass: 4.33e+00
2026-09-23 17:18:50 | INFO     | Epoch [  3110/50000] | Total Loss: 1.8699e-01 | LR: 1.00e-03 | mass: 1.18e+01 | momentum: 2.33e+00 | wall: 5.11e-03 | inlet: 2.71e-04 | outlet: 3.02e-04 | integral_mass: 4.17e+00
2026-09-23 17:18:56 | INFO     | Epoch [  3120/50000] | Total Loss: 1.5530e-01 | LR: 1.00e-03 | mass: 1.20e+01 | momentum: 2.43e+00 | wall: 5.28e-03 | inlet: 2.04e-04 | outlet: 3.07e-04 | integral_mass: 4.32e+00
2026-09-23 17:19:01 | INFO     | Epoch [  3130/50000] | Total Loss: 1.6646e-01 | LR: 1.00e-03 | mass: 1.18e+01 | momentum: 2.34e+00 | wall: 5.10e-03 | inlet: 2.30e-04 | outlet: 3.01e-04 | integral_mass: 4.18e+00
2026-09-23 17:19:07 | INFO     | Epoch [  3140/50000] | Total Loss: 1.6477e-01 | LR: 1.00e-03 | mass: 1.21e+01 | momentum: 2.43e+00 | wall: 5.24e-03 | inlet: 2.24e-04 | outlet: 3.07e-04 | integral_mass: 4.31e+00
2026-09-23 17:19:13 | INFO     | Epoch [  3150/50000] | Total Loss: 1.8466e-01 | LR: 1.00e-03 | mass: 1.18e+01 | momentum: 2.35e+00 | wall: 5.13e-03 | inlet: 2.66e-04 | outlet: 3.01e-04 | integral_mass: 4.19e+00
2026-09-23 17:19:18 | INFO     | Epoch [  3160/50000] | Total Loss: 1.6027e-01 | LR: 1.00e-03 | mass: 1.21e+01 | momentum: 2.44e+00 | wall: 5.25e-03 | inlet: 2.15e-04 | outlet: 3.07e-04 | integral_mass: 4.30e+00
2026-09-23 17:19:24 | INFO     | Epoch [  3170/50000] | Total Loss: 2.1105e-01 | LR: 1.00e-03 | mass: 1.19e+01 | momentum: 2.37e+00 | wall: 5.18e-03 | inlet: 3.18e-04 | outlet: 3.02e-04 | integral_mass: 4.18e+00
2026-09-23 17:19:30 | INFO     | Epoch [  3180/50000] | Total Loss: 1.6299e-01 | LR: 1.00e-03 | mass: 1.23e+01 | momentum: 2.46e+00 | wall: 5.29e-03 | inlet: 2.20e-04 | outlet: 3.09e-04 | integral_mass: 4.30e+00
2026-09-23 17:19:35 | INFO     | Epoch [  3190/50000] | Total Loss: 1.8546e-01 | LR: 1.00e-03 | mass: 1.20e+01 | momentum: 2.42e+00 | wall: 5.30e-03 | inlet: 2.64e-04 | outlet: 3.05e-04 | integral_mass: 4.19e+00
2026-09-23 17:19:41 | INFO     | Epoch [  3200/50000] | Total Loss: 1.6855e-01 | LR: 1.00e-03 | mass: 1.25e+01 | momentum: 2.50e+00 | wall: 5.36e-03 | inlet: 2.29e-04 | outlet: 3.13e-04 | integral_mass: 4.30e+00
2026-09-23 17:19:46 | INFO     | Epoch [  3210/50000] | Total Loss: 1.8599e-01 | LR: 1.00e-03 | mass: 1.22e+01 | momentum: 2.47e+00 | wall: 5.42e-03 | inlet: 2.63e-04 | outlet: 3.09e-04 | integral_mass: 4.19e+00
2026-09-23 17:19:52 | INFO     | Epoch [  3220/50000] | Total Loss: 1.5748e-01 | LR: 1.00e-03 | mass: 1.27e+01 | momentum: 2.55e+00 | wall: 5.36e-03 | inlet: 2.07e-04 | outlet: 3.17e-04 | integral_mass: 4.28e+00
2026-09-23 17:19:58 | INFO     | Epoch [  3230/50000] | Total Loss: 1.8387e-01 | LR: 1.00e-03 | mass: 1.25e+01 | momentum: 2.53e+00 | wall: 5.40e-03 | inlet: 2.59e-04 | outlet: 3.16e-04 | integral_mass: 4.21e+00
2026-09-23 17:20:04 | INFO     | Epoch [  3240/50000] | Total Loss: 1.5029e-01 | LR: 1.00e-03 | mass: 1.28e+01 | momentum: 2.60e+00 | wall: 5.33e-03 | inlet: 1.93e-04 | outlet: 3.19e-04 | integral_mass: 4.27e+00
2026-09-23 17:20:09 | INFO     | Epoch [  3250/50000] | Total Loss: 1.5595e-01 | LR: 1.00e-03 | mass: 1.28e+01 | momentum: 2.59e+00 | wall: 5.30e-03 | inlet: 2.05e-04 | outlet: 3.19e-04 | integral_mass: 4.22e+00
2026-09-23 17:20:15 | INFO     | Epoch [  3260/50000] | Total Loss: 8.1279e-01 | LR: 1.00e-03 | mass: 1.34e+01 | momentum: 2.62e+00 | wall: 9.67e-03 | inlet: 1.43e-03 | outlet: 6.13e-04 | integral_mass: 4.17e+00
2026-09-23 17:20:21 | INFO     | Epoch [  3270/50000] | Total Loss: 2.4462e-01 | LR: 1.00e-03 | mass: 1.29e+01 | momentum: 2.66e+00 | wall: 5.63e-03 | inlet: 3.76e-04 | outlet: 3.24e-04 | integral_mass: 4.29e+00
2026-09-23 17:20:26 | INFO     | Epoch [  3280/50000] | Total Loss: 5.9891e-01 | LR: 1.00e-03 | mass: 1.42e+01 | momentum: 2.75e+00 | wall: 1.23e-02 | inlet: 9.50e-04 | outlet: 3.58e-04 | integral_mass: 4.36e+00
2026-09-23 17:20:32 | INFO     | Epoch [  3290/50000] | Total Loss: 1.8070e-01 | LR: 1.00e-03 | mass: 1.29e+01 | momentum: 2.65e+00 | wall: 5.82e-03 | inlet: 2.44e-04 | outlet: 4.44e-04 | integral_mass: 4.20e+00
2026-09-23 17:20:38 | INFO     | Epoch [  3300/50000] | Total Loss: 2.5646e-01 | LR: 1.00e-03 | mass: 1.33e+01 | momentum: 2.65e+00 | wall: 5.86e-03 | inlet: 3.95e-04 | outlet: 3.30e-04 | integral_mass: 4.27e+00
2026-09-23 17:20:43 | INFO     | Epoch [  3310/50000] | Total Loss: 2.1124e-01 | LR: 1.00e-03 | mass: 1.29e+01 | momentum: 2.60e+00 | wall: 5.31e-03 | inlet: 3.16e-04 | outlet: 3.29e-04 | integral_mass: 4.25e+00
2026-09-23 17:20:49 | INFO     | Epoch [  3320/50000] | Total Loss: 2.1374e-01 | LR: 1.00e-03 | mass: 1.28e+01 | momentum: 2.59e+00 | wall: 5.26e-03 | inlet: 3.22e-04 | outlet: 3.29e-04 | integral_mass: 4.25e+00
2026-09-23 17:20:55 | INFO     | Epoch [  3330/50000] | Total Loss: 1.9218e-01 | LR: 1.00e-03 | mass: 1.26e+01 | momentum: 2.56e+00 | wall: 5.10e-03 | inlet: 2.82e-04 | outlet: 3.23e-04 | integral_mass: 4.25e+00
2026-09-23 17:21:00 | INFO     | Epoch [  3340/50000] | Total Loss: 1.5776e-01 | LR: 1.00e-03 | mass: 1.26e+01 | momentum: 2.56e+00 | wall: 5.13e-03 | inlet: 2.12e-04 | outlet: 3.19e-04 | integral_mass: 4.24e+00
2026-09-23 17:21:06 | INFO     | Epoch [  3350/50000] | Total Loss: 1.4777e-01 | LR: 1.00e-03 | mass: 1.26e+01 | momentum: 2.55e+00 | wall: 5.00e-03 | inlet: 1.95e-04 | outlet: 3.19e-04 | integral_mass: 4.24e+00
2026-09-23 17:21:11 | INFO     | Epoch [  3360/50000] | Total Loss: 1.4194e-01 | LR: 1.00e-03 | mass: 1.26e+01 | momentum: 2.57e+00 | wall: 5.04e-03 | inlet: 1.82e-04 | outlet: 3.19e-04 | integral_mass: 4.25e+00
2026-09-23 17:21:17 | INFO     | Epoch [  3370/50000] | Total Loss: 1.4059e-01 | LR: 1.00e-03 | mass: 1.25e+01 | momentum: 2.55e+00 | wall: 4.93e-03 | inlet: 1.82e-04 | outlet: 3.17e-04 | integral_mass: 4.24e+00
2026-09-23 17:21:23 | INFO     | Epoch [  3380/50000] | Total Loss: 1.2742e-01 | LR: 1.00e-03 | mass: 1.25e+01 | momentum: 2.56e+00 | wall: 4.95e-03 | inlet: 1.55e-04 | outlet: 3.18e-04 | integral_mass: 4.25e+00
2026-09-23 17:21:28 | INFO     | Epoch [  3390/50000] | Total Loss: 1.2025e-01 | LR: 1.00e-03 | mass: 1.25e+01 | momentum: 2.53e+00 | wall: 4.86e-03 | inlet: 1.43e-04 | outlet: 3.17e-04 | integral_mass: 4.24e+00
2026-09-23 17:21:34 | INFO     | Epoch [  3400/50000] | Total Loss: 1.0969e-01 | LR: 1.00e-03 | mass: 1.24e+01 | momentum: 2.54e+00 | wall: 4.87e-03 | inlet: 1.21e-04 | outlet: 3.16e-04 | integral_mass: 4.24e+00
2026-09-23 17:21:40 | INFO     | Epoch [  3410/50000] | Total Loss: 1.0695e-01 | LR: 1.00e-03 | mass: 1.24e+01 | momentum: 2.51e+00 | wall: 4.82e-03 | inlet: 1.17e-04 | outlet: 3.15e-04 | integral_mass: 4.25e+00
2026-09-23 17:21:45 | INFO     | Epoch [  3420/50000] | Total Loss: 9.8789e-02 | LR: 1.00e-03 | mass: 1.23e+01 | momentum: 2.50e+00 | wall: 4.82e-03 | inlet: 1.01e-04 | outlet: 3.11e-04 | integral_mass: 4.24e+00
2026-09-23 17:21:51 | INFO     | Epoch [  3430/50000] | Total Loss: 1.0350e-01 | LR: 1.00e-03 | mass: 1.23e+01 | momentum: 2.49e+00 | wall: 4.78e-03 | inlet: 1.11e-04 | outlet: 3.21e-04 | integral_mass: 4.25e+00
2026-09-23 17:21:57 | INFO     | Epoch [  3440/50000] | Total Loss: 8.7857e-02 | LR: 1.00e-03 | mass: 1.22e+01 | momentum: 2.47e+00 | wall: 4.78e-03 | inlet: 7.93e-05 | outlet: 3.48e-04 | integral_mass: 4.26e+00
2026-09-23 17:22:02 | INFO     | Epoch [  3450/50000] | Total Loss: 9.8221e-02 | LR: 1.00e-03 | mass: 1.21e+01 | momentum: 2.47e+00 | wall: 4.80e-03 | inlet: 9.97e-05 | outlet: 4.05e-04 | integral_mass: 4.23e+00
2026-09-23 17:22:08 | INFO     | Epoch [  3460/50000] | Total Loss: 8.6885e-02 | LR: 1.00e-03 | mass: 1.21e+01 | momentum: 2.45e+00 | wall: 4.83e-03 | inlet: 7.63e-05 | outlet: 4.01e-04 | integral_mass: 4.27e+00
2026-09-23 17:22:13 | INFO     | Epoch [  3470/50000] | Total Loss: 8.8179e-02 | LR: 1.00e-03 | mass: 1.20e+01 | momentum: 2.44e+00 | wall: 4.86e-03 | inlet: 7.84e-05 | outlet: 3.69e-04 | integral_mass: 4.22e+00
2026-09-23 17:22:19 | INFO     | Epoch [  3480/50000] | Total Loss: 8.8624e-02 | LR: 1.00e-03 | mass: 1.21e+01 | momentum: 2.43e+00 | wall: 4.99e-03 | inlet: 7.67e-05 | outlet: 3.91e-04 | integral_mass: 4.28e+00
2026-09-23 17:22:25 | INFO     | Epoch [  3490/50000] | Total Loss: 8.8254e-02 | LR: 1.00e-03 | mass: 1.19e+01 | momentum: 2.43e+00 | wall: 5.16e-03 | inlet: 7.24e-05 | outlet: 4.33e-04 | integral_mass: 4.19e+00
2026-09-23 17:22:30 | INFO     | Epoch [  3500/50000] | Total Loss: 1.6581e-01 | LR: 1.00e-03 | mass: 1.23e+01 | momentum: 2.48e+00 | wall: 7.57e-03 | inlet: 1.79e-04 | outlet: 6.69e-04 | integral_mass: 4.37e+00
2026-09-23 17:22:36 | INFO     | Epoch [  3510/50000] | Total Loss: 1.9374e-01 | LR: 1.00e-03 | mass: 1.21e+01 | momentum: 2.41e+00 | wall: 4.76e-03 | inlet: 2.92e-04 | outlet: 3.33e-04 | integral_mass: 4.15e+00
2026-09-23 17:22:42 | INFO     | Epoch [  3520/50000] | Total Loss: 1.2234e-01 | LR: 1.00e-03 | mass: 1.22e+01 | momentum: 2.51e+00 | wall: 4.90e-03 | inlet: 1.46e-04 | outlet: 3.05e-04 | integral_mass: 4.27e+00
2026-09-23 17:22:47 | INFO     | Epoch [  3530/50000] | Total Loss: 1.5260e-01 | LR: 1.00e-03 | mass: 1.23e+01 | momentum: 2.44e+00 | wall: 4.49e-03 | inlet: 2.15e-04 | outlet: 3.06e-04 | integral_mass: 4.18e+00
2026-09-23 17:22:53 | INFO     | Epoch [  3540/50000] | Total Loss: 9.7800e-02 | LR: 1.00e-03 | mass: 1.25e+01 | momentum: 2.53e+00 | wall: 4.56e-03 | inlet: 1.04e-04 | outlet: 3.10e-04 | integral_mass: 4.30e+00
2026-09-23 17:22:58 | INFO     | Epoch [  3550/50000] | Total Loss: 2.0799e-01 | LR: 1.00e-03 | mass: 1.21e+01 | momentum: 2.43e+00 | wall: 4.37e-03 | inlet: 3.28e-04 | outlet: 3.04e-04 | integral_mass: 4.15e+00
2026-09-23 17:23:04 | INFO     | Epoch [  3560/50000] | Total Loss: 1.3784e-01 | LR: 1.00e-03 | mass: 1.25e+01 | momentum: 2.55e+00 | wall: 4.56e-03 | inlet: 1.84e-04 | outlet: 3.11e-04 | integral_mass: 4.31e+00
2026-09-23 17:23:10 | INFO     | Epoch [  3570/50000] | Total Loss: 1.4224e-01 | LR: 1.00e-03 | mass: 1.22e+01 | momentum: 2.46e+00 | wall: 4.36e-03 | inlet: 1.97e-04 | outlet: 3.07e-04 | integral_mass: 4.18e+00
2026-09-23 17:23:16 | INFO     | Epoch [  3580/50000] | Total Loss: 1.3380e-01 | LR: 1.00e-03 | mass: 1.25e+01 | momentum: 2.57e+00 | wall: 4.55e-03 | inlet: 1.76e-04 | outlet: 3.13e-04 | integral_mass: 4.31e+00
2026-09-23 17:23:21 | INFO     | Epoch [  3590/50000] | Total Loss: 1.3321e-01 | LR: 1.00e-03 | mass: 1.23e+01 | momentum: 2.48e+00 | wall: 4.34e-03 | inlet: 1.79e-04 | outlet: 3.09e-04 | integral_mass: 4.18e+00
2026-09-23 17:23:27 | INFO     | Epoch [  3600/50000] | Total Loss: 1.2225e-01 | LR: 1.00e-03 | mass: 1.26e+01 | momentum: 2.57e+00 | wall: 4.53e-03 | inlet: 1.53e-04 | outlet: 3.14e-04 | integral_mass: 4.30e+00
2026-09-23 17:23:33 | INFO     | Epoch [  3610/50000] | Total Loss: 1.3326e-01 | LR: 1.00e-03 | mass: 1.24e+01 | momentum: 2.49e+00 | wall: 4.35e-03 | inlet: 1.79e-04 | outlet: 3.11e-04 | integral_mass: 4.18e+00
2026-09-23 17:23:38 | INFO     | Epoch [  3620/50000] | Total Loss: 1.0252e-01 | LR: 1.00e-03 | mass: 1.26e+01 | momentum: 2.57e+00 | wall: 4.51e-03 | inlet: 1.14e-04 | outlet: 3.14e-04 | integral_mass: 4.29e+00
2026-09-23 17:23:44 | INFO     | Epoch [  3630/50000] | Total Loss: 1.7726e-01 | LR: 1.00e-03 | mass: 1.24e+01 | momentum: 2.50e+00 | wall: 4.34e-03 | inlet: 2.67e-04 | outlet: 3.11e-04 | integral_mass: 4.17e+00
2026-09-23 17:23:49 | INFO     | Epoch [  3640/50000] | Total Loss: 1.2662e-01 | LR: 1.00e-03 | mass: 1.26e+01 | momentum: 2.57e+00 | wall: 4.52e-03 | inlet: 1.62e-04 | outlet: 3.14e-04 | integral_mass: 4.29e+00
2026-09-23 17:23:55 | INFO     | Epoch [  3650/50000] | Total Loss: 1.3726e-01 | LR: 1.00e-03 | mass: 1.25e+01 | momentum: 2.51e+00 | wall: 4.33e-03 | inlet: 1.87e-04 | outlet: 3.12e-04 | integral_mass: 4.19e+00
2026-09-23 17:24:01 | INFO     | Epoch [  3660/50000] | Total Loss: 1.3403e-01 | LR: 1.00e-03 | mass: 1.26e+01 | momentum: 2.59e+00 | wall: 4.51e-03 | inlet: 1.77e-04 | outlet: 3.15e-04 | integral_mass: 4.29e+00
2026-09-23 17:24:06 | INFO     | Epoch [  3670/50000] | Total Loss: 1.2627e-01 | LR: 1.00e-03 | mass: 1.25e+01 | momentum: 2.52e+00 | wall: 4.31e-03 | inlet: 1.66e-04 | outlet: 3.12e-04 | integral_mass: 4.19e+00
2026-09-23 17:24:12 | INFO     | Epoch [  3680/50000] | Total Loss: 1.1623e-01 | LR: 1.00e-03 | mass: 1.26e+01 | momentum: 2.61e+00 | wall: 4.49e-03 | inlet: 1.42e-04 | outlet: 3.16e-04 | integral_mass: 4.29e+00
2026-09-23 17:24:18 | INFO     | Epoch [  3690/50000] | Total Loss: 1.3682e-01 | LR: 1.00e-03 | mass: 1.25e+01 | momentum: 2.53e+00 | wall: 4.29e-03 | inlet: 1.87e-04 | outlet: 3.13e-04 | integral_mass: 4.18e+00
2026-09-23 17:24:23 | INFO     | Epoch [  3700/50000] | Total Loss: 1.1814e-01 | LR: 1.00e-03 | mass: 1.27e+01 | momentum: 2.62e+00 | wall: 4.43e-03 | inlet: 1.47e-04 | outlet: 3.17e-04 | integral_mass: 4.29e+00
2026-09-23 17:24:29 | INFO     | Epoch [  3710/50000] | Total Loss: 1.3424e-01 | LR: 1.00e-03 | mass: 1.25e+01 | momentum: 2.54e+00 | wall: 4.26e-03 | inlet: 1.83e-04 | outlet: 3.14e-04 | integral_mass: 4.18e+00
2026-09-23 17:24:34 | INFO     | Epoch [  3720/50000] | Total Loss: 1.2783e-01 | LR: 1.00e-03 | mass: 1.28e+01 | momentum: 2.63e+00 | wall: 4.43e-03 | inlet: 1.67e-04 | outlet: 3.19e-04 | integral_mass: 4.30e+00
2026-09-23 17:24:40 | INFO     | Epoch [  3730/50000] | Total Loss: 1.3520e-01 | LR: 1.00e-03 | mass: 1.25e+01 | momentum: 2.55e+00 | wall: 4.24e-03 | inlet: 1.85e-04 | outlet: 3.15e-04 | integral_mass: 4.18e+00
2026-09-23 17:24:46 | INFO     | Epoch [  3740/50000] | Total Loss: 1.3663e-01 | LR: 1.00e-03 | mass: 1.28e+01 | momentum: 2.63e+00 | wall: 4.43e-03 | inlet: 1.84e-04 | outlet: 3.20e-04 | integral_mass: 4.29e+00
2026-09-23 17:24:51 | INFO     | Epoch [  3750/50000] | Total Loss: 1.5028e-01 | LR: 1.00e-03 | mass: 1.26e+01 | momentum: 2.56e+00 | wall: 4.24e-03 | inlet: 2.15e-04 | outlet: 3.17e-04 | integral_mass: 4.18e+00
2026-09-23 17:24:57 | INFO     | Epoch [  3760/50000] | Total Loss: 1.4591e-01 | LR: 1.00e-03 | mass: 1.29e+01 | momentum: 2.65e+00 | wall: 4.45e-03 | inlet: 2.02e-04 | outlet: 3.23e-04 | integral_mass: 4.29e+00
2026-09-23 17:25:03 | INFO     | Epoch [  3770/50000] | Total Loss: 1.5197e-01 | LR: 1.00e-03 | mass: 1.26e+01 | momentum: 2.58e+00 | wall: 4.37e-03 | inlet: 2.16e-04 | outlet: 3.20e-04 | integral_mass: 4.17e+00
2026-09-23 17:25:08 | INFO     | Epoch [  3780/50000] | Total Loss: 1.4059e-01 | LR: 1.00e-03 | mass: 1.31e+01 | momentum: 2.68e+00 | wall: 4.67e-03 | inlet: 1.87e-04 | outlet: 3.30e-04 | integral_mass: 4.30e+00
2026-09-23 17:25:14 | INFO     | Epoch [  3790/50000] | Total Loss: 1.5994e-01 | LR: 1.00e-03 | mass: 1.26e+01 | momentum: 2.62e+00 | wall: 4.82e-03 | inlet: 2.23e-04 | outlet: 3.24e-04 | integral_mass: 4.15e+00
2026-09-23 17:25:19 | INFO     | Epoch [  3800/50000] | Total Loss: 1.2280e-01 | LR: 1.00e-03 | mass: 1.34e+01 | momentum: 2.73e+00 | wall: 5.06e-03 | inlet: 1.44e-04 | outlet: 3.39e-04 | integral_mass: 4.31e+00
2026-09-23 17:25:25 | INFO     | Epoch [  3810/50000] | Total Loss: 1.6940e-01 | LR: 1.00e-03 | mass: 1.26e+01 | momentum: 2.65e+00 | wall: 5.62e-03 | inlet: 2.26e-04 | outlet: 3.32e-04 | integral_mass: 4.13e+00
2026-09-23 17:25:31 | INFO     | Epoch [  3820/50000] | Total Loss: 1.4746e-01 | LR: 1.00e-03 | mass: 1.40e+01 | momentum: 2.81e+00 | wall: 6.10e-03 | inlet: 1.72e-04 | outlet: 3.83e-04 | integral_mass: 4.33e+00
2026-09-23 17:25:36 | INFO     | Epoch [  3830/50000] | Total Loss: 1.5368e-01 | LR: 1.00e-03 | mass: 1.27e+01 | momentum: 2.69e+00 | wall: 6.97e-03 | inlet: 1.67e-04 | outlet: 4.14e-04 | integral_mass: 4.13e+00
2026-09-23 17:25:42 | INFO     | Epoch [  3840/50000] | Total Loss: 1.5561e-01 | LR: 1.00e-03 | mass: 1.45e+01 | momentum: 2.89e+00 | wall: 8.12e-03 | inlet: 1.48e-04 | outlet: 4.68e-04 | integral_mass: 4.35e+00
2026-09-23 17:25:48 | INFO     | Epoch [  3850/50000] | Total Loss: 1.2073e-01 | LR: 1.00e-03 | mass: 1.29e+01 | momentum: 2.70e+00 | wall: 6.35e-03 | inlet: 1.14e-04 | outlet: 3.70e-04 | integral_mass: 4.12e+00
2026-09-23 17:25:53 | INFO     | Epoch [  3860/50000] | Total Loss: 1.5221e-01 | LR: 1.00e-03 | mass: 1.31e+01 | momentum: 2.77e+00 | wall: 5.86e-03 | inlet: 1.86e-04 | outlet: 5.07e-04 | integral_mass: 4.25e+00
2026-09-23 17:25:59 | INFO     | Epoch [  3870/50000] | Total Loss: 1.1294e-01 | LR: 1.00e-03 | mass: 1.35e+01 | momentum: 2.79e+00 | wall: 5.73e-03 | inlet: 1.11e-04 | outlet: 3.79e-04 | integral_mass: 4.19e+00
2026-09-23 17:26:05 | INFO     | Epoch [  3880/50000] | Total Loss: 9.2533e-02 | LR: 1.00e-03 | mass: 1.39e+01 | momentum: 2.82e+00 | wall: 4.77e-03 | inlet: 8.89e-05 | outlet: 3.50e-04 | integral_mass: 4.30e+00
2026-09-23 17:26:10 | INFO     | Epoch [  3890/50000] | Total Loss: 1.0899e-01 | LR: 1.00e-03 | mass: 1.34e+01 | momentum: 2.78e+00 | wall: 4.47e-03 | inlet: 1.28e-04 | outlet: 3.66e-04 | integral_mass: 4.28e+00
2026-09-23 17:26:16 | INFO     | Epoch [  3900/50000] | Total Loss: 2.1650e-01 | LR: 1.00e-03 | mass: 1.30e+01 | momentum: 2.73e+00 | wall: 5.33e-03 | inlet: 3.25e-04 | outlet: 5.11e-04 | integral_mass: 4.21e+00
2026-09-23 17:26:22 | INFO     | Epoch [  3910/50000] | Total Loss: 1.5284e-01 | LR: 1.00e-03 | mass: 1.35e+01 | momentum: 2.80e+00 | wall: 5.15e-03 | inlet: 2.02e-04 | outlet: 4.00e-04 | integral_mass: 4.23e+00
2026-09-23 17:26:27 | INFO     | Epoch [  3920/50000] | Total Loss: 1.1521e-01 | LR: 1.00e-03 | mass: 1.35e+01 | momentum: 2.80e+00 | wall: 4.39e-03 | inlet: 1.42e-04 | outlet: 3.43e-04 | integral_mass: 4.21e+00
2026-09-23 17:26:33 | INFO     | Epoch [  3930/50000] | Total Loss: 1.0278e-01 | LR: 1.00e-03 | mass: 1.32e+01 | momentum: 2.76e+00 | wall: 4.39e-03 | inlet: 1.17e-04 | outlet: 3.29e-04 | integral_mass: 4.18e+00
2026-09-23 17:26:39 | INFO     | Epoch [  3940/50000] | Total Loss: 7.3605e-02 | LR: 1.00e-03 | mass: 1.33e+01 | momentum: 2.75e+00 | wall: 4.18e-03 | inlet: 6.30e-05 | outlet: 3.30e-04 | integral_mass: 4.20e+00
2026-09-23 17:26:44 | INFO     | Epoch [  3950/50000] | Total Loss: 9.2364e-02 | LR: 1.00e-03 | mass: 1.30e+01 | momentum: 2.72e+00 | wall: 4.27e-03 | inlet: 9.87e-05 | outlet: 3.24e-04 | integral_mass: 4.17e+00
2026-09-23 17:26:50 | INFO     | Epoch [  3960/50000] | Total Loss: 9.5327e-02 | LR: 1.00e-03 | mass: 1.32e+01 | momentum: 2.72e+00 | wall: 4.14e-03 | inlet: 1.07e-04 | outlet: 3.27e-04 | integral_mass: 4.22e+00
2026-09-23 17:26:56 | INFO     | Epoch [  3970/50000] | Total Loss: 1.5967e-01 | LR: 1.00e-03 | mass: 1.34e+01 | momentum: 2.74e+00 | wall: 4.18e-03 | inlet: 2.35e-04 | outlet: 3.35e-04 | integral_mass: 4.21e+00
2026-09-23 17:27:01 | INFO     | Epoch [  3980/50000] | Total Loss: 2.0412e-01 | LR: 1.00e-03 | mass: 1.32e+01 | momentum: 2.76e+00 | wall: 4.33e-03 | inlet: 3.21e-04 | outlet: 3.25e-04 | integral_mass: 4.22e+00
2026-09-23 17:27:07 | INFO     | Epoch [  3990/50000] | Total Loss: 1.9816e-01 | LR: 1.00e-03 | mass: 1.35e+01 | momentum: 2.82e+00 | wall: 4.25e-03 | inlet: 3.11e-04 | outlet: 3.32e-04 | integral_mass: 4.30e+00
2026-09-23 17:27:13 | INFO     | Epoch [  4000/50000] | Total Loss: 1.2950e-01 | LR: 1.00e-03 | mass: 1.31e+01 | momentum: 2.73e+00 | wall: 4.12e-03 | inlet: 1.76e-04 | outlet: 3.27e-04 | integral_mass: 4.16e+00
2026-09-23 17:27:18 | INFO     | Epoch [  4010/50000] | Total Loss: 9.2790e-02 | LR: 1.00e-03 | mass: 1.33e+01 | momentum: 2.78e+00 | wall: 4.18e-03 | inlet: 1.01e-04 | outlet: 3.29e-04 | integral_mass: 4.27e+00
2026-09-23 17:27:24 | INFO     | Epoch [  4020/50000] | Total Loss: 1.3410e-01 | LR: 1.00e-03 | mass: 1.31e+01 | momentum: 2.69e+00 | wall: 4.05e-03 | inlet: 1.87e-04 | outlet: 3.24e-04 | integral_mass: 4.17e+00
2026-09-23 17:27:30 | INFO     | Epoch [  4030/50000] | Total Loss: 1.1888e-01 | LR: 1.00e-03 | mass: 1.33e+01 | momentum: 2.78e+00 | wall: 4.16e-03 | inlet: 1.54e-04 | outlet: 3.28e-04 | integral_mass: 4.29e+00
2026-09-23 17:27:35 | INFO     | Epoch [  4040/50000] | Total Loss: 1.4031e-01 | LR: 1.00e-03 | mass: 1.31e+01 | momentum: 2.69e+00 | wall: 4.01e-03 | inlet: 2.00e-04 | outlet: 3.24e-04 | integral_mass: 4.16e+00
2026-09-23 17:27:41 | INFO     | Epoch [  4050/50000] | Total Loss: 8.1762e-02 | LR: 1.00e-03 | mass: 1.32e+01 | momentum: 2.78e+00 | wall: 4.10e-03 | inlet: 8.08e-05 | outlet: 3.27e-04 | integral_mass: 4.27e+00
2026-09-23 17:27:46 | INFO     | Epoch [  4060/50000] | Total Loss: 1.6445e-01 | LR: 1.00e-03 | mass: 1.30e+01 | momentum: 2.69e+00 | wall: 3.99e-03 | inlet: 2.48e-04 | outlet: 3.23e-04 | integral_mass: 4.15e+00
2026-09-23 17:27:52 | INFO     | Epoch [  4070/50000] | Total Loss: 1.0449e-01 | LR: 1.00e-03 | mass: 1.33e+01 | momentum: 2.79e+00 | wall: 4.09e-03 | inlet: 1.26e-04 | outlet: 3.28e-04 | integral_mass: 4.29e+00
2026-09-23 17:27:58 | INFO     | Epoch [  4080/50000] | Total Loss: 1.1295e-01 | LR: 1.00e-03 | mass: 1.31e+01 | momentum: 2.70e+00 | wall: 3.98e-03 | inlet: 1.46e-04 | outlet: 3.24e-04 | integral_mass: 4.17e+00
2026-09-23 17:28:03 | INFO     | Epoch [  4090/50000] | Total Loss: 1.0223e-01 | LR: 1.00e-03 | mass: 1.32e+01 | momentum: 2.78e+00 | wall: 4.12e-03 | inlet: 1.21e-04 | outlet: 3.27e-04 | integral_mass: 4.28e+00
2026-09-23 17:28:09 | INFO     | Epoch [  4100/50000] | Total Loss: 1.1507e-01 | LR: 1.00e-03 | mass: 1.31e+01 | momentum: 2.71e+00 | wall: 3.99e-03 | inlet: 1.50e-04 | outlet: 3.24e-04 | integral_mass: 4.18e+00
2026-09-23 17:28:15 | INFO     | Epoch [  4110/50000] | Total Loss: 1.0805e-01 | LR: 1.00e-03 | mass: 1.32e+01 | momentum: 2.79e+00 | wall: 4.13e-03 | inlet: 1.33e-04 | outlet: 3.27e-04 | integral_mass: 4.28e+00
2026-09-23 17:28:20 | INFO     | Epoch [  4120/50000] | Total Loss: 1.1578e-01 | LR: 1.00e-03 | mass: 1.32e+01 | momentum: 2.72e+00 | wall: 3.98e-03 | inlet: 1.51e-04 | outlet: 3.25e-04 | integral_mass: 4.18e+00
2026-09-23 17:28:26 | INFO     | Epoch [  4130/50000] | Total Loss: 1.0875e-01 | LR: 1.00e-03 | mass: 1.33e+01 | momentum: 2.80e+00 | wall: 4.11e-03 | inlet: 1.35e-04 | outlet: 3.27e-04 | integral_mass: 4.28e+00
2026-09-23 17:28:32 | INFO     | Epoch [  4140/50000] | Total Loss: 1.1674e-01 | LR: 1.00e-03 | mass: 1.32e+01 | momentum: 2.72e+00 | wall: 3.96e-03 | inlet: 1.54e-04 | outlet: 3.25e-04 | integral_mass: 4.18e+00
2026-09-23 17:28:37 | INFO     | Epoch [  4150/50000] | Total Loss: 1.0628e-01 | LR: 1.00e-03 | mass: 1.33e+01 | momentum: 2.80e+00 | wall: 4.09e-03 | inlet: 1.30e-04 | outlet: 3.27e-04 | integral_mass: 4.27e+00
2026-09-23 17:28:43 | INFO     | Epoch [  4160/50000] | Total Loss: 1.1868e-01 | LR: 1.00e-03 | mass: 1.32e+01 | momentum: 2.73e+00 | wall: 3.94e-03 | inlet: 1.58e-04 | outlet: 3.25e-04 | integral_mass: 4.18e+00
2026-09-23 17:28:48 | INFO     | Epoch [  4170/50000] | Total Loss: 9.7919e-02 | LR: 1.00e-03 | mass: 1.33e+01 | momentum: 2.80e+00 | wall: 4.06e-03 | inlet: 1.14e-04 | outlet: 3.27e-04 | integral_mass: 4.27e+00
2026-09-23 17:28:54 | INFO     | Epoch [  4180/50000] | Total Loss: 1.2619e-01 | LR: 1.00e-03 | mass: 1.32e+01 | momentum: 2.73e+00 | wall: 3.92e-03 | inlet: 1.73e-04 | outlet: 3.24e-04 | integral_mass: 4.17e+00
2026-09-23 17:29:00 | INFO     | Epoch [  4190/50000] | Total Loss: 8.2263e-02 | LR: 1.00e-03 | mass: 1.33e+01 | momentum: 2.80e+00 | wall: 4.01e-03 | inlet: 8.36e-05 | outlet: 3.26e-04 | integral_mass: 4.27e+00
2026-09-23 17:29:05 | INFO     | Epoch [  4200/50000] | Total Loss: 1.4578e-01 | LR: 1.00e-03 | mass: 1.32e+01 | momentum: 2.72e+00 | wall: 3.88e-03 | inlet: 2.13e-04 | outlet: 3.23e-04 | integral_mass: 4.16e+00
2026-09-23 17:29:11 | INFO     | Epoch [  4210/50000] | Total Loss: 7.6662e-02 | LR: 1.00e-03 | mass: 1.33e+01 | momentum: 2.80e+00 | wall: 3.96e-03 | inlet: 7.34e-05 | outlet: 3.26e-04 | integral_mass: 4.27e+00
2026-09-23 17:29:17 | INFO     | Epoch [  4220/50000] | Total Loss: 1.2190e-01 | LR: 1.00e-03 | mass: 1.31e+01 | momentum: 2.73e+00 | wall: 3.86e-03 | inlet: 1.66e-04 | outlet: 3.22e-04 | integral_mass: 4.17e+00
2026-09-23 17:29:22 | INFO     | Epoch [  4230/50000] | Total Loss: 1.0688e-01 | LR: 1.00e-03 | mass: 1.33e+01 | momentum: 2.82e+00 | wall: 3.96e-03 | inlet: 1.34e-04 | outlet: 3.27e-04 | integral_mass: 4.29e+00
2026-09-23 17:29:28 | INFO     | Epoch [  4240/50000] | Total Loss: 1.1497e-01 | LR: 1.00e-03 | mass: 1.31e+01 | momentum: 2.73e+00 | wall: 3.86e-03 | inlet: 1.52e-04 | outlet: 3.23e-04 | integral_mass: 4.17e+00
2026-09-23 17:29:33 | INFO     | Epoch [  4250/50000] | Total Loss: 1.2182e-01 | LR: 1.00e-03 | mass: 1.35e+01 | momentum: 2.83e+00 | wall: 3.98e-03 | inlet: 1.63e-04 | outlet: 3.31e-04 | integral_mass: 4.30e+00
2026-09-23 17:29:39 | INFO     | Epoch [  4260/50000] | Total Loss: 1.5626e-01 | LR: 1.00e-03 | mass: 1.30e+01 | momentum: 2.76e+00 | wall: 4.16e-03 | inlet: 2.29e-04 | outlet: 3.24e-04 | integral_mass: 4.16e+00
2026-09-23 17:29:45 | INFO     | Epoch [  4270/50000] | Total Loss: 1.4675e-01 | LR: 1.00e-03 | mass: 1.36e+01 | momentum: 2.84e+00 | wall: 4.19e-03 | inlet: 2.09e-04 | outlet: 3.37e-04 | integral_mass: 4.29e+00
2026-09-23 17:29:51 | INFO     | Epoch [  4280/50000] | Total Loss: 1.5683e-01 | LR: 1.00e-03 | mass: 1.31e+01 | momentum: 2.79e+00 | wall: 4.57e-03 | inlet: 2.22e-04 | outlet: 3.31e-04 | integral_mass: 4.15e+00
2026-09-23 17:29:57 | INFO     | Epoch [  4290/50000] | Total Loss: 1.5381e-01 | LR: 1.00e-03 | mass: 1.40e+01 | momentum: 2.89e+00 | wall: 5.11e-03 | inlet: 2.05e-04 | outlet: 3.52e-04 | integral_mass: 4.33e+00
2026-09-23 17:30:03 | INFO     | Epoch [  4300/50000] | Total Loss: 1.5445e-01 | LR: 1.00e-03 | mass: 1.31e+01 | momentum: 2.82e+00 | wall: 5.25e-03 | inlet: 2.03e-04 | outlet: 3.33e-04 | integral_mass: 4.13e+00
2026-09-23 17:30:09 | INFO     | Epoch [  4310/50000] | Total Loss: 1.4367e-01 | LR: 1.00e-03 | mass: 1.44e+01 | momentum: 2.95e+00 | wall: 5.66e-03 | inlet: 1.73e-04 | outlet: 3.74e-04 | integral_mass: 4.33e+00
2026-09-23 17:30:15 | INFO     | Epoch [  4320/50000] | Total Loss: 1.6352e-01 | LR: 1.00e-03 | mass: 1.39e+01 | momentum: 2.89e+00 | wall: 4.42e-03 | inlet: 2.38e-04 | outlet: 3.57e-04 | integral_mass: 4.21e+00
2026-09-23 17:30:21 | INFO     | Epoch [  4330/50000] | Total Loss: 2.4850e-01 | LR: 1.00e-03 | mass: 1.42e+01 | momentum: 2.94e+00 | wall: 5.26e-03 | inlet: 3.90e-04 | outlet: 6.18e-04 | integral_mass: 4.21e+00
2026-09-23 17:30:27 | INFO     | Epoch [  4340/50000] | Total Loss: 1.9534e-01 | LR: 1.00e-03 | mass: 1.37e+01 | momentum: 2.94e+00 | wall: 4.20e-03 | inlet: 3.06e-04 | outlet: 4.11e-04 | integral_mass: 4.25e+00
2026-09-23 17:30:33 | INFO     | Epoch [  4350/50000] | Total Loss: 1.4405e-01 | LR: 1.00e-03 | mass: 1.35e+01 | momentum: 2.82e+00 | wall: 4.02e-03 | inlet: 2.07e-04 | outlet: 3.47e-04 | integral_mass: 4.20e+00
2026-09-23 17:30:39 | INFO     | Epoch [  4360/50000] | Total Loss: 1.1398e-01 | LR: 1.00e-03 | mass: 1.33e+01 | momentum: 2.82e+00 | wall: 4.11e-03 | inlet: 1.45e-04 | outlet: 3.27e-04 | integral_mass: 4.24e+00
2026-09-23 17:30:45 | INFO     | Epoch [  4370/50000] | Total Loss: 1.0294e-01 | LR: 1.00e-03 | mass: 1.32e+01 | momentum: 2.77e+00 | wall: 4.02e-03 | inlet: 1.25e-04 | outlet: 3.29e-04 | integral_mass: 4.23e+00
2026-09-23 17:30:51 | INFO     | Epoch [  4380/50000] | Total Loss: 9.1128e-02 | LR: 1.00e-03 | mass: 1.32e+01 | momentum: 2.76e+00 | wall: 3.95e-03 | inlet: 1.03e-04 | outlet: 3.20e-04 | integral_mass: 4.23e+00
2026-09-23 17:30:57 | INFO     | Epoch [  4390/50000] | Total Loss: 8.6893e-02 | LR: 1.00e-03 | mass: 1.32e+01 | momentum: 2.74e+00 | wall: 3.89e-03 | inlet: 9.53e-05 | outlet: 3.19e-04 | integral_mass: 4.24e+00
2026-09-23 17:31:03 | INFO     | Epoch [  4400/50000] | Total Loss: 8.2508e-02 | LR: 1.00e-03 | mass: 1.30e+01 | momentum: 2.73e+00 | wall: 3.89e-03 | inlet: 8.67e-05 | outlet: 3.16e-04 | integral_mass: 4.22e+00
2026-09-23 17:31:09 | INFO     | Epoch [  4410/50000] | Total Loss: 8.2165e-02 | LR: 1.00e-03 | mass: 1.30e+01 | momentum: 2.71e+00 | wall: 3.83e-03 | inlet: 8.71e-05 | outlet: 3.14e-04 | integral_mass: 4.23e+00
2026-09-23 17:31:14 | INFO     | Epoch [  4420/50000] | Total Loss: 7.6659e-02 | LR: 1.00e-03 | mass: 1.31e+01 | momentum: 2.72e+00 | wall: 3.84e-03 | inlet: 7.59e-05 | outlet: 3.15e-04 | integral_mass: 4.24e+00
2026-09-23 17:31:20 | INFO     | Epoch [  4430/50000] | Total Loss: 7.6015e-02 | LR: 1.00e-03 | mass: 1.29e+01 | momentum: 2.70e+00 | wall: 3.77e-03 | inlet: 7.60e-05 | outlet: 3.12e-04 | integral_mass: 4.23e+00
2026-09-23 17:31:26 | INFO     | Epoch [  4440/50000] | Total Loss: 7.2259e-02 | LR: 1.00e-03 | mass: 1.29e+01 | momentum: 2.70e+00 | wall: 3.77e-03 | inlet: 6.86e-05 | outlet: 3.12e-04 | integral_mass: 4.23e+00
2026-09-23 17:31:32 | INFO     | Epoch [  4450/50000] | Total Loss: 7.1975e-02 | LR: 1.00e-03 | mass: 1.29e+01 | momentum: 2.69e+00 | wall: 3.76e-03 | inlet: 6.82e-05 | outlet: 3.11e-04 | integral_mass: 4.24e+00
2026-09-23 17:31:38 | INFO     | Epoch [  4460/50000] | Total Loss: 6.9316e-02 | LR: 1.00e-03 | mass: 1.29e+01 | momentum: 2.69e+00 | wall: 3.77e-03 | inlet: 6.27e-05 | outlet: 3.09e-04 | integral_mass: 4.22e+00
2026-09-23 17:31:44 | INFO     | Epoch [  4470/50000] | Total Loss: 6.8772e-02 | LR: 1.00e-03 | mass: 1.28e+01 | momentum: 2.68e+00 | wall: 3.73e-03 | inlet: 6.24e-05 | outlet: 3.09e-04 | integral_mass: 4.24e+00
2026-09-23 17:31:50 | INFO     | Epoch [  4480/50000] | Total Loss: 6.6963e-02 | LR: 1.00e-03 | mass: 1.29e+01 | momentum: 2.69e+00 | wall: 3.69e-03 | inlet: 5.96e-05 | outlet: 3.09e-04 | integral_mass: 4.23e+00
2026-09-23 17:31:56 | INFO     | Epoch [  4490/50000] | Total Loss: 6.2912e-02 | LR: 1.00e-03 | mass: 1.28e+01 | momentum: 2.69e+00 | wall: 3.66e-03 | inlet: 5.20e-05 | outlet: 3.07e-04 | integral_mass: 4.23e+00
2026-09-23 17:32:02 | INFO     | Epoch [  4500/50000] | Total Loss: 4.6233e-02 | LR: 1.00e-03 | mass: 1.29e+01 | momentum: 2.71e+00 | wall: 3.74e-03 | inlet: 1.70e-05 | outlet: 3.08e-04 | integral_mass: 4.24e+00
2026-09-23 17:32:08 | INFO     | Epoch [  4510/50000] | Total Loss: 2.3206e-01 | LR: 1.00e-03 | mass: 1.26e+01 | momentum: 2.81e+00 | wall: 8.88e-03 | inlet: 2.86e-04 | outlet: 3.08e-04 | integral_mass: 4.10e+00
2026-09-23 17:32:14 | INFO     | Epoch [  4520/50000] | Total Loss: 1.8518e-01 | LR: 1.00e-03 | mass: 1.28e+01 | momentum: 2.76e+00 | wall: 5.16e-03 | inlet: 2.67e-04 | outlet: 3.15e-04 | integral_mass: 4.17e+00
2026-09-23 17:32:20 | INFO     | Epoch [  4530/50000] | Total Loss: 1.8014e-01 | LR: 1.00e-03 | mass: 1.35e+01 | momentum: 2.85e+00 | wall: 3.81e-03 | inlet: 2.83e-04 | outlet: 3.25e-04 | integral_mass: 4.20e+00
2026-09-23 17:32:26 | INFO     | Epoch [  4540/50000] | Total Loss: 1.3398e-01 | LR: 1.00e-03 | mass: 1.33e+01 | momentum: 2.85e+00 | wall: 3.91e-03 | inlet: 1.89e-04 | outlet: 3.20e-04 | integral_mass: 4.18e+00
2026-09-23 17:32:32 | INFO     | Epoch [  4550/50000] | Total Loss: 1.5614e-01 | LR: 1.00e-03 | mass: 1.40e+01 | momentum: 2.94e+00 | wall: 4.06e-03 | inlet: 2.30e-04 | outlet: 3.33e-04 | integral_mass: 4.27e+00
2026-09-23 17:32:38 | INFO     | Epoch [  4560/50000] | Total Loss: 1.3758e-01 | LR: 1.00e-03 | mass: 1.34e+01 | momentum: 2.90e+00 | wall: 4.42e-03 | inlet: 1.86e-04 | outlet: 3.23e-04 | integral_mass: 4.16e+00
2026-09-23 17:32:44 | INFO     | Epoch [  4570/50000] | Total Loss: 1.1613e-01 | LR: 1.00e-03 | mass: 1.44e+01 | momentum: 3.02e+00 | wall: 4.54e-03 | inlet: 1.41e-04 | outlet: 3.40e-04 | integral_mass: 4.27e+00
2026-09-23 17:32:50 | INFO     | Epoch [  4580/50000] | Total Loss: 1.1583e-01 | LR: 1.00e-03 | mass: 1.35e+01 | momentum: 2.90e+00 | wall: 4.49e-03 | inlet: 1.41e-04 | outlet: 3.28e-04 | integral_mass: 4.11e+00
2026-09-23 17:32:56 | INFO     | Epoch [  4590/50000] | Total Loss: 3.5238e-01 | LR: 1.00e-03 | mass: 1.51e+01 | momentum: 3.17e+00 | wall: 6.69e-03 | inlet: 5.70e-04 | outlet: 5.19e-04 | integral_mass: 4.34e+00
2026-09-23 17:33:02 | INFO     | Epoch [  4600/50000] | Total Loss: 1.3653e-01 | LR: 1.00e-03 | mass: 1.32e+01 | momentum: 2.85e+00 | wall: 4.93e-03 | inlet: 1.74e-04 | outlet: 3.49e-04 | integral_mass: 4.16e+00
2026-09-23 17:33:08 | INFO     | Epoch [  4610/50000] | Total Loss: 1.3376e-01 | LR: 1.00e-03 | mass: 1.42e+01 | momentum: 2.98e+00 | wall: 4.22e-03 | inlet: 1.82e-04 | outlet: 3.53e-04 | integral_mass: 4.29e+00
2026-09-23 17:33:14 | INFO     | Epoch [  4620/50000] | Total Loss: 1.4062e-01 | LR: 1.00e-03 | mass: 1.34e+01 | momentum: 2.84e+00 | wall: 3.84e-03 | inlet: 2.04e-04 | outlet: 3.33e-04 | integral_mass: 4.16e+00
2026-09-23 17:33:20 | INFO     | Epoch [  4630/50000] | Total Loss: 1.1972e-01 | LR: 1.00e-03 | mass: 1.40e+01 | momentum: 2.94e+00 | wall: 3.84e-03 | inlet: 1.62e-04 | outlet: 3.39e-04 | integral_mass: 4.29e+00
2026-09-23 17:33:26 | INFO     | Epoch [  4640/50000] | Total Loss: 1.0555e-01 | LR: 1.00e-03 | mass: 1.34e+01 | momentum: 2.83e+00 | wall: 3.58e-03 | inlet: 1.39e-04 | outlet: 3.30e-04 | integral_mass: 4.16e+00
2026-09-23 17:33:32 | INFO     | Epoch [  4650/50000] | Total Loss: 8.8888e-02 | LR: 1.00e-03 | mass: 1.37e+01 | momentum: 2.91e+00 | wall: 3.66e-03 | inlet: 1.04e-04 | outlet: 3.32e-04 | integral_mass: 4.27e+00
2026-09-23 17:33:38 | INFO     | Epoch [  4660/50000] | Total Loss: 9.2592e-02 | LR: 1.00e-03 | mass: 1.35e+01 | momentum: 2.83e+00 | wall: 3.53e-03 | inlet: 1.14e-04 | outlet: 3.23e-04 | integral_mass: 4.17e+00
2026-09-23 17:33:44 | INFO     | Epoch [  4670/50000] | Total Loss: 8.2379e-02 | LR: 1.00e-03 | mass: 1.36e+01 | momentum: 2.91e+00 | wall: 3.62e-03 | inlet: 9.17e-05 | outlet: 3.25e-04 | integral_mass: 4.27e+00
2026-09-23 17:33:50 | INFO     | Epoch [  4680/50000] | Total Loss: 9.0809e-02 | LR: 1.00e-03 | mass: 1.35e+01 | momentum: 2.84e+00 | wall: 3.50e-03 | inlet: 1.11e-04 | outlet: 3.22e-04 | integral_mass: 4.17e+00
2026-09-23 17:33:56 | INFO     | Epoch [  4690/50000] | Total Loss: 7.5197e-02 | LR: 1.00e-03 | mass: 1.36e+01 | momentum: 2.92e+00 | wall: 3.58e-03 | inlet: 7.81e-05 | outlet: 3.25e-04 | integral_mass: 4.26e+00
2026-09-23 17:34:02 | INFO     | Epoch [  4700/50000] | Total Loss: 9.7591e-02 | LR: 1.00e-03 | mass: 1.35e+01 | momentum: 2.84e+00 | wall: 3.47e-03 | inlet: 1.25e-04 | outlet: 3.22e-04 | integral_mass: 4.17e+00
2026-09-23 17:34:08 | INFO     | Epoch [  4710/50000] | Total Loss: 6.2605e-02 | LR: 1.00e-03 | mass: 1.36e+01 | momentum: 2.92e+00 | wall: 3.54e-03 | inlet: 5.37e-05 | outlet: 3.24e-04 | integral_mass: 4.26e+00
2026-09-23 17:34:14 | INFO     | Epoch [  4720/50000] | Total Loss: 1.2842e-01 | LR: 1.00e-03 | mass: 1.35e+01 | momentum: 2.84e+00 | wall: 3.45e-03 | inlet: 1.87e-04 | outlet: 3.22e-04 | integral_mass: 4.16e+00
2026-09-23 17:34:20 | INFO     | Epoch [  4730/50000] | Total Loss: 4.3484e-02 | LR: 1.00e-03 | mass: 1.37e+01 | momentum: 2.91e+00 | wall: 3.47e-03 | inlet: 1.68e-05 | outlet: 3.24e-04 | integral_mass: 4.24e+00
2026-09-23 17:34:26 | INFO     | Epoch [  4740/50000] | Total Loss: 8.9164e-02 | LR: 1.00e-03 | mass: 1.33e+01 | momentum: 2.85e+00 | wall: 3.71e-03 | inlet: 1.04e-04 | outlet: 3.20e-04 | integral_mass: 4.16e+00
2026-09-23 17:34:32 | INFO     | Epoch [  4750/50000] | Total Loss: 1.4188e-01 | LR: 1.00e-03 | mass: 1.39e+01 | momentum: 2.96e+00 | wall: 3.53e-03 | inlet: 2.13e-04 | outlet: 3.28e-04 | integral_mass: 4.29e+00
2026-09-23 17:34:38 | INFO     | Epoch [  4760/50000] | Total Loss: 8.6460e-02 | LR: 1.00e-03 | mass: 1.37e+01 | momentum: 2.91e+00 | wall: 3.47e-03 | inlet: 1.03e-04 | outlet: 3.26e-04 | integral_mass: 4.22e+00
2026-09-23 17:34:44 | INFO     | Epoch [  4770/50000] | Total Loss: 1.3142e-01 | LR: 1.00e-03 | mass: 1.36e+01 | momentum: 2.94e+00 | wall: 3.77e-03 | inlet: 1.87e-04 | outlet: 3.21e-04 | integral_mass: 4.19e+00
2026-09-23 17:34:50 | INFO     | Epoch [  4780/50000] | Total Loss: 1.3377e-01 | LR: 1.00e-03 | mass: 1.39e+01 | momentum: 2.95e+00 | wall: 3.71e-03 | inlet: 1.93e-04 | outlet: 3.28e-04 | integral_mass: 4.25e+00
2026-09-23 17:34:56 | INFO     | Epoch [  4790/50000] | Total Loss: 1.2090e-01 | LR: 1.00e-03 | mass: 1.38e+01 | momentum: 2.96e+00 | wall: 3.45e-03 | inlet: 1.72e-04 | outlet: 3.24e-04 | integral_mass: 4.23e+00
2026-09-23 17:35:02 | INFO     | Epoch [  4800/50000] | Total Loss: 9.2665e-02 | LR: 1.00e-03 | mass: 1.34e+01 | momentum: 2.89e+00 | wall: 3.78e-03 | inlet: 1.09e-04 | outlet: 3.16e-04 | integral_mass: 4.17e+00
2026-09-23 17:35:08 | INFO     | Epoch [  4810/50000] | Total Loss: 8.7796e-02 | LR: 1.00e-03 | mass: 1.41e+01 | momentum: 2.96e+00 | wall: 4.03e-03 | inlet: 9.43e-05 | outlet: 3.28e-04 | integral_mass: 4.28e+00
2026-09-23 17:35:14 | INFO     | Epoch [  4820/50000] | Total Loss: 8.1876e-02 | LR: 1.00e-03 | mass: 1.33e+01 | momentum: 2.88e+00 | wall: 3.86e-03 | inlet: 8.59e-05 | outlet: 3.14e-04 | integral_mass: 4.16e+00
2026-09-23 17:35:20 | INFO     | Epoch [  4830/50000] | Total Loss: 7.1451e-02 | LR: 1.00e-03 | mass: 1.39e+01 | momentum: 2.92e+00 | wall: 3.59e-03 | inlet: 7.05e-05 | outlet: 3.25e-04 | integral_mass: 4.26e+00
2026-09-23 17:35:26 | INFO     | Epoch [  4840/50000] | Total Loss: 7.1104e-02 | LR: 1.00e-03 | mass: 1.34e+01 | momentum: 2.87e+00 | wall: 3.42e-03 | inlet: 7.32e-05 | outlet: 3.17e-04 | integral_mass: 4.19e+00
2026-09-23 17:35:32 | INFO     | Epoch [  4850/50000] | Total Loss: 6.2262e-02 | LR: 1.00e-03 | mass: 1.36e+01 | momentum: 2.89e+00 | wall: 3.35e-03 | inlet: 5.69e-05 | outlet: 3.19e-04 | integral_mass: 4.24e+00
2026-09-23 17:35:38 | INFO     | Epoch [  4860/50000] | Total Loss: 6.3588e-02 | LR: 1.00e-03 | mass: 1.35e+01 | momentum: 2.86e+00 | wall: 3.31e-03 | inlet: 6.04e-05 | outlet: 3.14e-04 | integral_mass: 4.21e+00
2026-09-23 17:35:44 | INFO     | Epoch [  4870/50000] | Total Loss: 5.6484e-02 | LR: 1.00e-03 | mass: 1.35e+01 | momentum: 2.88e+00 | wall: 3.28e-03 | inlet: 4.67e-05 | outlet: 3.20e-04 | integral_mass: 4.23e+00
2026-09-23 17:35:50 | INFO     | Epoch [  4880/50000] | Total Loss: 6.2275e-02 | LR: 1.00e-03 | mass: 1.35e+01 | momentum: 2.85e+00 | wall: 3.26e-03 | inlet: 5.86e-05 | outlet: 3.24e-04 | integral_mass: 4.20e+00
2026-09-23 17:35:56 | INFO     | Epoch [  4890/50000] | Total Loss: 5.1842e-02 | LR: 1.00e-03 | mass: 1.35e+01 | momentum: 2.87e+00 | wall: 3.25e-03 | inlet: 3.80e-05 | outlet: 3.29e-04 | integral_mass: 4.24e+00
2026-09-23 17:36:02 | INFO     | Epoch [  4900/50000] | Total Loss: 6.2704e-02 | LR: 1.00e-03 | mass: 1.34e+01 | momentum: 2.84e+00 | wall: 3.22e-03 | inlet: 6.03e-05 | outlet: 3.25e-04 | integral_mass: 4.20e+00
2026-09-23 17:36:08 | INFO     | Epoch [  4910/50000] | Total Loss: 4.7819e-02 | LR: 1.00e-03 | mass: 1.35e+01 | momentum: 2.87e+00 | wall: 3.20e-03 | inlet: 3.10e-05 | outlet: 3.30e-04 | integral_mass: 4.23e+00
2026-09-23 17:36:14 | INFO     | Epoch [  4920/50000] | Total Loss: 4.8237e-02 | LR: 1.00e-03 | mass: 1.34e+01 | momentum: 2.84e+00 | wall: 3.18e-03 | inlet: 3.21e-05 | outlet: 3.33e-04 | integral_mass: 4.22e+00
2026-09-23 17:36:20 | INFO     | Epoch [  4930/50000] | Total Loss: 5.7609e-02 | LR: 1.00e-03 | mass: 1.34e+01 | momentum: 2.86e+00 | wall: 3.27e-03 | inlet: 4.93e-05 | outlet: 3.14e-04 | integral_mass: 4.21e+00
2026-09-23 17:36:26 | INFO     | Epoch [  4940/50000] | Total Loss: 8.7182e-02 | LR: 1.00e-03 | mass: 1.35e+01 | momentum: 2.87e+00 | wall: 3.26e-03 | inlet: 1.08e-04 | outlet: 3.12e-04 | integral_mass: 4.19e+00
2026-09-23 17:36:32 | INFO     | Epoch [  4950/50000] | Total Loss: 1.6679e-01 | LR: 1.00e-03 | mass: 1.33e+01 | momentum: 2.88e+00 | wall: 3.80e-03 | inlet: 2.57e-04 | outlet: 3.14e-04 | integral_mass: 4.17e+00
2026-09-23 17:36:38 | INFO     | Epoch [  4960/50000] | Total Loss: 2.1992e-01 | LR: 1.00e-03 | mass: 1.45e+01 | momentum: 3.01e+00 | wall: 4.53e-03 | inlet: 3.48e-04 | outlet: 4.12e-04 | integral_mass: 4.27e+00
2026-09-23 17:36:44 | INFO     | Epoch [  4970/50000] | Total Loss: 9.0084e-02 | LR: 1.00e-03 | mass: 1.41e+01 | momentum: 2.99e+00 | wall: 4.41e-03 | inlet: 9.11e-05 | outlet: 4.02e-04 | integral_mass: 4.13e+00
2026-09-23 17:36:50 | INFO     | Epoch [  4980/50000] | Total Loss: 6.8716e-02 | LR: 1.00e-03 | mass: 1.39e+01 | momentum: 2.95e+00 | wall: 3.47e-03 | inlet: 6.58e-05 | outlet: 1.10e-03 | integral_mass: 4.26e+00
2026-09-23 17:36:56 | INFO     | Epoch [  4990/50000] | Total Loss: 6.1896e-02 | LR: 1.00e-03 | mass: 1.40e+01 | momentum: 2.94e+00 | wall: 3.49e-03 | inlet: 5.31e-05 | outlet: 4.52e-04 | integral_mass: 4.24e+00
2026-09-23 17:37:01 | INFO     | Epoch [  5000/50000] | Total Loss: 6.5832e-02 | LR: 1.00e-03 | mass: 1.34e+01 | momentum: 2.91e+00 | wall: 3.84e-03 | inlet: 5.41e-05 | outlet: 3.81e-04 | integral_mass: 4.19e+00
2026-09-23 17:37:14 | INFO     | Epoch [  5010/50000] | Total Loss: 1.1387e+02 | LR: 1.00e-03 | mass: 3.85e+00 | momentum: 7.95e+00 | wall: 1.37e+00 | inlet: 5.44e-02 | outlet: 1.81e-02 | integral_mass: 5.31e-01
2026-09-23 17:37:20 | INFO     | Epoch [  5020/50000] | Total Loss: 6.5747e+01 | LR: 1.00e-03 | mass: 1.57e+00 | momentum: 7.67e+00 | wall: 2.01e+00 | inlet: 1.33e-02 | outlet: 3.87e-02 | integral_mass: 3.11e-01
2026-09-23 17:37:26 | INFO     | Epoch [  5030/50000] | Total Loss: 4.4823e+01 | LR: 1.00e-03 | mass: 7.94e-01 | momentum: 5.35e+00 | wall: 2.06e+00 | inlet: 7.54e-03 | outlet: 2.40e-02 | integral_mass: 1.44e-01
2026-09-23 17:37:32 | INFO     | Epoch [  5040/50000] | Total Loss: 3.3766e+01 | LR: 1.00e-03 | mass: 5.12e-01 | momentum: 3.82e+00 | wall: 1.85e+00 | inlet: 5.32e-03 | outlet: 9.29e-03 | integral_mass: 7.23e-02
2026-09-23 17:37:37 | INFO     | Epoch [  5050/50000] | Total Loss: 2.7833e+01 | LR: 1.00e-03 | mass: 4.52e-01 | momentum: 3.28e+00 | wall: 1.55e+00 | inlet: 4.27e-03 | outlet: 5.05e-03 | integral_mass: 4.73e-02
2026-09-23 17:37:43 | INFO     | Epoch [  5060/50000] | Total Loss: 2.1402e+01 | LR: 1.00e-03 | mass: 4.26e-01 | momentum: 2.61e+00 | wall: 1.06e+00 | inlet: 2.66e-03 | outlet: 5.63e-03 | integral_mass: 5.20e-02
2026-09-23 17:37:49 | INFO     | Epoch [  5070/50000] | Total Loss: 1.4089e+01 | LR: 1.00e-03 | mass: 3.88e-01 | momentum: 1.93e+00 | wall: 6.44e-01 | inlet: 1.54e-03 | outlet: 2.05e-02 | integral_mass: 2.12e-02
2026-09-23 17:37:55 | INFO     | Epoch [  5080/50000] | Total Loss: 8.2487e+00 | LR: 1.00e-03 | mass: 3.49e-01 | momentum: 1.16e+00 | wall: 2.84e-01 | inlet: 1.11e-03 | outlet: 5.73e-02 | integral_mass: 2.90e-03
2026-09-23 17:38:01 | INFO     | Epoch [  5090/50000] | Total Loss: 1.3073e+01 | LR: 1.00e-03 | mass: 3.68e-01 | momentum: 8.22e-01 | wall: 1.74e-01 | inlet: 9.17e-03 | outlet: 9.65e-02 | integral_mass: 4.29e-02
2026-09-23 17:38:06 | INFO     | Epoch [  5100/50000] | Total Loss: 1.0316e+01 | LR: 1.00e-03 | mass: 3.03e-01 | momentum: 6.18e-01 | wall: 1.12e-01 | inlet: 3.41e-03 | outlet: 8.50e-02 | integral_mass: 7.52e-02
2026-09-23 17:38:12 | INFO     | Epoch [  5110/50000] | Total Loss: 8.6996e+00 | LR: 1.00e-03 | mass: 1.68e-01 | momentum: 6.54e-01 | wall: 1.58e-01 | inlet: 3.19e-03 | outlet: 1.16e-01 | integral_mass: 6.14e-02
2026-09-23 17:38:18 | INFO     | Epoch [  5120/50000] | Total Loss: 6.1120e+00 | LR: 1.00e-03 | mass: 1.49e-01 | momentum: 5.41e-01 | wall: 9.64e-02 | inlet: 2.17e-03 | outlet: 9.14e-02 | integral_mass: 3.89e-02
2026-09-23 17:38:24 | INFO     | Epoch [  5130/50000] | Total Loss: 4.3155e+00 | LR: 1.00e-03 | mass: 8.15e-02 | momentum: 5.37e-01 | wall: 1.10e-01 | inlet: 1.96e-03 | outlet: 1.07e-01 | integral_mass: 1.55e-02
2026-09-23 17:38:30 | INFO     | Epoch [  5140/50000] | Total Loss: 6.1657e+00 | LR: 1.00e-03 | mass: 1.36e-01 | momentum: 4.76e-01 | wall: 6.23e-02 | inlet: 2.59e-03 | outlet: 9.41e-02 | integral_mass: 4.63e-02
2026-09-23 17:38:35 | INFO     | Epoch [  5150/50000] | Total Loss: 3.0354e+00 | LR: 1.00e-03 | mass: 5.71e-02 | momentum: 4.75e-01 | wall: 7.38e-02 | inlet: 1.22e-03 | outlet: 1.12e-01 | integral_mass: 1.06e-02
2026-09-23 17:38:41 | INFO     | Epoch [  5160/50000] | Total Loss: 5.2145e+00 | LR: 1.00e-03 | mass: 9.83e-02 | momentum: 4.30e-01 | wall: 4.37e-02 | inlet: 2.01e-03 | outlet: 9.73e-02 | integral_mass: 4.52e-02
2026-09-23 17:38:47 | INFO     | Epoch [  5170/50000] | Total Loss: 3.2003e+00 | LR: 1.00e-03 | mass: 5.96e-02 | momentum: 4.46e-01 | wall: 6.29e-02 | inlet: 1.41e-03 | outlet: 1.14e-01 | integral_mass: 1.42e-02
2026-09-23 17:38:53 | INFO     | Epoch [  5180/50000] | Total Loss: 3.3589e+00 | LR: 1.00e-03 | mass: 6.37e-02 | momentum: 4.01e-01 | wall: 3.86e-02 | inlet: 1.07e-03 | outlet: 1.01e-01 | integral_mass: 2.59e-02
2026-09-23 17:38:59 | INFO     | Epoch [  5190/50000] | Total Loss: 3.0703e+00 | LR: 1.00e-03 | mass: 3.61e-02 | momentum: 4.06e-01 | wall: 5.21e-02 | inlet: 1.42e-03 | outlet: 1.17e-01 | integral_mass: 1.91e-02
2026-09-23 17:39:04 | INFO     | Epoch [  5200/50000] | Total Loss: 3.3306e+00 | LR: 1.00e-03 | mass: 5.58e-02 | momentum: 3.80e-01 | wall: 3.13e-02 | inlet: 1.18e-03 | outlet: 1.01e-01 | integral_mass: 2.78e-02
2026-09-23 17:39:10 | INFO     | Epoch [  5210/50000] | Total Loss: 2.0702e+00 | LR: 1.00e-03 | mass: 2.43e-02 | momentum: 3.79e-01 | wall: 4.17e-02 | inlet: 8.62e-04 | outlet: 1.13e-01 | integral_mass: 9.75e-03
2026-09-23 17:39:16 | INFO     | Epoch [  5220/50000] | Total Loss: 3.7114e+00 | LR: 1.00e-03 | mass: 5.68e-02 | momentum: 3.62e-01 | wall: 2.53e-02 | inlet: 1.48e-03 | outlet: 9.93e-02 | integral_mass: 3.38e-02
2026-09-23 17:39:22 | INFO     | Epoch [  5230/50000] | Total Loss: 1.6342e+00 | LR: 1.00e-03 | mass: 1.96e-02 | momentum: 3.61e-01 | wall: 3.30e-02 | inlet: 5.85e-04 | outlet: 1.12e-01 | integral_mass: 6.88e-03
2026-09-23 17:39:28 | INFO     | Epoch [  5240/50000] | Total Loss: 3.2597e+00 | LR: 1.00e-03 | mass: 4.63e-02 | momentum: 3.42e-01 | wall: 2.26e-02 | inlet: 1.15e-03 | outlet: 9.86e-02 | integral_mass: 3.11e-02
2026-09-23 17:39:33 | INFO     | Epoch [  5250/50000] | Total Loss: 2.0244e+00 | LR: 1.00e-03 | mass: 2.60e-02 | momentum: 3.39e-01 | wall: 3.30e-02 | inlet: 8.15e-04 | outlet: 1.12e-01 | integral_mass: 1.15e-02
2026-09-23 17:39:39 | INFO     | Epoch [  5260/50000] | Total Loss: 2.5455e+00 | LR: 1.00e-03 | mass: 3.61e-02 | momentum: 3.24e-01 | wall: 2.15e-02 | inlet: 8.40e-04 | outlet: 9.91e-02 | integral_mass: 2.25e-02
2026-09-23 17:39:45 | INFO     | Epoch [  5270/50000] | Total Loss: 1.5748e+00 | LR: 1.00e-03 | mass: 1.47e-02 | momentum: 3.17e-01 | wall: 2.88e-02 | inlet: 5.82e-04 | outlet: 1.09e-01 | integral_mass: 8.44e-03
2026-09-23 17:39:51 | INFO     | Epoch [  5280/50000] | Total Loss: 2.5696e+00 | LR: 1.00e-03 | mass: 3.28e-02 | momentum: 3.11e-01 | wall: 1.94e-02 | inlet: 8.40e-04 | outlet: 9.61e-02 | integral_mass: 2.44e-02
2026-09-23 17:39:57 | INFO     | Epoch [  5290/50000] | Total Loss: 1.5532e+00 | LR: 1.00e-03 | mass: 1.58e-02 | momentum: 3.06e-01 | wall: 2.60e-02 | inlet: 5.59e-04 | outlet: 1.07e-01 | integral_mass: 8.85e-03
2026-09-23 17:40:02 | INFO     | Epoch [  5300/50000] | Total Loss: 2.1225e+00 | LR: 1.00e-03 | mass: 2.91e-02 | momentum: 2.96e-01 | wall: 1.82e-02 | inlet: 6.54e-04 | outlet: 9.42e-02 | integral_mass: 1.86e-02
2026-09-23 17:40:08 | INFO     | Epoch [  5310/50000] | Total Loss: 1.4569e+00 | LR: 1.00e-03 | mass: 1.26e-02 | momentum: 2.89e-01 | wall: 2.41e-02 | inlet: 5.20e-04 | outlet: 1.03e-01 | integral_mass: 8.75e-03
2026-09-23 17:40:14 | INFO     | Epoch [  5320/50000] | Total Loss: 2.1622e+00 | LR: 1.00e-03 | mass: 2.85e-02 | momentum: 2.85e-01 | wall: 1.71e-02 | inlet: 6.55e-04 | outlet: 9.14e-02 | integral_mass: 2.01e-02
2026-09-23 17:40:20 | INFO     | Epoch [  5330/50000] | Total Loss: 1.2629e+00 | LR: 1.00e-03 | mass: 1.16e-02 | momentum: 2.78e-01 | wall: 2.17e-02 | inlet: 4.14e-04 | outlet: 1.00e-01 | integral_mass: 6.91e-03
2026-09-23 17:40:26 | INFO     | Epoch [  5340/50000] | Total Loss: 1.9362e+00 | LR: 1.00e-03 | mass: 2.69e-02 | momentum: 2.71e-01 | wall: 1.62e-02 | inlet: 5.55e-04 | outlet: 8.94e-02 | integral_mass: 1.73e-02
2026-09-23 17:40:32 | INFO     | Epoch [  5350/50000] | Total Loss: 1.4010e+00 | LR: 1.00e-03 | mass: 1.31e-02 | momentum: 2.63e-01 | wall: 2.11e-02 | inlet: 4.70e-04 | outlet: 9.81e-02 | integral_mass: 9.26e-03
2026-09-23 17:40:37 | INFO     | Epoch [  5360/50000] | Total Loss: 1.5357e+00 | LR: 1.00e-03 | mass: 1.89e-02 | momentum: 2.59e-01 | wall: 1.56e-02 | inlet: 3.94e-04 | outlet: 8.77e-02 | integral_mass: 1.30e-02
2026-09-23 17:40:43 | INFO     | Epoch [  5370/50000] | Total Loss: 1.4634e+00 | LR: 1.00e-03 | mass: 1.47e-02 | momentum: 2.53e-01 | wall: 2.00e-02 | inlet: 4.78e-04 | outlet: 9.60e-02 | integral_mass: 1.06e-02
2026-09-23 17:40:49 | INFO     | Epoch [  5380/50000] | Total Loss: 1.4182e+00 | LR: 1.00e-03 | mass: 1.83e-02 | momentum: 2.47e-01 | wall: 1.49e-02 | inlet: 3.47e-04 | outlet: 8.58e-02 | integral_mass: 1.16e-02
2026-09-23 17:40:55 | INFO     | Epoch [  5390/50000] | Total Loss: 1.3601e+00 | LR: 1.00e-03 | mass: 1.59e-02 | momentum: 2.40e-01 | wall: 1.86e-02 | inlet: 4.08e-04 | outlet: 9.36e-02 | integral_mass: 9.55e-03
2026-09-23 17:41:01 | INFO     | Epoch [  5400/50000] | Total Loss: 1.2934e+00 | LR: 1.00e-03 | mass: 2.00e-02 | momentum: 2.34e-01 | wall: 1.41e-02 | inlet: 2.98e-04 | outlet: 8.47e-02 | integral_mass: 9.70e-03
2026-09-23 17:41:06 | INFO     | Epoch [  5410/50000] | Total Loss: 1.3597e+00 | LR: 1.00e-03 | mass: 5.20e-02 | momentum: 2.25e-01 | wall: 1.55e-02 | inlet: 4.55e-04 | outlet: 9.06e-02 | integral_mass: 2.83e-03
2026-09-23 17:41:12 | INFO     | Epoch [  5420/50000] | Total Loss: 1.2963e+00 | LR: 1.00e-03 | mass: 6.34e-02 | momentum: 2.17e-01 | wall: 1.36e-02 | inlet: 2.87e-04 | outlet: 8.80e-02 | integral_mass: 1.57e-03
2026-09-23 17:41:18 | INFO     | Epoch [  5430/50000] | Total Loss: 1.0360e+00 | LR: 1.00e-03 | mass: 4.73e-02 | momentum: 2.04e-01 | wall: 1.29e-02 | inlet: 2.63e-04 | outlet: 8.91e-02 | integral_mass: 1.97e-04
2026-09-23 17:41:24 | INFO     | Epoch [  5440/50000] | Total Loss: 6.3177e-01 | LR: 1.00e-03 | mass: 9.12e-03 | momentum: 1.90e-01 | wall: 1.24e-02 | inlet: 1.85e-04 | outlet: 9.08e-02 | integral_mass: 8.77e-04
2026-09-23 17:41:30 | INFO     | Epoch [  5450/50000] | Total Loss: 1.0325e+00 | LR: 1.00e-03 | mass: 4.22e-02 | momentum: 1.84e-01 | wall: 1.24e-02 | inlet: 4.32e-04 | outlet: 8.60e-02 | integral_mass: 1.80e-06
2026-09-23 17:41:36 | INFO     | Epoch [  5460/50000] | Total Loss: 6.8154e-01 | LR: 1.00e-03 | mass: 2.24e-02 | momentum: 1.76e-01 | wall: 1.13e-02 | inlet: 1.60e-04 | outlet: 8.58e-02 | integral_mass: 3.91e-05
2026-09-23 17:41:42 | INFO     | Epoch [  5470/50000] | Total Loss: 8.7086e-01 | LR: 1.00e-03 | mass: 3.83e-02 | momentum: 1.69e-01 | wall: 1.13e-02 | inlet: 2.40e-04 | outlet: 8.53e-02 | integral_mass: 1.79e-05
2026-09-23 17:41:47 | INFO     | Epoch [  5480/50000] | Total Loss: 6.0332e-01 | LR: 1.00e-03 | mass: 1.21e-02 | momentum: 1.58e-01 | wall: 1.04e-02 | inlet: 1.74e-04 | outlet: 8.18e-02 | integral_mass: 1.04e-03
2026-09-23 17:41:53 | INFO     | Epoch [  5490/50000] | Total Loss: 8.1739e-01 | LR: 1.00e-03 | mass: 2.97e-02 | momentum: 1.50e-01 | wall: 9.99e-03 | inlet: 2.40e-04 | outlet: 7.93e-02 | integral_mass: 1.43e-03
2026-09-23 17:41:59 | INFO     | Epoch [  5500/50000] | Total Loss: 5.9046e-01 | LR: 1.00e-03 | mass: 1.92e-02 | momentum: 1.46e-01 | wall: 9.62e-03 | inlet: 9.58e-05 | outlet: 7.88e-02 | integral_mass: 5.91e-04
2026-09-23 17:42:05 | INFO     | Epoch [  5510/50000] | Total Loss: 9.5797e-01 | LR: 1.00e-03 | mass: 4.76e-02 | momentum: 1.41e-01 | wall: 9.42e-03 | inlet: 1.72e-04 | outlet: 7.62e-02 | integral_mass: 1.68e-03
2026-09-23 17:42:11 | INFO     | Epoch [  5520/50000] | Total Loss: 1.7008e+00 | LR: 1.00e-03 | mass: 8.49e-02 | momentum: 1.37e-01 | wall: 1.20e-02 | inlet: 6.43e-04 | outlet: 7.78e-02 | integral_mass: 3.90e-03
2026-09-23 17:42:17 | INFO     | Epoch [  5530/50000] | Total Loss: 8.0269e-01 | LR: 1.00e-03 | mass: 1.36e-02 | momentum: 1.34e-01 | wall: 9.35e-03 | inlet: 1.55e-04 | outlet: 7.23e-02 | integral_mass: 5.78e-03
2026-09-23 17:42:23 | INFO     | Epoch [  5540/50000] | Total Loss: 1.3581e+00 | LR: 1.00e-03 | mass: 1.51e-02 | momentum: 1.38e-01 | wall: 1.26e-02 | inlet: 4.26e-04 | outlet: 7.85e-02 | integral_mass: 1.30e-02
2026-09-23 17:42:29 | INFO     | Epoch [  5550/50000] | Total Loss: 8.5822e-01 | LR: 1.00e-03 | mass: 6.83e-03 | momentum: 1.31e-01 | wall: 9.26e-03 | inlet: 1.75e-04 | outlet: 6.95e-02 | integral_mass: 8.18e-03
2026-09-23 17:42:34 | INFO     | Epoch [  5560/50000] | Total Loss: 9.1581e-01 | LR: 1.00e-03 | mass: 5.81e-03 | momentum: 1.31e-01 | wall: 1.18e-02 | inlet: 2.51e-04 | outlet: 7.56e-02 | integral_mass: 8.17e-03
2026-09-23 17:42:40 | INFO     | Epoch [  5570/50000] | Total Loss: 7.1251e-01 | LR: 1.00e-03 | mass: 4.77e-03 | momentum: 1.28e-01 | wall: 9.18e-03 | inlet: 1.23e-04 | outlet: 6.77e-02 | integral_mass: 6.33e-03
2026-09-23 17:42:46 | INFO     | Epoch [  5580/50000] | Total Loss: 1.1224e+00 | LR: 1.00e-03 | mass: 8.37e-03 | momentum: 1.27e-01 | wall: 1.19e-02 | inlet: 3.03e-04 | outlet: 7.35e-02 | integral_mass: 1.14e-02
2026-09-23 17:42:52 | INFO     | Epoch [  5590/50000] | Total Loss: 5.0755e-01 | LR: 1.00e-03 | mass: 2.63e-03 | momentum: 1.25e-01 | wall: 9.11e-03 | inlet: 6.85e-05 | outlet: 6.64e-02 | integral_mass: 3.30e-03
2026-09-23 17:42:58 | INFO     | Epoch [  5600/50000] | Total Loss: 1.3770e+00 | LR: 1.00e-03 | mass: 1.01e-02 | momentum: 1.26e-01 | wall: 1.18e-02 | inlet: 3.86e-04 | outlet: 7.24e-02 | integral_mass: 1.53e-02
2026-09-23 17:43:04 | INFO     | Epoch [  5610/50000] | Total Loss: 4.3441e-01 | LR: 1.00e-03 | mass: 1.88e-03 | momentum: 1.21e-01 | wall: 8.95e-03 | inlet: 5.32e-05 | outlet: 6.47e-02 | integral_mass: 2.27e-03
2026-09-23 17:43:10 | INFO     | Epoch [  5620/50000] | Total Loss: 1.0604e+00 | LR: 1.00e-03 | mass: 9.88e-03 | momentum: 1.23e-01 | wall: 1.11e-02 | inlet: 2.81e-04 | outlet: 6.90e-02 | integral_mass: 1.04e-02
2026-09-23 17:43:15 | INFO     | Epoch [  5630/50000] | Total Loss: 6.5688e-01 | LR: 1.00e-03 | mass: 4.42e-03 | momentum: 1.19e-01 | wall: 8.82e-03 | inlet: 1.23e-04 | outlet: 6.17e-02 | integral_mass: 5.66e-03
2026-09-23 17:43:21 | INFO     | Epoch [  5640/50000] | Total Loss: 8.6182e-01 | LR: 1.00e-03 | mass: 5.86e-03 | momentum: 1.17e-01 | wall: 1.08e-02 | inlet: 2.45e-04 | outlet: 6.60e-02 | integral_mass: 7.79e-03
2026-09-23 17:43:27 | INFO     | Epoch [  5650/50000] | Total Loss: 5.5131e-01 | LR: 1.00e-03 | mass: 3.25e-03 | momentum: 1.15e-01 | wall: 8.70e-03 | inlet: 8.86e-05 | outlet: 6.01e-02 | integral_mass: 4.24e-03
2026-09-23 17:43:33 | INFO     | Epoch [  5660/50000] | Total Loss: 9.6442e-01 | LR: 1.00e-03 | mass: 7.24e-03 | momentum: 1.14e-01 | wall: 1.07e-02 | inlet: 2.51e-04 | outlet: 6.47e-02 | integral_mass: 9.62e-03
2026-09-23 17:43:39 | INFO     | Epoch [  5670/50000] | Total Loss: 4.5830e-01 | LR: 1.00e-03 | mass: 2.24e-03 | momentum: 1.12e-01 | wall: 8.59e-03 | inlet: 6.33e-05 | outlet: 5.88e-02 | integral_mass: 2.96e-03
2026-09-23 17:43:45 | INFO     | Epoch [  5680/50000] | Total Loss: 1.0187e+00 | LR: 1.00e-03 | mass: 8.45e-03 | momentum: 1.12e-01 | wall: 1.06e-02 | inlet: 2.92e-04 | outlet: 6.28e-02 | integral_mass: 1.01e-02
2026-09-23 17:43:51 | INFO     | Epoch [  5690/50000] | Total Loss: 4.9078e-01 | LR: 1.00e-03 | mass: 3.03e-03 | momentum: 1.09e-01 | wall: 8.46e-03 | inlet: 7.58e-05 | outlet: 5.70e-02 | integral_mass: 3.45e-03
2026-09-23 17:43:56 | INFO     | Epoch [  5700/50000] | Total Loss: 7.7228e-01 | LR: 1.00e-03 | mass: 7.40e-03 | momentum: 1.08e-01 | wall: 1.00e-02 | inlet: 1.93e-04 | outlet: 6.05e-02 | integral_mass: 6.65e-03
2026-09-23 17:44:02 | INFO     | Epoch [  5710/50000] | Total Loss: 5.5805e-01 | LR: 1.00e-03 | mass: 4.11e-03 | momentum: 1.06e-01 | wall: 8.35e-03 | inlet: 9.71e-05 | outlet: 5.52e-02 | integral_mass: 4.48e-03
2026-09-23 17:44:08 | INFO     | Epoch [  5720/50000] | Total Loss: 7.2537e-01 | LR: 1.00e-03 | mass: 6.25e-03 | momentum: 1.03e-01 | wall: 9.77e-03 | inlet: 1.93e-04 | outlet: 5.87e-02 | integral_mass: 6.13e-03
2026-09-23 17:44:14 | INFO     | Epoch [  5730/50000] | Total Loss: 5.5004e-01 | LR: 1.00e-03 | mass: 4.79e-03 | momentum: 1.03e-01 | wall: 8.24e-03 | inlet: 9.41e-05 | outlet: 5.39e-02 | integral_mass: 4.32e-03
2026-09-23 17:44:20 | INFO     | Epoch [  5740/50000] | Total Loss: 6.7059e-01 | LR: 1.00e-03 | mass: 6.90e-03 | momentum: 1.00e-01 | wall: 9.47e-03 | inlet: 1.59e-04 | outlet: 5.72e-02 | integral_mass: 5.40e-03
2026-09-23 17:44:26 | INFO     | Epoch [  5750/50000] | Total Loss: 5.4719e-01 | LR: 1.00e-03 | mass: 6.01e-03 | momentum: 9.96e-02 | wall: 8.13e-03 | inlet: 9.16e-05 | outlet: 5.27e-02 | integral_mass: 4.15e-03
2026-09-23 17:44:32 | INFO     | Epoch [  5760/50000] | Total Loss: 6.3849e-01 | LR: 1.00e-03 | mass: 8.42e-03 | momentum: 9.71e-02 | wall: 9.17e-03 | inlet: 1.48e-04 | outlet: 5.58e-02 | integral_mass: 4.71e-03
2026-09-23 17:44:38 | INFO     | Epoch [  5770/50000] | Total Loss: 5.6246e-01 | LR: 1.00e-03 | mass: 9.00e-03 | momentum: 9.66e-02 | wall: 8.01e-03 | inlet: 9.15e-05 | outlet: 5.16e-02 | integral_mass: 3.97e-03
2026-09-23 17:44:43 | INFO     | Epoch [  5780/50000] | Total Loss: 5.8939e-01 | LR: 1.00e-03 | mass: 1.23e-02 | momentum: 9.39e-02 | wall: 8.80e-03 | inlet: 1.17e-04 | outlet: 5.44e-02 | integral_mass: 3.42e-03
2026-09-23 17:44:49 | INFO     | Epoch [  5790/50000] | Total Loss: 5.8600e-01 | LR: 1.00e-03 | mass: 1.70e-02 | momentum: 9.34e-02 | wall: 7.91e-03 | inlet: 8.13e-05 | outlet: 5.09e-02 | integral_mass: 3.03e-03
2026-09-23 17:44:55 | INFO     | Epoch [  5800/50000] | Total Loss: 6.0040e-01 | LR: 1.00e-03 | mass: 2.51e-02 | momentum: 9.05e-02 | wall: 8.29e-03 | inlet: 8.63e-05 | outlet: 5.30e-02 | integral_mass: 1.60e-03
2026-09-23 17:45:01 | INFO     | Epoch [  5810/50000] | Total Loss: 5.8312e-01 | LR: 1.00e-03 | mass: 3.32e-02 | momentum: 8.96e-02 | wall: 7.88e-03 | inlet: 5.26e-05 | outlet: 5.14e-02 | integral_mass: 9.50e-05
2026-09-23 17:45:07 | INFO     | Epoch [  5820/50000] | Total Loss: 4.8623e-01 | LR: 1.00e-03 | mass: 2.25e-02 | momentum: 8.57e-02 | wall: 7.68e-03 | inlet: 4.35e-05 | outlet: 5.24e-02 | integral_mass: 4.94e-04
2026-09-23 17:45:13 | INFO     | Epoch [  5830/50000] | Total Loss: 6.3821e-01 | LR: 1.00e-03 | mass: 2.51e-02 | momentum: 8.56e-02 | wall: 7.32e-03 | inlet: 3.06e-04 | outlet: 5.11e-02 | integral_mass: 4.80e-04
2026-09-23 17:45:19 | INFO     | Epoch [  5840/50000] | Total Loss: 4.3014e-01 | LR: 1.00e-03 | mass: 1.67e-02 | momentum: 8.04e-02 | wall: 7.45e-03 | inlet: 8.86e-05 | outlet: 5.22e-02 | integral_mass: 2.38e-04
2026-09-23 17:45:25 | INFO     | Epoch [  5850/50000] | Total Loss: 3.8739e-01 | LR: 1.00e-03 | mass: 8.67e-03 | momentum: 7.81e-02 | wall: 7.04e-03 | inlet: 8.11e-05 | outlet: 5.23e-02 | integral_mass: 1.19e-03
2026-09-23 17:45:30 | INFO     | Epoch [  5860/50000] | Total Loss: 5.0118e-01 | LR: 1.00e-03 | mass: 7.05e-03 | momentum: 7.53e-02 | wall: 7.72e-03 | inlet: 8.75e-05 | outlet: 5.37e-02 | integral_mass: 3.62e-03
2026-09-23 17:45:36 | INFO     | Epoch [  5870/50000] | Total Loss: 6.5156e-01 | LR: 1.00e-03 | mass: 1.11e-02 | momentum: 7.39e-02 | wall: 6.98e-03 | inlet: 1.20e-04 | outlet: 4.90e-02 | integral_mass: 5.75e-03
2026-09-23 17:45:42 | INFO     | Epoch [  5880/50000] | Total Loss: 6.0303e-01 | LR: 1.00e-03 | mass: 3.90e-03 | momentum: 7.18e-02 | wall: 7.85e-03 | inlet: 1.55e-04 | outlet: 5.18e-02 | integral_mass: 5.69e-03
2026-09-23 17:45:48 | INFO     | Epoch [  5890/50000] | Total Loss: 4.2247e-01 | LR: 1.00e-03 | mass: 2.34e-03 | momentum: 7.12e-02 | wall: 6.80e-03 | inlet: 7.22e-05 | outlet: 4.76e-02 | integral_mass: 3.53e-03
2026-09-23 17:45:54 | INFO     | Epoch [  5900/50000] | Total Loss: 6.7094e-01 | LR: 1.00e-03 | mass: 4.31e-03 | momentum: 7.02e-02 | wall: 7.89e-03 | inlet: 1.79e-04 | outlet: 5.04e-02 | integral_mass: 6.78e-03
2026-09-23 17:46:00 | INFO     | Epoch [  5910/50000] | Total Loss: 3.4685e-01 | LR: 1.00e-03 | mass: 1.27e-03 | momentum: 6.95e-02 | wall: 6.74e-03 | inlet: 5.25e-05 | outlet: 4.63e-02 | integral_mass: 2.49e-03
2026-09-23 17:46:06 | INFO     | Epoch [  5920/50000] | Total Loss: 7.4270e-01 | LR: 1.00e-03 | mass: 4.43e-03 | momentum: 6.86e-02 | wall: 7.92e-03 | inlet: 1.96e-04 | outlet: 4.92e-02 | integral_mass: 8.06e-03
2026-09-23 17:46:12 | INFO     | Epoch [  5930/50000] | Total Loss: 2.7572e-01 | LR: 1.00e-03 | mass: 8.61e-04 | momentum: 6.77e-02 | wall: 6.67e-03 | inlet: 3.24e-05 | outlet: 4.54e-02 | integral_mass: 1.42e-03
2026-09-23 17:46:17 | INFO     | Epoch [  5940/50000] | Total Loss: 6.9439e-01 | LR: 1.00e-03 | mass: 6.11e-03 | momentum: 6.67e-02 | wall: 7.66e-03 | inlet: 1.82e-04 | outlet: 4.78e-02 | integral_mass: 7.03e-03
2026-09-23 17:46:23 | INFO     | Epoch [  5950/50000] | Total Loss: 5.5747e-01 | LR: 1.00e-03 | mass: 4.00e-03 | momentum: 6.65e-02 | wall: 6.68e-03 | inlet: 1.27e-04 | outlet: 4.34e-02 | integral_mass: 5.55e-03
2026-09-23 17:46:29 | INFO     | Epoch [  5960/50000] | Total Loss: 4.6127e-01 | LR: 1.00e-03 | mass: 2.75e-03 | momentum: 6.49e-02 | wall: 7.30e-03 | inlet: 1.18e-04 | outlet: 4.60e-02 | integral_mass: 3.82e-03
2026-09-23 17:46:35 | INFO     | Epoch [  5970/50000] | Total Loss: 3.8819e-01 | LR: 1.00e-03 | mass: 1.80e-03 | momentum: 6.48e-02 | wall: 6.56e-03 | inlet: 7.09e-05 | outlet: 4.27e-02 | integral_mass: 3.23e-03
2026-09-23 17:46:41 | INFO     | Epoch [  5980/50000] | Total Loss: 5.0716e-01 | LR: 1.00e-03 | mass: 2.50e-03 | momentum: 6.37e-02 | wall: 7.33e-03 | inlet: 1.31e-04 | outlet: 4.52e-02 | integral_mass: 4.69e-03
2026-09-23 17:46:47 | INFO     | Epoch [  5990/50000] | Total Loss: 3.9003e-01 | LR: 1.00e-03 | mass: 1.77e-03 | momentum: 6.33e-02 | wall: 6.50e-03 | inlet: 7.09e-05 | outlet: 4.18e-02 | integral_mass: 3.34e-03
2026-09-23 17:46:53 | INFO     | Epoch [  6000/50000] | Total Loss: 5.1028e-01 | LR: 1.00e-03 | mass: 2.73e-03 | momentum: 6.23e-02 | wall: 7.26e-03 | inlet: 1.30e-04 | outlet: 4.43e-02 | integral_mass: 4.77e-03
2026-09-23 17:46:59 | INFO     | Epoch [  6010/50000] | Total Loss: 3.4310e-01 | LR: 1.00e-03 | mass: 1.45e-03 | momentum: 6.18e-02 | wall: 6.42e-03 | inlet: 5.67e-05 | outlet: 4.11e-02 | integral_mass: 2.66e-03
2026-09-23 17:47:05 | INFO     | Epoch [  6020/50000] | Total Loss: 5.6964e-01 | LR: 1.00e-03 | mass: 3.10e-03 | momentum: 6.09e-02 | wall: 7.26e-03 | inlet: 1.51e-04 | outlet: 4.35e-02 | integral_mass: 5.72e-03
2026-09-23 17:47:11 | INFO     | Epoch [  6030/50000] | Total Loss: 2.9044e-01 | LR: 1.00e-03 | mass: 1.11e-03 | momentum: 6.03e-02 | wall: 6.34e-03 | inlet: 4.14e-05 | outlet: 4.05e-02 | integral_mass: 1.89e-03
2026-09-23 17:47:17 | INFO     | Epoch [  6040/50000] | Total Loss: 6.1136e-01 | LR: 1.00e-03 | mass: 4.00e-03 | momentum: 5.95e-02 | wall: 7.21e-03 | inlet: 1.63e-04 | outlet: 4.28e-02 | integral_mass: 6.31e-03
2026-09-23 17:47:22 | INFO     | Epoch [  6050/50000] | Total Loss: 2.9900e-01 | LR: 1.00e-03 | mass: 2.17e-03 | momentum: 5.88e-02 | wall: 6.28e-03 | inlet: 4.12e-05 | outlet: 3.96e-02 | integral_mass: 1.91e-03
2026-09-23 17:47:28 | INFO     | Epoch [  6060/50000] | Total Loss: 4.8215e-01 | LR: 1.00e-03 | mass: 4.98e-03 | momentum: 5.80e-02 | wall: 6.94e-03 | inlet: 1.15e-04 | outlet: 4.15e-02 | integral_mass: 4.12e-03
2026-09-23 17:47:34 | INFO     | Epoch [  6070/50000] | Total Loss: 4.0086e-01 | LR: 1.00e-03 | mass: 4.05e-03 | momentum: 5.76e-02 | wall: 6.25e-03 | inlet: 7.43e-05 | outlet: 3.86e-02 | integral_mass: 3.29e-03
2026-09-23 17:47:40 | INFO     | Epoch [  6080/50000] | Total Loss: 4.1397e-01 | LR: 1.00e-03 | mass: 4.38e-03 | momentum: 5.65e-02 | wall: 6.72e-03 | inlet: 9.87e-05 | outlet: 4.05e-02 | integral_mass: 3.13e-03
2026-09-23 17:47:46 | INFO     | Epoch [  6090/50000] | Total Loss: 3.8697e-01 | LR: 1.00e-03 | mass: 4.62e-03 | momentum: 5.64e-02 | wall: 6.17e-03 | inlet: 7.35e-05 | outlet: 3.79e-02 | integral_mass: 2.96e-03
2026-09-23 17:47:52 | INFO     | Epoch [  6100/50000] | Total Loss: 4.1487e-01 | LR: 1.00e-03 | mass: 6.12e-03 | momentum: 5.52e-02 | wall: 6.57e-03 | inlet: 9.98e-05 | outlet: 3.97e-02 | integral_mass: 2.86e-03
2026-09-23 17:47:58 | INFO     | Epoch [  6110/50000] | Total Loss: 4.0695e-01 | LR: 1.00e-03 | mass: 7.71e-03 | momentum: 5.52e-02 | wall: 6.10e-03 | inlet: 7.89e-05 | outlet: 3.73e-02 | integral_mass: 2.74e-03
2026-09-23 17:48:04 | INFO     | Epoch [  6120/50000] | Total Loss: 4.2084e-01 | LR: 1.00e-03 | mass: 1.09e-02 | momentum: 5.38e-02 | wall: 6.37e-03 | inlet: 9.39e-05 | outlet: 3.90e-02 | integral_mass: 2.16e-03
2026-09-23 17:48:10 | INFO     | Epoch [  6130/50000] | Total Loss: 4.3352e-01 | LR: 1.00e-03 | mass: 1.57e-02 | momentum: 5.40e-02 | wall: 6.04e-03 | inlet: 7.59e-05 | outlet: 3.69e-02 | integral_mass: 1.74e-03
2026-09-23 17:48:16 | INFO     | Epoch [  6140/50000] | Total Loss: 4.5041e-01 | LR: 1.00e-03 | mass: 2.31e-02 | momentum: 5.23e-02 | wall: 6.06e-03 | inlet: 7.69e-05 | outlet: 3.81e-02 | integral_mass: 5.92e-04
2026-09-23 17:48:22 | INFO     | Epoch [  6150/50000] | Total Loss: 4.3755e-01 | LR: 1.00e-03 | mass: 2.53e-02 | momentum: 5.20e-02 | wall: 5.98e-03 | inlet: 6.21e-05 | outlet: 3.72e-02 | integral_mass: 8.26e-05
2026-09-23 17:48:27 | INFO     | Epoch [  6160/50000] | Total Loss: 4.0731e-01 | LR: 1.00e-03 | mass: 2.34e-02 | momentum: 4.99e-02 | wall: 5.81e-03 | inlet: 4.73e-05 | outlet: 3.78e-02 | integral_mass: 8.33e-05
2026-09-23 17:48:33 | INFO     | Epoch [  6170/50000] | Total Loss: 3.5432e-01 | LR: 1.00e-03 | mass: 1.89e-02 | momentum: 4.86e-02 | wall: 5.75e-03 | inlet: 4.31e-05 | outlet: 3.72e-02 | integral_mass: 5.83e-06
2026-09-23 17:48:39 | INFO     | Epoch [  6180/50000] | Total Loss: 3.4059e-01 | LR: 1.00e-03 | mass: 1.80e-02 | momentum: 4.67e-02 | wall: 5.60e-03 | inlet: 4.00e-05 | outlet: 3.73e-02 | integral_mass: 3.69e-06
2026-09-23 17:48:45 | INFO     | Epoch [  6190/50000] | Total Loss: 3.6301e-01 | LR: 1.00e-03 | mass: 1.32e-02 | momentum: 4.60e-02 | wall: 5.52e-03 | inlet: 7.39e-05 | outlet: 3.60e-02 | integral_mass: 1.13e-03
2026-09-23 17:48:51 | INFO     | Epoch [  6200/50000] | Total Loss: 4.2613e-01 | LR: 1.00e-03 | mass: 1.98e-02 | momentum: 5.04e-02 | wall: 5.69e-03 | inlet: 5.88e-05 | outlet: 3.79e-02 | integral_mass: 1.07e-03
2026-09-23 17:48:57 | INFO     | Epoch [  6210/50000] | Total Loss: 3.4556e-01 | LR: 1.00e-03 | mass: 1.58e-02 | momentum: 4.77e-02 | wall: 5.44e-03 | inlet: 7.45e-05 | outlet: 3.59e-02 | integral_mass: 2.54e-04
2026-09-23 17:49:03 | INFO     | Epoch [  6220/50000] | Total Loss: 2.9776e-01 | LR: 1.00e-03 | mass: 9.40e-03 | momentum: 4.25e-02 | wall: 5.32e-03 | inlet: 7.36e-05 | outlet: 3.53e-02 | integral_mass: 7.17e-04
2026-09-23 17:49:09 | INFO     | Epoch [  6230/50000] | Total Loss: 4.1205e-01 | LR: 1.00e-03 | mass: 2.03e-02 | momentum: 4.73e-02 | wall: 5.39e-03 | inlet: 1.41e-04 | outlet: 3.63e-02 | integral_mass: 2.67e-05
2026-09-23 17:49:15 | INFO     | Epoch [  6240/50000] | Total Loss: 2.9112e-01 | LR: 1.00e-03 | mass: 1.33e-02 | momentum: 4.01e-02 | wall: 5.22e-03 | inlet: 5.67e-05 | outlet: 3.57e-02 | integral_mass: 3.00e-05
2026-09-23 17:49:21 | INFO     | Epoch [  6250/50000] | Total Loss: 2.6813e-01 | LR: 1.00e-03 | mass: 1.12e-02 | momentum: 3.82e-02 | wall: 5.07e-03 | inlet: 6.40e-05 | outlet: 3.50e-02 | integral_mass: 2.91e-07
2026-09-23 17:49:27 | INFO     | Epoch [  6260/50000] | Total Loss: 4.2533e-01 | LR: 1.00e-03 | mass: 1.51e-02 | momentum: 3.70e-02 | wall: 5.15e-03 | inlet: 1.09e-04 | outlet: 3.60e-02 | integral_mass: 1.90e-03
2026-09-23 17:49:33 | INFO     | Epoch [  6270/50000] | Total Loss: 1.0469e+00 | LR: 1.00e-03 | mass: 3.21e-02 | momentum: 4.03e-02 | wall: 5.33e-03 | inlet: 4.67e-04 | outlet: 3.26e-02 | integral_mass: 7.32e-03
2026-09-23 17:49:38 | INFO     | Epoch [  6280/50000] | Total Loss: 5.7247e-01 | LR: 1.00e-03 | mass: 2.19e-02 | momentum: 3.88e-02 | wall: 6.23e-03 | inlet: 2.71e-04 | outlet: 3.49e-02 | integral_mass: 1.64e-03
2026-09-23 17:49:44 | INFO     | Epoch [  6290/50000] | Total Loss: 3.3336e-01 | LR: 1.00e-03 | mass: 6.55e-03 | momentum: 3.60e-02 | wall: 5.03e-03 | inlet: 1.19e-04 | outlet: 3.30e-02 | integral_mass: 1.78e-03
2026-09-23 17:49:50 | INFO     | Epoch [  6300/50000] | Total Loss: 3.7843e-01 | LR: 1.00e-03 | mass: 5.22e-03 | momentum: 3.48e-02 | wall: 5.54e-03 | inlet: 1.04e-04 | outlet: 3.46e-02 | integral_mass: 2.99e-03
2026-09-23 17:49:56 | INFO     | Epoch [  6310/50000] | Total Loss: 3.0987e-01 | LR: 1.00e-03 | mass: 1.93e-03 | momentum: 3.41e-02 | wall: 4.90e-03 | inlet: 8.73e-05 | outlet: 3.25e-02 | integral_mass: 2.63e-03
2026-09-23 17:50:02 | INFO     | Epoch [  6320/50000] | Total Loss: 4.1909e-01 | LR: 1.00e-03 | mass: 2.36e-03 | momentum: 3.38e-02 | wall: 5.51e-03 | inlet: 1.28e-04 | outlet: 3.43e-02 | integral_mass: 4.16e-03
2026-09-23 17:50:08 | INFO     | Epoch [  6330/50000] | Total Loss: 2.7638e-01 | LR: 1.00e-03 | mass: 1.19e-03 | momentum: 3.34e-02 | wall: 4.92e-03 | inlet: 6.33e-05 | outlet: 3.20e-02 | integral_mass: 2.37e-03
2026-09-23 17:50:14 | INFO     | Epoch [  6340/50000] | Total Loss: 4.6148e-01 | LR: 1.00e-03 | mass: 1.74e-03 | momentum: 3.34e-02 | wall: 5.53e-03 | inlet: 1.51e-04 | outlet: 3.38e-02 | integral_mass: 4.92e-03
2026-09-23 17:50:20 | INFO     | Epoch [  6350/50000] | Total Loss: 2.3246e-01 | LR: 1.00e-03 | mass: 7.55e-04 | momentum: 3.30e-02 | wall: 4.89e-03 | inlet: 4.22e-05 | outlet: 3.15e-02 | integral_mass: 1.81e-03
2026-09-23 17:50:26 | INFO     | Epoch [  6360/50000] | Total Loss: 4.8612e-01 | LR: 1.00e-03 | mass: 1.84e-03 | momentum: 3.31e-02 | wall: 5.53e-03 | inlet: 1.45e-04 | outlet: 3.32e-02 | integral_mass: 5.47e-03
2026-09-23 17:50:32 | INFO     | Epoch [  6370/50000] | Total Loss: 2.1221e-01 | LR: 1.00e-03 | mass: 6.35e-04 | momentum: 3.27e-02 | wall: 4.86e-03 | inlet: 3.60e-05 | outlet: 3.10e-02 | integral_mass: 1.51e-03
2026-09-23 17:50:38 | INFO     | Epoch [  6380/50000] | Total Loss: 4.8822e-01 | LR: 1.00e-03 | mass: 2.31e-03 | momentum: 3.29e-02 | wall: 5.47e-03 | inlet: 1.52e-04 | outlet: 3.25e-02 | integral_mass: 5.38e-03
2026-09-23 17:50:44 | INFO     | Epoch [  6390/50000] | Total Loss: 2.0614e-01 | LR: 1.00e-03 | mass: 5.78e-04 | momentum: 3.23e-02 | wall: 4.83e-03 | inlet: 3.39e-05 | outlet: 3.03e-02 | integral_mass: 1.45e-03
2026-09-23 17:50:49 | INFO     | Epoch [  6400/50000] | Total Loss: 4.4841e-01 | LR: 1.00e-03 | mass: 2.54e-03 | momentum: 3.27e-02 | wall: 5.37e-03 | inlet: 1.37e-04 | outlet: 3.18e-02 | integral_mass: 4.73e-03
2026-09-23 17:50:55 | INFO     | Epoch [  6410/50000] | Total Loss: 2.5539e-01 | LR: 1.00e-03 | mass: 1.04e-03 | momentum: 3.20e-02 | wall: 4.81e-03 | inlet: 5.52e-05 | outlet: 2.96e-02 | integral_mass: 2.15e-03
2026-09-23 17:51:01 | INFO     | Epoch [  6420/50000] | Total Loss: 3.7071e-01 | LR: 1.00e-03 | mass: 2.22e-03 | momentum: 3.22e-02 | wall: 5.24e-03 | inlet: 1.12e-04 | outlet: 3.09e-02 | integral_mass: 3.54e-03
2026-09-23 17:51:07 | INFO     | Epoch [  6430/50000] | Total Loss: 2.3744e-01 | LR: 1.00e-03 | mass: 9.70e-04 | momentum: 3.20e-02 | wall: 4.79e-03 | inlet: 4.97e-05 | outlet: 2.91e-02 | integral_mass: 1.88e-03
2026-09-23 17:51:13 | INFO     | Epoch [  6440/50000] | Total Loss: 4.3789e-01 | LR: 1.00e-03 | mass: 2.42e-03 | momentum: 3.17e-02 | wall: 5.31e-03 | inlet: 1.49e-04 | outlet: 3.05e-02 | integral_mass: 4.48e-03
2026-09-23 17:51:19 | INFO     | Epoch [  6450/50000] | Total Loss: 2.1248e-01 | LR: 1.00e-03 | mass: 6.57e-04 | momentum: 3.11e-02 | wall: 4.75e-03 | inlet: 4.23e-05 | outlet: 2.86e-02 | integral_mass: 1.55e-03
2026-09-23 17:51:25 | INFO     | Epoch [  6460/50000] | Total Loss: 4.1419e-01 | LR: 1.00e-03 | mass: 2.95e-03 | momentum: 3.14e-02 | wall: 5.20e-03 | inlet: 1.32e-04 | outlet: 2.99e-02 | integral_mass: 4.11e-03
2026-09-23 17:51:31 | INFO     | Epoch [  6470/50000] | Total Loss: 2.1868e-01 | LR: 1.00e-03 | mass: 1.01e-03 | momentum: 3.12e-02 | wall: 4.71e-03 | inlet: 4.75e-05 | outlet: 2.81e-02 | integral_mass: 1.57e-03
2026-09-23 17:51:37 | INFO     | Epoch [  6480/50000] | Total Loss: 4.1221e-01 | LR: 1.00e-03 | mass: 3.26e-03 | momentum: 3.11e-02 | wall: 5.19e-03 | inlet: 1.30e-04 | outlet: 2.94e-02 | integral_mass: 4.04e-03
2026-09-23 17:51:43 | INFO     | Epoch [  6490/50000] | Total Loss: 2.5508e-01 | LR: 1.00e-03 | mass: 1.72e-03 | momentum: 3.14e-02 | wall: 4.73e-03 | inlet: 6.73e-05 | outlet: 2.75e-02 | integral_mass: 1.96e-03
2026-09-23 17:51:49 | INFO     | Epoch [  6500/50000] | Total Loss: 3.7460e-01 | LR: 1.00e-03 | mass: 2.99e-03 | momentum: 3.09e-02 | wall: 5.14e-03 | inlet: 1.43e-04 | outlet: 2.86e-02 | integral_mass: 3.25e-03
2026-09-23 17:51:55 | INFO     | Epoch [  6510/50000] | Total Loss: 2.4950e-01 | LR: 1.00e-03 | mass: 1.45e-03 | momentum: 3.02e-02 | wall: 4.72e-03 | inlet: 7.07e-05 | outlet: 2.70e-02 | integral_mass: 1.90e-03
2026-09-23 17:52:01 | INFO     | Epoch [  6520/50000] | Total Loss: 3.6487e-01 | LR: 1.00e-03 | mass: 2.79e-03 | momentum: 3.03e-02 | wall: 5.13e-03 | inlet: 1.17e-04 | outlet: 2.83e-02 | integral_mass: 3.37e-03
2026-09-23 17:52:06 | INFO     | Epoch [  6530/50000] | Total Loss: 2.4264e-01 | LR: 1.00e-03 | mass: 1.65e-03 | momentum: 3.04e-02 | wall: 4.71e-03 | inlet: 6.15e-05 | outlet: 2.66e-02 | integral_mass: 1.83e-03
2026-09-23 17:52:12 | INFO     | Epoch [  6540/50000] | Total Loss: 3.5802e-01 | LR: 1.00e-03 | mass: 3.19e-03 | momentum: 3.01e-02 | wall: 5.05e-03 | inlet: 1.34e-04 | outlet: 2.77e-02 | integral_mass: 3.01e-03
2026-09-23 17:52:18 | INFO     | Epoch [  6550/50000] | Total Loss: 2.5487e-01 | LR: 1.00e-03 | mass: 1.87e-03 | momentum: 3.00e-02 | wall: 4.65e-03 | inlet: 7.40e-05 | outlet: 2.61e-02 | integral_mass: 1.93e-03
2026-09-23 17:52:24 | INFO     | Epoch [  6560/50000] | Total Loss: 3.5350e-01 | LR: 1.00e-03 | mass: 2.40e-03 | momentum: 2.98e-02 | wall: 5.13e-03 | inlet: 1.27e-04 | outlet: 2.73e-02 | integral_mass: 3.15e-03
2026-09-23 17:52:30 | INFO     | Epoch [  6570/50000] | Total Loss: 2.6262e-01 | LR: 1.00e-03 | mass: 2.71e-03 | momentum: 3.00e-02 | wall: 4.67e-03 | inlet: 8.24e-05 | outlet: 2.57e-02 | integral_mass: 1.84e-03
2026-09-23 17:52:36 | INFO     | Epoch [  6580/50000] | Total Loss: 4.4908e-01 | LR: 1.00e-03 | mass: 5.55e-03 | momentum: 3.01e-02 | wall: 5.23e-03 | inlet: 1.76e-04 | outlet: 2.71e-02 | integral_mass: 3.92e-03
2026-09-23 17:52:42 | INFO     | Epoch [  6590/50000] | Total Loss: 2.8787e-01 | LR: 1.00e-03 | mass: 4.35e-03 | momentum: 3.02e-02 | wall: 4.66e-03 | inlet: 1.06e-04 | outlet: 2.53e-02 | integral_mass: 1.79e-03
2026-09-23 17:52:48 | INFO     | Epoch [  6600/50000] | Total Loss: 3.8823e-01 | LR: 1.00e-03 | mass: 7.66e-03 | momentum: 3.02e-02 | wall: 5.34e-03 | inlet: 1.46e-04 | outlet: 2.62e-02 | integral_mass: 2.58e-03
2026-09-23 17:52:54 | INFO     | Epoch [  6610/50000] | Total Loss: 4.4959e-01 | LR: 1.00e-03 | mass: 1.47e-02 | momentum: 2.97e-02 | wall: 4.96e-03 | inlet: 2.54e-04 | outlet: 2.50e-02 | integral_mass: 1.43e-03
2026-09-23 17:53:00 | INFO     | Epoch [  6620/50000] | Total Loss: 3.8521e-01 | LR: 1.00e-03 | mass: 1.51e-02 | momentum: 3.00e-02 | wall: 5.43e-03 | inlet: 1.42e-04 | outlet: 2.58e-02 | integral_mass: 1.06e-03
2026-09-23 17:53:06 | INFO     | Epoch [  6630/50000] | Total Loss: 3.3316e-01 | LR: 1.00e-03 | mass: 1.77e-02 | momentum: 2.87e-02 | wall: 4.79e-03 | inlet: 9.85e-05 | outlet: 2.52e-02 | integral_mass: 9.39e-05
2026-09-23 17:53:12 | INFO     | Epoch [  6640/50000] | Total Loss: 2.7688e-01 | LR: 1.00e-03 | mass: 1.41e-02 | momentum: 2.81e-02 | wall: 4.80e-03 | inlet: 5.54e-05 | outlet: 2.59e-02 | integral_mass: 1.20e-04
2026-09-23 17:53:18 | INFO     | Epoch [  6650/50000] | Total Loss: 2.1622e-01 | LR: 1.00e-03 | mass: 1.01e-02 | momentum: 2.67e-02 | wall: 4.47e-03 | inlet: 3.71e-05 | outlet: 2.57e-02 | integral_mass: 1.89e-06
2026-09-23 17:53:24 | INFO     | Epoch [  6660/50000] | Total Loss: 2.7346e-01 | LR: 1.00e-03 | mass: 1.45e-02 | momentum: 2.66e-02 | wall: 4.40e-03 | inlet: 6.04e-05 | outlet: 2.58e-02 | integral_mass: 2.61e-05
2026-09-23 17:53:30 | INFO     | Epoch [  6670/50000] | Total Loss: 3.3646e-01 | LR: 1.00e-03 | mass: 1.96e-02 | momentum: 2.62e-02 | wall: 4.43e-03 | inlet: 6.73e-05 | outlet: 2.51e-02 | integral_mass: 2.27e-04
2026-09-23 17:53:35 | INFO     | Epoch [  6680/50000] | Total Loss: 3.4246e-01 | LR: 1.00e-03 | mass: 1.79e-02 | momentum: 2.56e-02 | wall: 4.46e-03 | inlet: 6.47e-05 | outlet: 2.48e-02 | integral_mass: 7.20e-04
2026-09-23 17:53:41 | INFO     | Epoch [  6690/50000] | Total Loss: 4.0600e-01 | LR: 1.00e-03 | mass: 1.38e-02 | momentum: 2.47e-02 | wall: 4.27e-03 | inlet: 2.23e-04 | outlet: 2.56e-02 | integral_mass: 1.26e-03
2026-09-23 17:53:47 | INFO     | Epoch [  6700/50000] | Total Loss: 3.5323e-01 | LR: 1.00e-03 | mass: 6.72e-03 | momentum: 2.53e-02 | wall: 4.45e-03 | inlet: 2.32e-04 | outlet: 2.44e-02 | integral_mass: 1.52e-03
2026-09-23 17:53:53 | INFO     | Epoch [  6710/50000] | Total Loss: 4.0953e-01 | LR: 1.00e-03 | mass: 1.08e-02 | momentum: 2.54e-02 | wall: 5.65e-03 | inlet: 2.40e-04 | outlet: 2.50e-02 | integral_mass: 1.50e-03
2026-09-23 17:53:59 | INFO     | Epoch [  6720/50000] | Total Loss: 3.8641e-01 | LR: 1.00e-03 | mass: 1.07e-02 | momentum: 2.64e-02 | wall: 4.41e-03 | inlet: 1.63e-04 | outlet: 2.39e-02 | integral_mass: 2.07e-03
2026-09-23 17:54:05 | INFO     | Epoch [  6730/50000] | Total Loss: 3.7740e-01 | LR: 1.00e-03 | mass: 6.68e-03 | momentum: 2.47e-02 | wall: 4.75e-03 | inlet: 1.97e-04 | outlet: 2.47e-02 | integral_mass: 2.30e-03
2026-09-23 17:54:11 | INFO     | Epoch [  6740/50000] | Total Loss: 6.1527e-01 | LR: 1.00e-03 | mass: 1.21e-02 | momentum: 2.58e-02 | wall: 4.79e-03 | inlet: 4.99e-04 | outlet: 2.31e-02 | integral_mass: 2.97e-03
2026-09-23 17:54:17 | INFO     | Epoch [  6750/50000] | Total Loss: 3.6997e-01 | LR: 1.00e-03 | mass: 9.41e-03 | momentum: 2.53e-02 | wall: 4.85e-03 | inlet: 3.00e-04 | outlet: 2.41e-02 | integral_mass: 5.60e-04
2026-09-23 17:54:23 | INFO     | Epoch [  6760/50000] | Total Loss: 3.6550e-01 | LR: 1.00e-03 | mass: 1.33e-02 | momentum: 2.65e-02 | wall: 4.37e-03 | inlet: 2.58e-04 | outlet: 2.38e-02 | integral_mass: 1.95e-04
2026-09-23 17:54:29 | INFO     | Epoch [  6770/50000] | Total Loss: 2.8732e-01 | LR: 1.00e-03 | mass: 9.96e-03 | momentum: 2.57e-02 | wall: 4.37e-03 | inlet: 1.82e-04 | outlet: 2.35e-02 | integral_mass: 7.86e-05
2026-09-23 17:54:35 | INFO     | Epoch [  6780/50000] | Total Loss: 1.6369e-01 | LR: 1.00e-03 | mass: 3.32e-03 | momentum: 2.31e-02 | wall: 4.27e-03 | inlet: 6.79e-05 | outlet: 2.34e-02 | integral_mass: 1.46e-04
2026-09-23 17:54:41 | INFO     | Epoch [  6790/50000] | Total Loss: 2.0208e-01 | LR: 1.00e-03 | mass: 5.03e-03 | momentum: 2.28e-02 | wall: 4.27e-03 | inlet: 5.04e-05 | outlet: 2.32e-02 | integral_mass: 7.56e-04
2026-09-23 17:54:47 | INFO     | Epoch [  6800/50000] | Total Loss: 1.5985e-01 | LR: 1.00e-03 | mass: 2.85e-03 | momentum: 2.17e-02 | wall: 4.16e-03 | inlet: 4.92e-05 | outlet: 2.27e-02 | integral_mass: 4.15e-04
2026-09-23 17:54:52 | INFO     | Epoch [  6810/50000] | Total Loss: 2.3685e-01 | LR: 1.00e-03 | mass: 7.84e-03 | momentum: 2.14e-02 | wall: 4.20e-03 | inlet: 1.38e-04 | outlet: 2.21e-02 | integral_mass: 7.46e-05
2026-09-23 17:54:58 | INFO     | Epoch [  6820/50000] | Total Loss: 1.6115e-01 | LR: 1.00e-03 | mass: 2.79e-03 | momentum: 2.06e-02 | wall: 4.00e-03 | inlet: 8.76e-05 | outlet: 2.18e-02 | integral_mass: 1.41e-04
2026-09-23 17:55:04 | INFO     | Epoch [  6830/50000] | Total Loss: 1.7988e-01 | LR: 1.00e-03 | mass: 6.20e-03 | momentum: 2.05e-02 | wall: 4.02e-03 | inlet: 5.77e-05 | outlet: 2.16e-02 | integral_mass: 1.35e-04
2026-09-23 17:55:10 | INFO     | Epoch [  6840/50000] | Total Loss: 2.9215e-01 | LR: 1.00e-03 | mass: 1.71e-02 | momentum: 2.15e-02 | wall: 4.05e-03 | inlet: 7.29e-05 | outlet: 2.16e-02 | integral_mass: 1.67e-05
2026-09-23 17:55:16 | INFO     | Epoch [  6850/50000] | Total Loss: 2.7776e-01 | LR: 1.00e-03 | mass: 8.00e-03 | momentum: 2.04e-02 | wall: 4.02e-03 | inlet: 7.00e-05 | outlet: 2.03e-02 | integral_mass: 1.64e-03
2026-09-23 17:55:22 | INFO     | Epoch [  6860/50000] | Total Loss: 3.6307e-01 | LR: 1.00e-03 | mass: 4.71e-03 | momentum: 1.98e-02 | wall: 4.24e-03 | inlet: 1.36e-04 | outlet: 2.13e-02 | integral_mass: 3.29e-03
2026-09-23 17:55:28 | INFO     | Epoch [  6870/50000] | Total Loss: 2.0377e-01 | LR: 1.00e-03 | mass: 3.22e-03 | momentum: 1.91e-02 | wall: 4.02e-03 | inlet: 5.70e-05 | outlet: 2.03e-02 | integral_mass: 1.27e-03
2026-09-23 17:55:34 | INFO     | Epoch [  6880/50000] | Total Loss: 3.6262e-01 | LR: 1.00e-03 | mass: 2.54e-03 | momentum: 1.90e-02 | wall: 4.32e-03 | inlet: 1.35e-04 | outlet: 2.11e-02 | integral_mass: 3.73e-03
2026-09-23 17:55:40 | INFO     | Epoch [  6890/50000] | Total Loss: 2.0044e-01 | LR: 1.00e-03 | mass: 1.94e-03 | momentum: 1.88e-02 | wall: 3.95e-03 | inlet: 4.76e-05 | outlet: 1.98e-02 | integral_mass: 1.58e-03
2026-09-23 17:55:46 | INFO     | Epoch [  6900/50000] | Total Loss: 3.9599e-01 | LR: 1.00e-03 | mass: 2.62e-03 | momentum: 1.88e-02 | wall: 4.25e-03 | inlet: 1.36e-04 | outlet: 2.09e-02 | integral_mass: 4.39e-03
2026-09-23 17:55:52 | INFO     | Epoch [  6910/50000] | Total Loss: 2.0177e-01 | LR: 1.00e-03 | mass: 2.21e-03 | momentum: 1.87e-02 | wall: 3.92e-03 | inlet: 5.71e-05 | outlet: 1.96e-02 | integral_mass: 1.47e-03
2026-09-23 17:55:58 | INFO     | Epoch [  6920/50000] | Total Loss: 3.7286e-01 | LR: 1.00e-03 | mass: 2.31e-03 | momentum: 1.86e-02 | wall: 4.32e-03 | inlet: 1.40e-04 | outlet: 2.04e-02 | integral_mass: 3.95e-03
2026-09-23 17:56:04 | INFO     | Epoch [  6930/50000] | Total Loss: 2.1872e-01 | LR: 1.00e-03 | mass: 2.44e-03 | momentum: 1.86e-02 | wall: 3.91e-03 | inlet: 5.84e-05 | outlet: 1.92e-02 | integral_mass: 1.77e-03
2026-09-23 17:56:10 | INFO     | Epoch [  6940/50000] | Total Loss: 3.6243e-01 | LR: 1.00e-03 | mass: 2.14e-03 | momentum: 1.86e-02 | wall: 4.19e-03 | inlet: 1.34e-04 | outlet: 2.00e-02 | integral_mass: 3.87e-03
2026-09-23 17:56:16 | INFO     | Epoch [  6950/50000] | Total Loss: 2.1720e-01 | LR: 1.00e-03 | mass: 2.56e-03 | momentum: 1.87e-02 | wall: 3.92e-03 | inlet: 8.03e-05 | outlet: 1.89e-02 | integral_mass: 1.49e-03
2026-09-23 17:56:21 | INFO     | Epoch [  6960/50000] | Total Loss: 3.4620e-01 | LR: 1.00e-03 | mass: 1.76e-03 | momentum: 1.88e-02 | wall: 4.16e-03 | inlet: 1.91e-04 | outlet: 1.96e-02 | integral_mass: 3.06e-03
2026-09-23 17:56:27 | INFO     | Epoch [  6970/50000] | Total Loss: 2.5939e-01 | LR: 1.00e-03 | mass: 3.07e-03 | momentum: 1.87e-02 | wall: 3.93e-03 | inlet: 7.92e-05 | outlet: 1.85e-02 | integral_mass: 2.25e-03
2026-09-23 17:56:33 | INFO     | Epoch [  6980/50000] | Total Loss: 3.0718e-01 | LR: 1.00e-03 | mass: 1.78e-03 | momentum: 1.83e-02 | wall: 4.18e-03 | inlet: 1.13e-04 | outlet: 1.93e-02 | integral_mass: 3.07e-03
2026-09-23 17:56:39 | INFO     | Epoch [  6990/50000] | Total Loss: 2.2270e-01 | LR: 1.00e-03 | mass: 1.51e-03 | momentum: 1.83e-02 | wall: 3.89e-03 | inlet: 7.60e-05 | outlet: 1.82e-02 | integral_mass: 1.88e-03
2026-09-23 17:56:45 | INFO     | Epoch [  7000/50000] | Total Loss: 4.0526e-01 | LR: 1.00e-03 | mass: 2.60e-03 | momentum: 1.91e-02 | wall: 4.23e-03 | inlet: 1.96e-04 | outlet: 1.89e-02 | integral_mass: 4.02e-03
2026-09-23 17:56:51 | INFO     | Epoch [  7010/50000] | Total Loss: 2.4652e-01 | LR: 1.00e-03 | mass: 1.96e-03 | momentum: 1.83e-02 | wall: 3.89e-03 | inlet: 9.30e-05 | outlet: 1.78e-02 | integral_mass: 2.11e-03
2026-09-23 17:56:57 | INFO     | Epoch [  7020/50000] | Total Loss: 4.5643e-01 | LR: 1.00e-03 | mass: 3.20e-03 | momentum: 1.97e-02 | wall: 4.16e-03 | inlet: 2.89e-04 | outlet: 1.86e-02 | integral_mass: 4.00e-03
2026-09-23 17:57:03 | INFO     | Epoch [  7030/50000] | Total Loss: 2.9329e-01 | LR: 1.00e-03 | mass: 2.81e-03 | momentum: 1.83e-02 | wall: 3.88e-03 | inlet: 2.27e-04 | outlet: 1.76e-02 | integral_mass: 1.53e-03
2026-09-23 17:57:09 | INFO     | Epoch [  7040/50000] | Total Loss: 3.9864e-01 | LR: 1.00e-03 | mass: 4.89e-03 | momentum: 2.08e-02 | wall: 3.99e-03 | inlet: 3.04e-04 | outlet: 1.82e-02 | integral_mass: 2.38e-03
2026-09-23 17:57:15 | INFO     | Epoch [  7050/50000] | Total Loss: 3.0855e-01 | LR: 1.00e-03 | mass: 3.64e-03 | momentum: 1.90e-02 | wall: 3.94e-03 | inlet: 1.93e-04 | outlet: 1.73e-02 | integral_mass: 2.00e-03
2026-09-23 17:57:21 | INFO     | Epoch [  7060/50000] | Total Loss: 4.3072e-01 | LR: 1.00e-03 | mass: 4.41e-03 | momentum: 1.96e-02 | wall: 4.25e-03 | inlet: 2.88e-04 | outlet: 1.80e-02 | integral_mass: 3.25e-03
2026-09-23 17:57:27 | INFO     | Epoch [  7070/50000] | Total Loss: 2.7891e-01 | LR: 1.00e-03 | mass: 3.55e-03 | momentum: 1.90e-02 | wall: 4.10e-03 | inlet: 1.84e-04 | outlet: 1.71e-02 | integral_mass: 1.48e-03
2026-09-23 17:57:33 | INFO     | Epoch [  7080/50000] | Total Loss: 3.4285e-01 | LR: 1.00e-03 | mass: 5.64e-03 | momentum: 1.91e-02 | wall: 4.15e-03 | inlet: 2.49e-04 | outlet: 1.76e-02 | integral_mass: 1.68e-03
2026-09-23 17:57:39 | INFO     | Epoch [  7090/50000] | Total Loss: 2.8256e-01 | LR: 1.00e-03 | mass: 3.21e-03 | momentum: 1.86e-02 | wall: 4.15e-03 | inlet: 1.38e-04 | outlet: 1.67e-02 | integral_mass: 2.10e-03
2026-09-23 17:57:45 | INFO     | Epoch [  7100/50000] | Total Loss: 2.9521e-01 | LR: 1.00e-03 | mass: 2.10e-03 | momentum: 1.80e-02 | wall: 4.30e-03 | inlet: 1.42e-04 | outlet: 1.74e-02 | integral_mass: 2.50e-03
2026-09-23 17:57:50 | INFO     | Epoch [  7110/50000] | Total Loss: 2.1790e-01 | LR: 1.00e-03 | mass: 1.15e-03 | momentum: 1.78e-02 | wall: 3.98e-03 | inlet: 1.00e-04 | outlet: 1.66e-02 | integral_mass: 1.64e-03
2026-09-23 17:57:56 | INFO     | Epoch [  7120/50000] | Total Loss: 2.7523e-01 | LR: 1.00e-03 | mass: 1.43e-03 | momentum: 1.75e-02 | wall: 4.19e-03 | inlet: 1.07e-04 | outlet: 1.71e-02 | integral_mass: 2.62e-03
2026-09-23 17:58:02 | INFO     | Epoch [  7130/50000] | Total Loss: 2.1436e-01 | LR: 1.00e-03 | mass: 7.78e-04 | momentum: 1.74e-02 | wall: 3.91e-03 | inlet: 6.54e-05 | outlet: 1.62e-02 | integral_mass: 2.02e-03
2026-09-23 17:58:08 | INFO     | Epoch [  7140/50000] | Total Loss: 2.9325e-01 | LR: 1.00e-03 | mass: 1.07e-03 | momentum: 1.73e-02 | wall: 4.07e-03 | inlet: 1.13e-04 | outlet: 1.69e-02 | integral_mass: 3.02e-03
2026-09-23 17:58:14 | INFO     | Epoch [  7150/50000] | Total Loss: 1.8100e-01 | LR: 1.00e-03 | mass: 6.52e-04 | momentum: 1.71e-02 | wall: 3.86e-03 | inlet: 4.91e-05 | outlet: 1.59e-02 | integral_mass: 1.57e-03
2026-09-23 17:58:20 | INFO     | Epoch [  7160/50000] | Total Loss: 3.0777e-01 | LR: 1.00e-03 | mass: 9.84e-04 | momentum: 1.71e-02 | wall: 4.06e-03 | inlet: 1.12e-04 | outlet: 1.66e-02 | integral_mass: 3.36e-03
2026-09-23 17:58:26 | INFO     | Epoch [  7170/50000] | Total Loss: 1.6017e-01 | LR: 1.00e-03 | mass: 4.92e-04 | momentum: 1.69e-02 | wall: 3.82e-03 | inlet: 4.38e-05 | outlet: 1.57e-02 | integral_mass: 1.25e-03
2026-09-23 17:58:32 | INFO     | Epoch [  7180/50000] | Total Loss: 3.3506e-01 | LR: 1.00e-03 | mass: 1.15e-03 | momentum: 1.69e-02 | wall: 4.10e-03 | inlet: 1.24e-04 | outlet: 1.63e-02 | integral_mass: 3.75e-03
2026-09-23 17:58:38 | INFO     | Epoch [  7190/50000] | Total Loss: 1.6455e-01 | LR: 1.00e-03 | mass: 6.07e-04 | momentum: 1.67e-02 | wall: 3.79e-03 | inlet: 4.59e-05 | outlet: 1.53e-02 | integral_mass: 1.31e-03
2026-09-23 17:58:44 | INFO     | Epoch [  7200/50000] | Total Loss: 3.1562e-01 | LR: 1.00e-03 | mass: 1.30e-03 | momentum: 1.70e-02 | wall: 4.03e-03 | inlet: 1.35e-04 | outlet: 1.59e-02 | integral_mass: 3.24e-03
2026-09-23 17:58:50 | INFO     | Epoch [  7210/50000] | Total Loss: 1.8320e-01 | LR: 1.00e-03 | mass: 9.05e-04 | momentum: 1.67e-02 | wall: 3.81e-03 | inlet: 7.46e-05 | outlet: 1.51e-02 | integral_mass: 1.34e-03
2026-09-23 17:58:56 | INFO     | Epoch [  7220/50000] | Total Loss: 2.5178e-01 | LR: 1.00e-03 | mass: 8.98e-04 | momentum: 1.65e-02 | wall: 3.92e-03 | inlet: 1.02e-04 | outlet: 1.55e-02 | integral_mass: 2.41e-03
2026-09-23 17:59:02 | INFO     | Epoch [  7230/50000] | Total Loss: 1.9684e-01 | LR: 1.00e-03 | mass: 8.43e-04 | momentum: 1.66e-02 | wall: 3.76e-03 | inlet: 7.06e-05 | outlet: 1.48e-02 | integral_mass: 1.68e-03
2026-09-23 17:59:08 | INFO     | Epoch [  7240/50000] | Total Loss: 3.2749e-01 | LR: 1.00e-03 | mass: 1.98e-03 | momentum: 1.77e-02 | wall: 3.86e-03 | inlet: 1.76e-04 | outlet: 1.53e-02 | integral_mass: 2.96e-03
2026-09-23 17:59:13 | INFO     | Epoch [  7250/50000] | Total Loss: 2.3592e-01 | LR: 1.00e-03 | mass: 1.00e-03 | momentum: 1.66e-02 | wall: 3.75e-03 | inlet: 9.15e-05 | outlet: 1.44e-02 | integral_mass: 2.23e-03
2026-09-23 17:59:19 | INFO     | Epoch [  7260/50000] | Total Loss: 2.7713e-01 | LR: 1.00e-03 | mass: 1.55e-03 | momentum: 1.64e-02 | wall: 3.84e-03 | inlet: 1.41e-04 | outlet: 1.50e-02 | integral_mass: 2.43e-03
2026-09-23 17:59:25 | INFO     | Epoch [  7270/50000] | Total Loss: 2.0596e-01 | LR: 1.00e-03 | mass: 1.82e-03 | momentum: 1.65e-02 | wall: 3.74e-03 | inlet: 1.06e-04 | outlet: 1.43e-02 | integral_mass: 1.33e-03
2026-09-23 17:59:31 | INFO     | Epoch [  7280/50000] | Total Loss: 3.9076e-01 | LR: 1.00e-03 | mass: 3.37e-03 | momentum: 1.68e-02 | wall: 4.08e-03 | inlet: 2.49e-04 | outlet: 1.48e-02 | integral_mass: 3.21e-03
2026-09-23 17:59:37 | INFO     | Epoch [  7290/50000] | Total Loss: 2.4142e-01 | LR: 1.00e-03 | mass: 2.74e-03 | momentum: 1.64e-02 | wall: 3.77e-03 | inlet: 1.71e-04 | outlet: 1.41e-02 | integral_mass: 1.20e-03
2026-09-23 17:59:43 | INFO     | Epoch [  7300/50000] | Total Loss: 3.2851e-01 | LR: 1.00e-03 | mass: 4.23e-03 | momentum: 1.72e-02 | wall: 3.96e-03 | inlet: 1.92e-04 | outlet: 1.46e-02 | integral_mass: 2.37e-03
2026-09-23 17:59:49 | INFO     | Epoch [  7310/50000] | Total Loss: 2.5724e-01 | LR: 1.00e-03 | mass: 1.90e-03 | momentum: 1.62e-02 | wall: 3.78e-03 | inlet: 1.30e-04 | outlet: 1.39e-02 | integral_mass: 2.10e-03
2026-09-23 17:59:55 | INFO     | Epoch [  7320/50000] | Total Loss: 3.0752e-01 | LR: 1.00e-03 | mass: 2.96e-03 | momentum: 1.64e-02 | wall: 3.85e-03 | inlet: 2.25e-04 | outlet: 1.43e-02 | integral_mass: 1.93e-03
2026-09-23 18:00:01 | INFO     | Epoch [  7330/50000] | Total Loss: 2.3381e-01 | LR: 1.00e-03 | mass: 2.70e-03 | momentum: 1.59e-02 | wall: 3.68e-03 | inlet: 1.55e-04 | outlet: 1.37e-02 | integral_mass: 1.26e-03
2026-09-23 18:00:07 | INFO     | Epoch [  7340/50000] | Total Loss: 2.8944e-01 | LR: 1.00e-03 | mass: 1.49e-02 | momentum: 1.65e-02 | wall: 3.95e-03 | inlet: 1.29e-04 | outlet: 1.41e-02 | integral_mass: 1.15e-04
2026-09-23 18:00:13 | INFO     | Epoch [  7350/50000] | Total Loss: 2.8816e-01 | LR: 1.00e-03 | mass: 1.26e-02 | momentum: 1.61e-02 | wall: 4.22e-03 | inlet: 9.38e-05 | outlet: 1.38e-02 | integral_mass: 8.63e-04
2026-09-23 18:00:19 | INFO     | Epoch [  7360/50000] | Total Loss: 2.6600e-01 | LR: 1.00e-03 | mass: 1.28e-02 | momentum: 1.58e-02 | wall: 3.72e-03 | inlet: 1.34e-04 | outlet: 1.41e-02 | integral_mass: 8.49e-05
2026-09-23 18:00:25 | INFO     | Epoch [  7370/50000] | Total Loss: 2.1626e-01 | LR: 1.00e-03 | mass: 3.51e-03 | momentum: 1.50e-02 | wall: 3.72e-03 | inlet: 8.54e-05 | outlet: 1.43e-02 | integral_mass: 1.44e-03
2026-09-23 18:00:31 | INFO     | Epoch [  7380/50000] | Total Loss: 1.0759e-01 | LR: 1.00e-03 | mass: 9.53e-04 | momentum: 1.46e-02 | wall: 3.61e-03 | inlet: 3.97e-05 | outlet: 1.37e-02 | integral_mass: 2.77e-04
2026-09-23 18:00:37 | INFO     | Epoch [  7390/50000] | Total Loss: 2.2619e-01 | LR: 1.00e-03 | mass: 1.41e-03 | momentum: 1.45e-02 | wall: 3.82e-03 | inlet: 6.92e-05 | outlet: 1.40e-02 | integral_mass: 2.22e-03
2026-09-23 18:00:43 | INFO     | Epoch [  7400/50000] | Total Loss: 1.9281e-01 | LR: 1.00e-03 | mass: 1.06e-03 | momentum: 1.42e-02 | wall: 3.62e-03 | inlet: 6.56e-05 | outlet: 1.32e-02 | integral_mass: 1.72e-03
2026-09-23 18:00:49 | INFO     | Epoch [  7410/50000] | Total Loss: 1.8245e-01 | LR: 1.00e-03 | mass: 6.84e-04 | momentum: 1.41e-02 | wall: 3.73e-03 | inlet: 6.50e-05 | outlet: 1.36e-02 | integral_mass: 1.56e-03
2026-09-23 18:00:55 | INFO     | Epoch [  7420/50000] | Total Loss: 1.5296e-01 | LR: 1.00e-03 | mass: 1.28e-03 | momentum: 1.49e-02 | wall: 3.57e-03 | inlet: 4.46e-05 | outlet: 1.30e-02 | integral_mass: 1.09e-03
2026-09-23 18:01:01 | INFO     | Epoch [  7430/50000] | Total Loss: 2.2744e-01 | LR: 1.00e-03 | mass: 2.12e-03 | momentum: 1.44e-02 | wall: 3.64e-03 | inlet: 1.49e-04 | outlet: 1.33e-02 | integral_mass: 1.36e-03
2026-09-23 18:01:07 | INFO     | Epoch [  7440/50000] | Total Loss: 1.9212e-01 | LR: 1.00e-03 | mass: 1.83e-03 | momentum: 1.49e-02 | wall: 3.63e-03 | inlet: 5.84e-05 | outlet: 1.27e-02 | integral_mass: 1.62e-03
2026-09-23 18:01:13 | INFO     | Epoch [  7450/50000] | Total Loss: 2.7161e-01 | LR: 1.00e-03 | mass: 3.16e-03 | momentum: 1.48e-02 | wall: 3.65e-03 | inlet: 2.03e-04 | outlet: 1.31e-02 | integral_mass: 1.49e-03
2026-09-23 18:01:19 | INFO     | Epoch [  7460/50000] | Total Loss: 3.2561e-01 | LR: 1.00e-03 | mass: 8.60e-03 | momentum: 1.47e-02 | wall: 3.82e-03 | inlet: 1.45e-04 | outlet: 1.24e-02 | integral_mass: 2.03e-03
2026-09-23 18:01:25 | INFO     | Epoch [  7470/50000] | Total Loss: 3.5119e-01 | LR: 1.00e-03 | mass: 6.97e-03 | momentum: 1.47e-02 | wall: 3.96e-03 | inlet: 1.65e-04 | outlet: 1.31e-02 | integral_mass: 2.63e-03
2026-09-23 18:01:31 | INFO     | Epoch [  7480/50000] | Total Loss: 4.2701e-01 | LR: 1.00e-03 | mass: 6.11e-03 | momentum: 1.48e-02 | wall: 3.69e-03 | inlet: 5.46e-04 | outlet: 1.23e-02 | integral_mass: 5.79e-04
2026-09-23 18:01:37 | INFO     | Epoch [  7490/50000] | Total Loss: 3.1574e-01 | LR: 1.00e-03 | mass: 4.70e-03 | momentum: 1.51e-02 | wall: 3.66e-03 | inlet: 2.54e-04 | outlet: 1.27e-02 | integral_mass: 1.55e-03
2026-09-23 18:01:43 | INFO     | Epoch [  7500/50000] | Total Loss: 2.1495e-01 | LR: 1.00e-03 | mass: 2.74e-03 | momentum: 1.49e-02 | wall: 3.59e-03 | inlet: 8.82e-05 | outlet: 1.22e-02 | integral_mass: 1.61e-03
2026-09-23 18:01:49 | INFO     | Epoch [  7510/50000] | Total Loss: 2.2608e-01 | LR: 1.00e-03 | mass: 1.70e-03 | momentum: 1.44e-02 | wall: 3.84e-03 | inlet: 8.38e-05 | outlet: 1.26e-02 | integral_mass: 2.04e-03
2026-09-23 18:01:55 | INFO     | Epoch [  7520/50000] | Total Loss: 1.9593e-01 | LR: 1.00e-03 | mass: 1.05e-03 | momentum: 1.39e-02 | wall: 3.57e-03 | inlet: 7.30e-05 | outlet: 1.19e-02 | integral_mass: 1.75e-03
2026-09-23 18:02:01 | INFO     | Epoch [  7530/50000] | Total Loss: 2.4184e-01 | LR: 1.00e-03 | mass: 1.03e-03 | momentum: 1.36e-02 | wall: 3.70e-03 | inlet: 9.90e-05 | outlet: 1.24e-02 | integral_mass: 2.38e-03
2026-09-23 18:02:07 | INFO     | Epoch [  7540/50000] | Total Loss: 1.6304e-01 | LR: 1.00e-03 | mass: 6.31e-04 | momentum: 1.35e-02 | wall: 3.57e-03 | inlet: 4.44e-05 | outlet: 1.17e-02 | integral_mass: 1.47e-03
2026-09-23 18:02:13 | INFO     | Epoch [  7550/50000] | Total Loss: 2.4622e-01 | LR: 1.00e-03 | mass: 8.09e-04 | momentum: 1.34e-02 | wall: 3.71e-03 | inlet: 9.98e-05 | outlet: 1.21e-02 | integral_mass: 2.51e-03
2026-09-23 18:02:19 | INFO     | Epoch [  7560/50000] | Total Loss: 1.3966e-01 | LR: 1.00e-03 | mass: 3.79e-04 | momentum: 1.33e-02 | wall: 3.53e-03 | inlet: 3.99e-05 | outlet: 1.15e-02 | integral_mass: 1.12e-03
2026-09-23 18:02:25 | INFO     | Epoch [  7570/50000] | Total Loss: 2.7172e-01 | LR: 1.00e-03 | mass: 7.88e-04 | momentum: 1.32e-02 | wall: 3.70e-03 | inlet: 1.04e-04 | outlet: 1.19e-02 | integral_mass: 3.00e-03
2026-09-23 18:02:30 | INFO     | Epoch [  7580/50000] | Total Loss: 1.2830e-01 | LR: 1.00e-03 | mass: 3.44e-04 | momentum: 1.32e-02 | wall: 3.48e-03 | inlet: 3.41e-05 | outlet: 1.12e-02 | integral_mass: 9.72e-04
2026-09-23 18:02:36 | INFO     | Epoch [  7590/50000] | Total Loss: 2.6779e-01 | LR: 1.00e-03 | mass: 8.74e-04 | momentum: 1.31e-02 | wall: 3.66e-03 | inlet: 1.06e-04 | outlet: 1.17e-02 | integral_mass: 2.89e-03
2026-09-23 18:02:42 | INFO     | Epoch [  7600/50000] | Total Loss: 1.5184e-01 | LR: 1.00e-03 | mass: 4.48e-04 | momentum: 1.30e-02 | wall: 3.49e-03 | inlet: 4.62e-05 | outlet: 1.10e-02 | integral_mass: 1.31e-03
2026-09-23 18:02:48 | INFO     | Epoch [  7610/50000] | Total Loss: 2.0776e-01 | LR: 1.00e-03 | mass: 5.70e-04 | momentum: 1.28e-02 | wall: 3.59e-03 | inlet: 7.94e-05 | outlet: 1.14e-02 | integral_mass: 2.04e-03
2026-09-23 18:02:54 | INFO     | Epoch [  7620/50000] | Total Loss: 1.7211e-01 | LR: 1.00e-03 | mass: 4.47e-04 | momentum: 1.29e-02 | wall: 3.49e-03 | inlet: 5.70e-05 | outlet: 1.07e-02 | integral_mass: 1.61e-03
2026-09-23 18:03:00 | INFO     | Epoch [  7630/50000] | Total Loss: 2.1511e-01 | LR: 1.00e-03 | mass: 6.14e-04 | momentum: 1.29e-02 | wall: 3.60e-03 | inlet: 8.83e-05 | outlet: 1.11e-02 | integral_mass: 2.10e-03
2026-09-23 18:03:06 | INFO     | Epoch [  7640/50000] | Total Loss: 1.5202e-01 | LR: 1.00e-03 | mass: 5.19e-04 | momentum: 1.27e-02 | wall: 3.47e-03 | inlet: 5.47e-05 | outlet: 1.06e-02 | integral_mass: 1.23e-03
2026-09-23 18:03:12 | INFO     | Epoch [  7650/50000] | Total Loss: 2.3703e-01 | LR: 1.00e-03 | mass: 6.58e-04 | momentum: 1.27e-02 | wall: 3.57e-03 | inlet: 1.04e-04 | outlet: 1.10e-02 | integral_mass: 2.38e-03
2026-09-23 18:03:18 | INFO     | Epoch [  7660/50000] | Total Loss: 1.4623e-01 | LR: 1.00e-03 | mass: 4.55e-04 | momentum: 1.26e-02 | wall: 3.45e-03 | inlet: 4.57e-05 | outlet: 1.04e-02 | integral_mass: 1.23e-03
2026-09-23 18:03:24 | INFO     | Epoch [  7670/50000] | Total Loss: 2.5063e-01 | LR: 1.00e-03 | mass: 9.98e-04 | momentum: 1.26e-02 | wall: 3.57e-03 | inlet: 1.08e-04 | outlet: 1.08e-02 | integral_mass: 2.55e-03
2026-09-23 18:03:30 | INFO     | Epoch [  7680/50000] | Total Loss: 1.5982e-01 | LR: 1.00e-03 | mass: 9.28e-04 | momentum: 1.26e-02 | wall: 3.45e-03 | inlet: 6.15e-05 | outlet: 1.02e-02 | integral_mass: 1.25e-03
2026-09-23 18:03:36 | INFO     | Epoch [  7690/50000] | Total Loss: 2.2218e-01 | LR: 1.00e-03 | mass: 1.05e-03 | momentum: 1.25e-02 | wall: 3.58e-03 | inlet: 9.67e-05 | outlet: 1.05e-02 | integral_mass: 2.09e-03
2026-09-23 18:03:42 | INFO     | Epoch [  7700/50000] | Total Loss: 1.5267e-01 | LR: 1.00e-03 | mass: 6.13e-04 | momentum: 1.24e-02 | wall: 3.46e-03 | inlet: 6.63e-05 | outlet: 1.00e-02 | integral_mass: 1.13e-03
2026-09-23 18:03:48 | INFO     | Epoch [  7710/50000] | Total Loss: 2.4435e-01 | LR: 1.00e-03 | mass: 1.32e-03 | momentum: 1.25e-02 | wall: 3.55e-03 | inlet: 1.52e-04 | outlet: 1.03e-02 | integral_mass: 1.94e-03
2026-09-23 18:03:54 | INFO     | Epoch [  7720/50000] | Total Loss: 1.8809e-01 | LR: 1.00e-03 | mass: 1.13e-03 | momentum: 1.24e-02 | wall: 3.49e-03 | inlet: 7.98e-05 | outlet: 9.79e-03 | integral_mass: 1.60e-03
2026-09-23 18:04:00 | INFO     | Epoch [  7730/50000] | Total Loss: 1.9918e-01 | LR: 1.00e-03 | mass: 8.47e-04 | momentum: 1.23e-02 | wall: 3.50e-03 | inlet: 8.88e-05 | outlet: 1.02e-02 | integral_mass: 1.78e-03
2026-09-23 18:04:06 | INFO     | Epoch [  7740/50000] | Total Loss: 1.7601e-01 | LR: 1.00e-03 | mass: 5.90e-04 | momentum: 1.22e-02 | wall: 3.46e-03 | inlet: 6.93e-05 | outlet: 9.61e-03 | integral_mass: 1.58e-03
2026-09-23 18:04:12 | INFO     | Epoch [  7750/50000] | Total Loss: 2.1979e-01 | LR: 1.00e-03 | mass: 1.33e-03 | momentum: 1.31e-02 | wall: 3.46e-03 | inlet: 1.27e-04 | outlet: 9.99e-03 | integral_mass: 1.70e-03
2026-09-23 18:04:18 | INFO     | Epoch [  7760/50000] | Total Loss: 1.9647e-01 | LR: 1.00e-03 | mass: 9.62e-04 | momentum: 1.22e-02 | wall: 3.44e-03 | inlet: 1.17e-04 | outlet: 9.46e-03 | integral_mass: 1.45e-03
2026-09-23 18:04:24 | INFO     | Epoch [  7770/50000] | Total Loss: 2.2012e-01 | LR: 1.00e-03 | mass: 1.71e-03 | momentum: 1.20e-02 | wall: 3.61e-03 | inlet: 9.21e-05 | outlet: 9.83e-03 | integral_mass: 1.98e-03
2026-09-23 18:04:30 | INFO     | Epoch [  7780/50000] | Total Loss: 1.8842e-01 | LR: 1.00e-03 | mass: 1.62e-03 | momentum: 1.21e-02 | wall: 3.49e-03 | inlet: 9.81e-05 | outlet: 9.36e-03 | integral_mass: 1.34e-03
2026-09-23 18:04:36 | INFO     | Epoch [  7790/50000] | Total Loss: 2.1421e-01 | LR: 1.00e-03 | mass: 2.62e-03 | momentum: 1.29e-02 | wall: 3.38e-03 | inlet: 1.25e-04 | outlet: 9.66e-03 | integral_mass: 1.38e-03
2026-09-23 18:04:42 | INFO     | Epoch [  7800/50000] | Total Loss: 1.6864e-01 | LR: 1.00e-03 | mass: 1.97e-03 | momentum: 1.20e-02 | wall: 3.37e-03 | inlet: 8.82e-05 | outlet: 9.19e-03 | integral_mass: 1.00e-03
2026-09-23 18:04:48 | INFO     | Epoch [  7810/50000] | Total Loss: 2.6858e-01 | LR: 1.00e-03 | mass: 4.37e-03 | momentum: 1.23e-02 | wall: 3.62e-03 | inlet: 1.38e-04 | outlet: 9.53e-03 | integral_mass: 1.96e-03
2026-09-23 18:04:54 | INFO     | Epoch [  7820/50000] | Total Loss: 2.0915e-01 | LR: 1.00e-03 | mass: 1.86e-03 | momentum: 1.21e-02 | wall: 3.48e-03 | inlet: 1.17e-04 | outlet: 9.04e-03 | integral_mass: 1.52e-03
2026-09-23 18:05:00 | INFO     | Epoch [  7830/50000] | Total Loss: 1.6863e-01 | LR: 1.00e-03 | mass: 3.90e-03 | momentum: 1.27e-02 | wall: 3.55e-03 | inlet: 1.11e-04 | outlet: 9.24e-03 | integral_mass: 3.38e-04
2026-09-23 18:05:06 | INFO     | Epoch [  7840/50000] | Total Loss: 2.1204e-01 | LR: 1.00e-03 | mass: 7.72e-03 | momentum: 1.30e-02 | wall: 3.64e-03 | inlet: 1.53e-04 | outlet: 9.13e-03 | integral_mass: 3.70e-07
2026-09-23 18:05:12 | INFO     | Epoch [  7850/50000] | Total Loss: 1.7783e-01 | LR: 1.00e-03 | mass: 5.46e-03 | momentum: 1.26e-02 | wall: 3.43e-03 | inlet: 1.08e-04 | outlet: 9.08e-03 | integral_mass: 2.61e-04
2026-09-23 18:05:18 | INFO     | Epoch [  7860/50000] | Total Loss: 2.6907e-01 | LR: 1.00e-03 | mass: 1.23e-02 | momentum: 1.24e-02 | wall: 3.49e-03 | inlet: 6.77e-05 | outlet: 8.90e-03 | integral_mass: 1.13e-03
2026-09-23 18:05:24 | INFO     | Epoch [  7870/50000] | Total Loss: 1.5636e-01 | LR: 1.00e-03 | mass: 7.09e-03 | momentum: 1.21e-02 | wall: 3.39e-03 | inlet: 4.87e-05 | outlet: 8.88e-03 | integral_mass: 1.23e-04
2026-09-23 18:05:30 | INFO     | Epoch [  7880/50000] | Total Loss: 1.8061e-01 | LR: 1.00e-03 | mass: 1.04e-02 | momentum: 1.20e-02 | wall: 3.35e-03 | inlet: 4.05e-05 | outlet: 8.93e-03 | integral_mass: 3.09e-05
2026-09-23 18:05:36 | INFO     | Epoch [  7890/50000] | Total Loss: 1.4746e-01 | LR: 1.00e-03 | mass: 7.76e-03 | momentum: 1.14e-02 | wall: 3.30e-03 | inlet: 2.95e-05 | outlet: 9.30e-03 | integral_mass: 2.75e-05
2026-09-23 18:05:42 | INFO     | Epoch [  7900/50000] | Total Loss: 1.7231e-01 | LR: 1.00e-03 | mass: 9.02e-03 | momentum: 1.36e-02 | wall: 3.32e-03 | inlet: 4.96e-05 | outlet: 9.60e-03 | integral_mass: 1.89e-05
2026-09-23 18:05:48 | INFO     | Epoch [  7910/50000] | Total Loss: 2.0726e-01 | LR: 1.00e-03 | mass: 9.23e-03 | momentum: 1.38e-02 | wall: 3.24e-03 | inlet: 1.15e-04 | outlet: 1.07e-02 | integral_mass: 8.11e-06
2026-09-23 18:05:54 | INFO     | Epoch [  7920/50000] | Total Loss: 1.5074e-01 | LR: 1.00e-03 | mass: 6.07e-03 | momentum: 1.10e-02 | wall: 3.33e-03 | inlet: 6.15e-05 | outlet: 8.60e-03 | integral_mass: 1.28e-04
2026-09-23 18:06:00 | INFO     | Epoch [  7930/50000] | Total Loss: 1.2210e-01 | LR: 1.00e-03 | mass: 2.86e-03 | momentum: 9.50e-03 | wall: 3.32e-03 | inlet: 3.68e-05 | outlet: 8.29e-03 | integral_mass: 4.82e-04
2026-09-23 18:06:05 | INFO     | Epoch [  7940/50000] | Total Loss: 8.8061e-02 | LR: 1.00e-03 | mass: 2.24e-03 | momentum: 9.31e-03 | wall: 3.23e-03 | inlet: 2.42e-05 | outlet: 7.91e-03 | integral_mass: 8.07e-05
2026-09-23 18:06:11 | INFO     | Epoch [  7950/50000] | Total Loss: 9.1740e-02 | LR: 1.00e-03 | mass: 1.77e-03 | momentum: 8.99e-03 | wall: 3.25e-03 | inlet: 2.18e-05 | outlet: 7.70e-03 | integral_mass: 2.79e-04
2026-09-23 18:06:17 | INFO     | Epoch [  7960/50000] | Total Loss: 9.3435e-02 | LR: 1.00e-03 | mass: 1.22e-03 | momentum: 8.90e-03 | wall: 3.22e-03 | inlet: 2.61e-05 | outlet: 7.49e-03 | integral_mass: 3.93e-04
2026-09-23 18:06:23 | INFO     | Epoch [  7970/50000] | Total Loss: 8.5102e-02 | LR: 1.00e-03 | mass: 6.08e-04 | momentum: 8.65e-03 | wall: 3.22e-03 | inlet: 1.95e-05 | outlet: 7.32e-03 | integral_mass: 4.23e-04
2026-09-23 18:06:29 | INFO     | Epoch [  7980/50000] | Total Loss: 9.7971e-02 | LR: 1.00e-03 | mass: 1.40e-03 | momentum: 8.70e-03 | wall: 3.33e-03 | inlet: 5.58e-05 | outlet: 7.21e-03 | integral_mass: 1.39e-04
2026-09-23 18:06:35 | INFO     | Epoch [  7990/50000] | Total Loss: 1.1472e-01 | LR: 1.00e-03 | mass: 2.74e-03 | momentum: 8.89e-03 | wall: 3.35e-03 | inlet: 7.52e-05 | outlet: 7.08e-03 | integral_mass: 4.53e-06
2026-09-23 18:06:41 | INFO     | Epoch [  8000/50000] | Total Loss: 2.2419e-01 | LR: 1.00e-03 | mass: 1.31e-02 | momentum: 8.93e-03 | wall: 3.30e-03 | inlet: 8.33e-05 | outlet: 6.95e-03 | integral_mass: 5.22e-05
2026-09-23 18:06:47 | INFO     | Epoch [  8010/50000] | Total Loss: 2.1596e-01 | LR: 1.00e-03 | mass: 1.30e-02 | momentum: 8.97e-03 | wall: 3.35e-03 | inlet: 7.00e-05 | outlet: 6.92e-03 | integral_mass: 2.05e-05
2026-09-23 18:06:53 | INFO     | Epoch [  8020/50000] | Total Loss: 1.0498e-01 | LR: 1.00e-03 | mass: 3.96e-03 | momentum: 8.47e-03 | wall: 3.27e-03 | inlet: 3.39e-05 | outlet: 6.85e-03 | integral_mass: 6.63e-06
2026-09-23 18:06:59 | INFO     | Epoch [  8030/50000] | Total Loss: 1.2229e-01 | LR: 1.00e-03 | mass: 4.12e-03 | momentum: 8.21e-03 | wall: 3.18e-03 | inlet: 6.82e-05 | outlet: 6.72e-03 | integral_mass: 5.53e-06
2026-09-23 18:07:05 | INFO     | Epoch [  8040/50000] | Total Loss: 1.4912e-01 | LR: 1.00e-03 | mass: 5.88e-03 | momentum: 8.10e-03 | wall: 3.20e-03 | inlet: 8.66e-05 | outlet: 6.69e-03 | integral_mass: 3.26e-06
2026-09-23 18:07:11 | INFO     | Epoch [  8050/50000] | Total Loss: 1.9186e-01 | LR: 1.00e-03 | mass: 2.89e-03 | momentum: 7.85e-03 | wall: 3.20e-03 | inlet: 2.30e-04 | outlet: 6.60e-03 | integral_mass: 3.00e-05
2026-09-23 18:07:17 | INFO     | Epoch [  8060/50000] | Total Loss: 1.4127e-01 | LR: 1.00e-03 | mass: 2.09e-03 | momentum: 7.73e-03 | wall: 3.18e-03 | inlet: 1.35e-04 | outlet: 6.39e-03 | integral_mass: 1.35e-04
2026-09-23 18:07:23 | INFO     | Epoch [  8070/50000] | Total Loss: 1.1346e-01 | LR: 1.00e-03 | mass: 1.07e-03 | momentum: 7.58e-03 | wall: 3.19e-03 | inlet: 1.05e-04 | outlet: 6.43e-03 | integral_mass: 8.54e-05
2026-09-23 18:07:29 | INFO     | Epoch [  8080/50000] | Total Loss: 1.1688e-01 | LR: 1.00e-03 | mass: 1.13e-03 | momentum: 7.51e-03 | wall: 3.14e-03 | inlet: 1.17e-04 | outlet: 6.18e-03 | integral_mass: 4.36e-05
2026-09-23 18:07:35 | INFO     | Epoch [  8090/50000] | Total Loss: 9.1686e-02 | LR: 1.00e-03 | mass: 7.67e-04 | momentum: 7.43e-03 | wall: 3.16e-03 | inlet: 5.71e-05 | outlet: 6.19e-03 | integral_mass: 2.05e-04
2026-09-23 18:07:41 | INFO     | Epoch [  8100/50000] | Total Loss: 9.9995e-02 | LR: 1.00e-03 | mass: 3.32e-03 | momentum: 7.52e-03 | wall: 3.08e-03 | inlet: 3.39e-05 | outlet: 5.93e-03 | integral_mass: 1.12e-04
2026-09-23 18:07:47 | INFO     | Epoch [  8110/50000] | Total Loss: 1.7765e-01 | LR: 1.00e-03 | mass: 4.90e-03 | momentum: 7.63e-03 | wall: 3.07e-03 | inlet: 1.37e-04 | outlet: 5.94e-03 | integral_mass: 3.17e-04
2026-09-23 18:07:53 | INFO     | Epoch [  8120/50000] | Total Loss: 3.7290e-01 | LR: 1.00e-03 | mass: 1.72e-02 | momentum: 9.09e-03 | wall: 3.16e-03 | inlet: 2.88e-04 | outlet: 5.84e-03 | integral_mass: 2.21e-04
2026-09-23 18:07:59 | INFO     | Epoch [  8130/50000] | Total Loss: 1.8880e-01 | LR: 1.00e-03 | mass: 7.08e-03 | momentum: 8.36e-03 | wall: 3.27e-03 | inlet: 7.90e-05 | outlet: 5.68e-03 | integral_mass: 6.35e-04
2026-09-23 18:08:05 | INFO     | Epoch [  8140/50000] | Total Loss: 2.5189e-01 | LR: 1.00e-03 | mass: 3.35e-03 | momentum: 7.73e-03 | wall: 3.52e-03 | inlet: 1.01e-04 | outlet: 6.08e-03 | integral_mass: 2.38e-03
2026-09-23 18:08:10 | INFO     | Epoch [  8150/50000] | Total Loss: 1.9377e-01 | LR: 1.00e-03 | mass: 3.38e-03 | momentum: 7.91e-03 | wall: 3.35e-03 | inlet: 7.86e-05 | outlet: 5.79e-03 | integral_mass: 1.47e-03
2026-09-23 18:08:16 | INFO     | Epoch [  8160/50000] | Total Loss: 3.1031e-01 | LR: 1.00e-03 | mass: 4.69e-03 | momentum: 8.04e-03 | wall: 3.70e-03 | inlet: 1.18e-04 | outlet: 6.19e-03 | integral_mass: 3.06e-03
2026-09-23 18:08:22 | INFO     | Epoch [  8170/50000] | Total Loss: 2.3112e-01 | LR: 1.00e-03 | mass: 4.59e-03 | momentum: 8.27e-03 | wall: 3.27e-03 | inlet: 1.72e-04 | outlet: 5.86e-03 | integral_mass: 1.05e-03
2026-09-23 18:08:28 | INFO     | Epoch [  8180/50000] | Total Loss: 2.8178e-01 | LR: 1.00e-03 | mass: 9.71e-03 | momentum: 8.66e-03 | wall: 3.29e-03 | inlet: 2.44e-04 | outlet: 6.09e-03 | integral_mass: 3.01e-04
2026-09-23 18:08:34 | INFO     | Epoch [  8190/50000] | Total Loss: 3.1162e-01 | LR: 1.00e-03 | mass: 1.06e-02 | momentum: 8.78e-03 | wall: 3.72e-03 | inlet: 2.29e-04 | outlet: 5.85e-03 | integral_mass: 7.90e-04
2026-09-23 18:08:40 | INFO     | Epoch [  8200/50000] | Total Loss: 2.2560e-01 | LR: 1.00e-03 | mass: 4.96e-03 | momentum: 7.84e-03 | wall: 3.26e-03 | inlet: 1.04e-04 | outlet: 6.13e-03 | integral_mass: 1.55e-03
2026-09-23 18:08:46 | INFO     | Epoch [  8210/50000] | Total Loss: 1.9366e-01 | LR: 1.00e-03 | mass: 1.81e-03 | momentum: 7.38e-03 | wall: 3.21e-03 | inlet: 9.06e-05 | outlet: 5.76e-03 | integral_mass: 1.70e-03
2026-09-23 18:08:52 | INFO     | Epoch [  8220/50000] | Total Loss: 1.8711e-01 | LR: 1.00e-03 | mass: 1.55e-03 | momentum: 7.25e-03 | wall: 3.36e-03 | inlet: 6.82e-05 | outlet: 6.05e-03 | integral_mass: 1.81e-03
2026-09-23 18:08:58 | INFO     | Epoch [  8230/50000] | Total Loss: 1.2527e-01 | LR: 1.00e-03 | mass: 3.76e-04 | momentum: 7.18e-03 | wall: 3.18e-03 | inlet: 3.71e-05 | outlet: 5.74e-03 | integral_mass: 1.17e-03
2026-09-23 18:09:04 | INFO     | Epoch [  8240/50000] | Total Loss: 1.7729e-01 | LR: 1.00e-03 | mass: 6.31e-04 | momentum: 7.11e-03 | wall: 3.29e-03 | inlet: 5.96e-05 | outlet: 6.02e-03 | integral_mass: 1.90e-03
2026-09-23 18:09:10 | INFO     | Epoch [  8250/50000] | Total Loss: 1.1146e-01 | LR: 1.00e-03 | mass: 2.57e-04 | momentum: 7.05e-03 | wall: 3.16e-03 | inlet: 3.03e-05 | outlet: 5.69e-03 | integral_mass: 9.88e-04
2026-09-23 18:09:16 | INFO     | Epoch [  8260/50000] | Total Loss: 1.9075e-01 | LR: 1.00e-03 | mass: 4.95e-04 | momentum: 7.02e-03 | wall: 3.29e-03 | inlet: 6.87e-05 | outlet: 5.94e-03 | integral_mass: 2.11e-03
2026-09-23 18:09:22 | INFO     | Epoch [  8270/50000] | Total Loss: 9.0998e-02 | LR: 1.00e-03 | mass: 1.72e-04 | momentum: 6.97e-03 | wall: 3.13e-03 | inlet: 2.16e-05 | outlet: 5.62e-03 | integral_mass: 6.92e-04
2026-09-23 18:09:28 | INFO     | Epoch [  8280/50000] | Total Loss: 2.2173e-01 | LR: 1.00e-03 | mass: 5.25e-04 | momentum: 6.98e-03 | wall: 3.29e-03 | inlet: 8.56e-05 | outlet: 5.86e-03 | integral_mass: 2.56e-03
2026-09-23 18:09:34 | INFO     | Epoch [  8290/50000] | Total Loss: 7.5031e-02 | LR: 1.00e-03 | mass: 1.21e-04 | momentum: 6.92e-03 | wall: 3.12e-03 | inlet: 1.38e-05 | outlet: 5.53e-03 | integral_mass: 4.67e-04
2026-09-23 18:09:40 | INFO     | Epoch [  8300/50000] | Total Loss: 2.4133e-01 | LR: 1.00e-03 | mass: 8.75e-04 | momentum: 7.08e-03 | wall: 3.32e-03 | inlet: 9.27e-05 | outlet: 5.73e-03 | integral_mass: 2.80e-03
2026-09-23 18:09:46 | INFO     | Epoch [  8310/50000] | Total Loss: 8.7603e-02 | LR: 1.00e-03 | mass: 1.96e-04 | momentum: 6.88e-03 | wall: 3.13e-03 | inlet: 1.98e-05 | outlet: 5.38e-03 | integral_mass: 6.44e-04
2026-09-23 18:09:52 | INFO     | Epoch [  8320/50000] | Total Loss: 1.6941e-01 | LR: 1.00e-03 | mass: 8.37e-04 | momentum: 7.22e-03 | wall: 3.18e-03 | inlet: 6.97e-05 | outlet: 5.57e-03 | integral_mass: 1.63e-03
2026-09-23 18:09:58 | INFO     | Epoch [  8330/50000] | Total Loss: 1.2422e-01 | LR: 1.00e-03 | mass: 3.32e-04 | momentum: 6.86e-03 | wall: 3.14e-03 | inlet: 4.04e-05 | outlet: 5.25e-03 | integral_mass: 1.15e-03
2026-09-23 18:10:04 | INFO     | Epoch [  8340/50000] | Total Loss: 1.5953e-01 | LR: 1.00e-03 | mass: 4.74e-04 | momentum: 6.89e-03 | wall: 3.23e-03 | inlet: 6.07e-05 | outlet: 5.46e-03 | integral_mass: 1.59e-03
2026-09-23 18:10:10 | INFO     | Epoch [  8350/50000] | Total Loss: 1.0280e-01 | LR: 1.00e-03 | mass: 2.97e-04 | momentum: 6.84e-03 | wall: 3.14e-03 | inlet: 2.98e-05 | outlet: 5.19e-03 | integral_mass: 8.30e-04
2026-09-23 18:10:16 | INFO     | Epoch [  8360/50000] | Total Loss: 1.9000e-01 | LR: 1.00e-03 | mass: 6.50e-04 | momentum: 6.87e-03 | wall: 3.22e-03 | inlet: 7.88e-05 | outlet: 5.39e-03 | integral_mass: 1.99e-03
2026-09-23 18:10:22 | INFO     | Epoch [  8370/50000] | Total Loss: 8.9402e-02 | LR: 1.00e-03 | mass: 1.70e-04 | momentum: 6.76e-03 | wall: 3.11e-03 | inlet: 2.32e-05 | outlet: 5.10e-03 | integral_mass: 6.63e-04
2026-09-23 18:10:28 | INFO     | Epoch [  8380/50000] | Total Loss: 1.9193e-01 | LR: 1.00e-03 | mass: 7.71e-04 | momentum: 6.99e-03 | wall: 3.24e-03 | inlet: 7.77e-05 | outlet: 5.28e-03 | integral_mass: 2.01e-03
2026-09-23 18:10:33 | INFO     | Epoch [  8390/50000] | Total Loss: 9.4935e-02 | LR: 1.00e-03 | mass: 2.36e-04 | momentum: 6.70e-03 | wall: 3.10e-03 | inlet: 2.70e-05 | outlet: 4.98e-03 | integral_mass: 7.28e-04
2026-09-23 18:10:39 | INFO     | Epoch [  8400/50000] | Total Loss: 1.7381e-01 | LR: 1.00e-03 | mass: 6.02e-04 | momentum: 7.06e-03 | wall: 3.18e-03 | inlet: 7.19e-05 | outlet: 5.17e-03 | integral_mass: 1.76e-03
2026-09-23 18:10:45 | INFO     | Epoch [  8410/50000] | Total Loss: 9.9470e-02 | LR: 1.00e-03 | mass: 2.12e-04 | momentum: 6.71e-03 | wall: 3.12e-03 | inlet: 2.83e-05 | outlet: 4.88e-03 | integral_mass: 8.08e-04
2026-09-23 18:10:51 | INFO     | Epoch [  8420/50000] | Total Loss: 1.7121e-01 | LR: 1.00e-03 | mass: 6.25e-04 | momentum: 6.99e-03 | wall: 3.21e-03 | inlet: 7.03e-05 | outlet: 5.07e-03 | integral_mass: 1.71e-03
2026-09-23 18:10:57 | INFO     | Epoch [  8430/50000] | Total Loss: 9.4537e-02 | LR: 1.00e-03 | mass: 1.69e-04 | momentum: 6.64e-03 | wall: 3.10e-03 | inlet: 2.73e-05 | outlet: 4.79e-03 | integral_mass: 7.35e-04
2026-09-23 18:11:03 | INFO     | Epoch [  8440/50000] | Total Loss: 1.7886e-01 | LR: 1.00e-03 | mass: 6.25e-04 | momentum: 7.04e-03 | wall: 3.17e-03 | inlet: 7.65e-05 | outlet: 4.97e-03 | integral_mass: 1.81e-03
2026-09-23 18:11:09 | INFO     | Epoch [  8450/50000] | Total Loss: 9.0945e-02 | LR: 1.00e-03 | mass: 1.78e-04 | momentum: 6.62e-03 | wall: 3.10e-03 | inlet: 2.51e-05 | outlet: 4.70e-03 | integral_mass: 6.87e-04
2026-09-23 18:11:15 | INFO     | Epoch [  8460/50000] | Total Loss: 1.7663e-01 | LR: 1.00e-03 | mass: 7.49e-04 | momentum: 7.26e-03 | wall: 3.20e-03 | inlet: 7.37e-05 | outlet: 4.87e-03 | integral_mass: 1.76e-03
2026-09-23 18:11:21 | INFO     | Epoch [  8470/50000] | Total Loss: 9.5349e-02 | LR: 1.00e-03 | mass: 1.95e-04 | momentum: 6.64e-03 | wall: 3.10e-03 | inlet: 2.76e-05 | outlet: 4.60e-03 | integral_mass: 7.46e-04
2026-09-23 18:11:27 | INFO     | Epoch [  8480/50000] | Total Loss: 1.6700e-01 | LR: 1.00e-03 | mass: 6.72e-04 | momentum: 7.33e-03 | wall: 3.16e-03 | inlet: 7.41e-05 | outlet: 4.77e-03 | integral_mass: 1.59e-03
2026-09-23 18:11:33 | INFO     | Epoch [  8490/50000] | Total Loss: 9.7460e-02 | LR: 1.00e-03 | mass: 2.12e-04 | momentum: 6.62e-03 | wall: 3.10e-03 | inlet: 2.96e-05 | outlet: 4.51e-03 | integral_mass: 7.70e-04
2026-09-23 18:11:39 | INFO     | Epoch [  8500/50000] | Total Loss: 1.6627e-01 | LR: 1.00e-03 | mass: 6.37e-04 | momentum: 7.25e-03 | wall: 3.18e-03 | inlet: 7.01e-05 | outlet: 4.68e-03 | integral_mass: 1.62e-03
2026-09-23 18:11:45 | INFO     | Epoch [  8510/50000] | Total Loss: 9.4517e-02 | LR: 1.00e-03 | mass: 1.87e-04 | momentum: 6.63e-03 | wall: 3.09e-03 | inlet: 2.83e-05 | outlet: 4.43e-03 | integral_mass: 7.30e-04
2026-09-23 18:11:51 | INFO     | Epoch [  8520/50000] | Total Loss: 1.6754e-01 | LR: 1.00e-03 | mass: 5.32e-04 | momentum: 7.31e-03 | wall: 3.16e-03 | inlet: 7.59e-05 | outlet: 4.58e-03 | integral_mass: 1.61e-03
2026-09-23 18:11:57 | INFO     | Epoch [  8530/50000] | Total Loss: 9.4720e-02 | LR: 1.00e-03 | mass: 1.86e-04 | momentum: 6.65e-03 | wall: 3.09e-03 | inlet: 2.86e-05 | outlet: 4.34e-03 | integral_mass: 7.34e-04
2026-09-23 18:12:03 | INFO     | Epoch [  8540/50000] | Total Loss: 1.6073e-01 | LR: 1.00e-03 | mass: 5.30e-04 | momentum: 7.25e-03 | wall: 3.16e-03 | inlet: 6.88e-05 | outlet: 4.49e-03 | integral_mass: 1.55e-03
2026-09-23 18:12:08 | INFO     | Epoch [  8550/50000] | Total Loss: 9.4713e-02 | LR: 1.00e-03 | mass: 1.74e-04 | momentum: 6.68e-03 | wall: 3.08e-03 | inlet: 2.89e-05 | outlet: 4.26e-03 | integral_mass: 7.35e-04
2026-09-23 18:12:14 | INFO     | Epoch [  8560/50000] | Total Loss: 1.6279e-01 | LR: 1.00e-03 | mass: 5.40e-04 | momentum: 7.08e-03 | wall: 3.15e-03 | inlet: 7.48e-05 | outlet: 4.41e-03 | integral_mass: 1.54e-03
2026-09-23 18:12:20 | INFO     | Epoch [  8570/50000] | Total Loss: 8.8899e-02 | LR: 1.00e-03 | mass: 1.88e-04 | momentum: 6.63e-03 | wall: 3.08e-03 | inlet: 2.63e-05 | outlet: 4.18e-03 | integral_mass: 6.45e-04
2026-09-23 18:12:26 | INFO     | Epoch [  8580/50000] | Total Loss: 1.7049e-01 | LR: 1.00e-03 | mass: 7.71e-04 | momentum: 7.27e-03 | wall: 3.16e-03 | inlet: 7.30e-05 | outlet: 4.33e-03 | integral_mass: 1.66e-03
2026-09-23 18:12:32 | INFO     | Epoch [  8590/50000] | Total Loss: 9.8671e-02 | LR: 1.00e-03 | mass: 2.94e-04 | momentum: 6.80e-03 | wall: 3.08e-03 | inlet: 3.04e-05 | outlet: 4.10e-03 | integral_mass: 7.77e-04
2026-09-23 18:12:38 | INFO     | Epoch [  8600/50000] | Total Loss: 1.5122e-01 | LR: 1.00e-03 | mass: 7.58e-04 | momentum: 6.74e-03 | wall: 3.13e-03 | inlet: 6.79e-05 | outlet: 4.23e-03 | integral_mass: 1.35e-03
2026-09-23 18:12:44 | INFO     | Epoch [  8610/50000] | Total Loss: 1.0232e-01 | LR: 1.00e-03 | mass: 4.85e-04 | momentum: 6.60e-03 | wall: 3.10e-03 | inlet: 3.43e-05 | outlet: 4.02e-03 | integral_mass: 7.74e-04
2026-09-23 18:12:50 | INFO     | Epoch [  8620/50000] | Total Loss: 1.6073e-01 | LR: 1.00e-03 | mass: 9.66e-04 | momentum: 6.55e-03 | wall: 3.18e-03 | inlet: 7.23e-05 | outlet: 4.17e-03 | integral_mass: 1.45e-03
2026-09-23 18:12:56 | INFO     | Epoch [  8630/50000] | Total Loss: 1.2521e-01 | LR: 1.00e-03 | mass: 9.20e-04 | momentum: 6.56e-03 | wall: 3.11e-03 | inlet: 5.45e-05 | outlet: 3.94e-03 | integral_mass: 9.44e-04
2026-09-23 18:13:02 | INFO     | Epoch [  8640/50000] | Total Loss: 1.3291e-01 | LR: 1.00e-03 | mass: 1.07e-03 | momentum: 6.40e-03 | wall: 3.16e-03 | inlet: 5.32e-05 | outlet: 4.07e-03 | integral_mass: 1.07e-03
2026-09-23 18:13:08 | INFO     | Epoch [  8650/50000] | Total Loss: 1.2731e-01 | LR: 1.00e-03 | mass: 2.72e-03 | momentum: 7.33e-03 | wall: 3.02e-03 | inlet: 4.34e-05 | outlet: 3.88e-03 | integral_mass: 7.41e-04
2026-09-23 18:13:14 | INFO     | Epoch [  8660/50000] | Total Loss: 1.7634e-01 | LR: 1.00e-03 | mass: 5.77e-03 | momentum: 6.83e-03 | wall: 3.26e-03 | inlet: 7.32e-05 | outlet: 4.05e-03 | integral_mass: 7.70e-04
2026-09-23 18:13:20 | INFO     | Epoch [  8670/50000] | Total Loss: 1.7864e-01 | LR: 1.00e-03 | mass: 6.33e-03 | momentum: 6.85e-03 | wall: 3.23e-03 | inlet: 6.56e-05 | outlet: 3.88e-03 | integral_mass: 7.90e-04
2026-09-23 18:13:26 | INFO     | Epoch [  8680/50000] | Total Loss: 1.9040e-01 | LR: 1.00e-03 | mass: 7.78e-03 | momentum: 6.64e-03 | wall: 3.24e-03 | inlet: 1.11e-04 | outlet: 4.04e-03 | integral_mass: 2.86e-04
2026-09-23 18:13:32 | INFO     | Epoch [  8690/50000] | Total Loss: 1.0653e-01 | LR: 1.00e-03 | mass: 3.70e-03 | momentum: 6.34e-03 | wall: 3.04e-03 | inlet: 5.72e-05 | outlet: 3.98e-03 | integral_mass: 3.80e-06
2026-09-23 18:13:38 | INFO     | Epoch [  8700/50000] | Total Loss: 1.3568e-01 | LR: 1.00e-03 | mass: 4.79e-03 | momentum: 6.64e-03 | wall: 3.04e-03 | inlet: 6.10e-05 | outlet: 4.06e-03 | integral_mass: 3.23e-04
2026-09-23 18:13:43 | INFO     | Epoch [  8710/50000] | Total Loss: 1.3285e-01 | LR: 1.00e-03 | mass: 5.75e-03 | momentum: 6.27e-03 | wall: 3.11e-03 | inlet: 3.26e-05 | outlet: 3.92e-03 | integral_mass: 3.54e-04
2026-09-23 18:13:49 | INFO     | Epoch [  8720/50000] | Total Loss: 1.8779e-01 | LR: 1.00e-03 | mass: 4.12e-03 | momentum: 6.45e-03 | wall: 3.13e-03 | inlet: 7.85e-05 | outlet: 4.03e-03 | integral_mass: 1.31e-03
2026-09-23 18:13:55 | INFO     | Epoch [  8730/50000] | Total Loss: 1.2984e-01 | LR: 1.00e-03 | mass: 1.91e-03 | momentum: 6.10e-03 | wall: 3.08e-03 | inlet: 5.90e-05 | outlet: 3.80e-03 | integral_mass: 8.11e-04
2026-09-23 18:14:01 | INFO     | Epoch [  8740/50000] | Total Loss: 2.1257e-01 | LR: 1.00e-03 | mass: 4.51e-03 | momentum: 6.88e-03 | wall: 3.60e-03 | inlet: 2.33e-04 | outlet: 3.91e-03 | integral_mass: 8.65e-05
2026-09-23 18:14:07 | INFO     | Epoch [  8750/50000] | Total Loss: 3.1711e-01 | LR: 1.00e-03 | mass: 1.06e-02 | momentum: 7.31e-03 | wall: 3.36e-03 | inlet: 1.94e-04 | outlet: 3.87e-03 | integral_mass: 1.39e-03
2026-09-23 18:14:13 | INFO     | Epoch [  8760/50000] | Total Loss: 1.9253e-01 | LR: 1.00e-03 | mass: 4.68e-03 | momentum: 6.88e-03 | wall: 3.20e-03 | inlet: 1.11e-04 | outlet: 3.98e-03 | integral_mass: 9.51e-04
2026-09-23 18:14:19 | INFO     | Epoch [  8770/50000] | Total Loss: 1.5857e-01 | LR: 1.00e-03 | mass: 2.20e-03 | momentum: 6.41e-03 | wall: 3.17e-03 | inlet: 8.37e-05 | outlet: 3.71e-03 | integral_mass: 1.06e-03
2026-09-23 18:14:25 | INFO     | Epoch [  8780/50000] | Total Loss: 1.5806e-01 | LR: 1.00e-03 | mass: 1.15e-03 | momentum: 5.98e-03 | wall: 3.16e-03 | inlet: 6.65e-05 | outlet: 3.88e-03 | integral_mass: 1.44e-03
2026-09-23 18:14:31 | INFO     | Epoch [  8790/50000] | Total Loss: 1.1100e-01 | LR: 1.00e-03 | mass: 4.64e-04 | momentum: 5.86e-03 | wall: 3.10e-03 | inlet: 3.73e-05 | outlet: 3.66e-03 | integral_mass: 9.44e-04
2026-09-23 18:14:37 | INFO     | Epoch [  8800/50000] | Total Loss: 1.2448e-01 | LR: 1.00e-03 | mass: 3.79e-04 | momentum: 5.75e-03 | wall: 3.10e-03 | inlet: 5.27e-05 | outlet: 3.75e-03 | integral_mass: 1.08e-03
2026-09-23 18:14:43 | INFO     | Epoch [  8810/50000] | Total Loss: 1.0001e-01 | LR: 1.00e-03 | mass: 1.92e-04 | momentum: 5.71e-03 | wall: 3.07e-03 | inlet: 3.29e-05 | outlet: 3.56e-03 | integral_mass: 8.34e-04
2026-09-23 18:14:49 | INFO     | Epoch [  8820/50000] | Total Loss: 1.4411e-01 | LR: 1.00e-03 | mass: 2.62e-04 | momentum: 5.66e-03 | wall: 3.11e-03 | inlet: 6.13e-05 | outlet: 3.67e-03 | integral_mass: 1.41e-03
2026-09-23 18:14:55 | INFO     | Epoch [  8830/50000] | Total Loss: 8.0420e-02 | LR: 1.00e-03 | mass: 1.12e-04 | momentum: 5.64e-03 | wall: 3.05e-03 | inlet: 2.18e-05 | outlet: 3.47e-03 | integral_mass: 5.76e-04
2026-09-23 18:15:01 | INFO     | Epoch [  8840/50000] | Total Loss: 1.7480e-01 | LR: 1.00e-03 | mass: 3.49e-04 | momentum: 5.61e-03 | wall: 3.13e-03 | inlet: 7.58e-05 | outlet: 3.59e-03 | integral_mass: 1.86e-03
2026-09-23 18:15:07 | INFO     | Epoch [  8850/50000] | Total Loss: 6.3606e-02 | LR: 1.00e-03 | mass: 7.39e-05 | momentum: 5.58e-03 | wall: 3.03e-03 | inlet: 1.27e-05 | outlet: 3.39e-03 | integral_mass: 3.45e-04
2026-09-23 18:15:13 | INFO     | Epoch [  8860/50000] | Total Loss: 2.0960e-01 | LR: 1.00e-03 | mass: 5.72e-04 | momentum: 5.60e-03 | wall: 3.16e-03 | inlet: 8.81e-05 | outlet: 3.50e-03 | integral_mass: 2.38e-03
2026-09-23 18:15:19 | INFO     | Epoch [  8870/50000] | Total Loss: 9.0395e-02 | LR: 1.00e-03 | mass: 1.19e-03 | momentum: 5.56e-03 | wall: 3.06e-03 | inlet: 1.66e-05 | outlet: 3.26e-03 | integral_mass: 6.15e-04
2026-09-23 18:15:25 | INFO     | Epoch [  8880/50000] | Total Loss: 1.0011e-01 | LR: 1.00e-03 | mass: 1.21e-03 | momentum: 5.55e-03 | wall: 3.07e-03 | inlet: 2.99e-05 | outlet: 3.34e-03 | integral_mass: 6.70e-04
2026-09-23 18:15:30 | INFO     | Epoch [  8890/50000] | Total Loss: 1.0040e-01 | LR: 1.00e-03 | mass: 7.01e-04 | momentum: 5.51e-03 | wall: 3.05e-03 | inlet: 3.17e-05 | outlet: 3.19e-03 | integral_mass: 7.67e-04
2026-09-23 18:15:36 | INFO     | Epoch [  8900/50000] | Total Loss: 1.0512e-01 | LR: 1.00e-03 | mass: 2.07e-04 | momentum: 5.44e-03 | wall: 3.05e-03 | inlet: 4.19e-05 | outlet: 3.28e-03 | integral_mass: 8.57e-04
2026-09-23 18:15:42 | INFO     | Epoch [  8910/50000] | Total Loss: 1.0903e-01 | LR: 1.00e-03 | mass: 2.51e-04 | momentum: 5.41e-03 | wall: 3.04e-03 | inlet: 4.25e-05 | outlet: 3.12e-03 | integral_mass: 9.27e-04
2026-09-23 18:15:48 | INFO     | Epoch [  8920/50000] | Total Loss: 1.3446e-01 | LR: 1.00e-03 | mass: 5.54e-04 | momentum: 5.40e-03 | wall: 3.07e-03 | inlet: 5.57e-05 | outlet: 3.23e-03 | integral_mass: 1.23e-03
2026-09-23 18:15:54 | INFO     | Epoch [  8930/50000] | Total Loss: 8.7078e-02 | LR: 1.00e-03 | mass: 5.38e-04 | momentum: 5.45e-03 | wall: 3.05e-03 | inlet: 2.58e-05 | outlet: 3.07e-03 | integral_mass: 5.95e-04
2026-09-23 18:16:00 | INFO     | Epoch [  8940/50000] | Total Loss: 1.3514e-01 | LR: 1.00e-03 | mass: 7.61e-04 | momentum: 5.39e-03 | wall: 3.08e-03 | inlet: 5.84e-05 | outlet: 3.15e-03 | integral_mass: 1.18e-03
2026-09-23 18:16:06 | INFO     | Epoch [  8950/50000] | Total Loss: 1.0929e-01 | LR: 1.00e-03 | mass: 3.89e-04 | momentum: 5.36e-03 | wall: 3.05e-03 | inlet: 4.03e-05 | outlet: 2.98e-03 | integral_mass: 9.28e-04
2026-09-23 18:16:12 | INFO     | Epoch [  8960/50000] | Total Loss: 1.1259e-01 | LR: 1.00e-03 | mass: 2.23e-04 | momentum: 5.33e-03 | wall: 3.05e-03 | inlet: 4.63e-05 | outlet: 3.08e-03 | integral_mass: 9.66e-04
2026-09-23 18:16:18 | INFO     | Epoch [  8970/50000] | Total Loss: 9.6363e-02 | LR: 1.00e-03 | mass: 2.49e-04 | momentum: 5.32e-03 | wall: 3.03e-03 | inlet: 3.55e-05 | outlet: 2.93e-03 | integral_mass: 7.53e-04
2026-09-23 18:16:24 | INFO     | Epoch [  8980/50000] | Total Loss: 1.3994e-01 | LR: 1.00e-03 | mass: 3.51e-04 | momentum: 5.31e-03 | wall: 3.06e-03 | inlet: 6.34e-05 | outlet: 3.03e-03 | integral_mass: 1.31e-03
2026-09-23 18:16:30 | INFO     | Epoch [  8990/50000] | Total Loss: 8.0540e-02 | LR: 1.00e-03 | mass: 2.30e-04 | momentum: 5.33e-03 | wall: 3.03e-03 | inlet: 2.41e-05 | outlet: 2.88e-03 | integral_mass: 5.54e-04
2026-09-23 18:16:36 | INFO     | Epoch [  9000/50000] | Total Loss: 1.5104e-01 | LR: 1.00e-03 | mass: 5.08e-04 | momentum: 5.27e-03 | wall: 3.09e-03 | inlet: 6.81e-05 | outlet: 2.97e-03 | integral_mass: 1.46e-03
2026-09-23 18:16:42 | INFO     | Epoch [  9010/50000] | Total Loss: 8.9309e-02 | LR: 1.00e-03 | mass: 5.23e-04 | momentum: 5.27e-03 | wall: 3.03e-03 | inlet: 2.87e-05 | outlet: 2.81e-03 | integral_mass: 6.27e-04
2026-09-23 18:16:48 | INFO     | Epoch [  9020/50000] | Total Loss: 1.2059e-01 | LR: 1.00e-03 | mass: 7.07e-04 | momentum: 5.26e-03 | wall: 3.07e-03 | inlet: 4.87e-05 | outlet: 2.89e-03 | integral_mass: 1.01e-03
2026-09-23 18:16:54 | INFO     | Epoch [  9030/50000] | Total Loss: 1.0636e-01 | LR: 1.00e-03 | mass: 9.92e-04 | momentum: 5.23e-03 | wall: 3.03e-03 | inlet: 3.87e-05 | outlet: 2.75e-03 | integral_mass: 7.76e-04
2026-09-23 18:17:00 | INFO     | Epoch [  9040/50000] | Total Loss: 1.4015e-01 | LR: 1.00e-03 | mass: 9.85e-04 | momentum: 5.29e-03 | wall: 3.08e-03 | inlet: 6.33e-05 | outlet: 2.85e-03 | integral_mass: 1.20e-03
2026-09-23 18:17:06 | INFO     | Epoch [  9050/50000] | Total Loss: 1.1604e-01 | LR: 1.00e-03 | mass: 8.49e-04 | momentum: 5.47e-03 | wall: 3.06e-03 | inlet: 4.55e-05 | outlet: 2.71e-03 | integral_mass: 9.21e-04
2026-09-23 18:17:12 | INFO     | Epoch [  9060/50000] | Total Loss: 1.1636e-01 | LR: 1.00e-03 | mass: 3.59e-04 | momentum: 5.29e-03 | wall: 3.08e-03 | inlet: 5.26e-05 | outlet: 2.79e-03 | integral_mass: 9.53e-04
2026-09-23 18:17:18 | INFO     | Epoch [  9070/50000] | Total Loss: 1.0109e-01 | LR: 1.00e-03 | mass: 3.58e-04 | momentum: 5.29e-03 | wall: 3.05e-03 | inlet: 3.74e-05 | outlet: 2.65e-03 | integral_mass: 8.07e-04
2026-09-23 18:17:23 | INFO     | Epoch [  9080/50000] | Total Loss: 1.2363e-01 | LR: 1.00e-03 | mass: 3.81e-04 | momentum: 5.20e-03 | wall: 3.06e-03 | inlet: 5.12e-05 | outlet: 2.74e-03 | integral_mass: 1.11e-03
2026-09-23 18:17:29 | INFO     | Epoch [  9090/50000] | Total Loss: 8.8677e-02 | LR: 1.00e-03 | mass: 2.90e-04 | momentum: 5.21e-03 | wall: 3.02e-03 | inlet: 2.91e-05 | outlet: 2.61e-03 | integral_mass: 6.65e-04
2026-09-23 18:17:35 | INFO     | Epoch [  9100/50000] | Total Loss: 1.2864e-01 | LR: 1.00e-03 | mass: 4.98e-04 | momentum: 5.15e-03 | wall: 3.05e-03 | inlet: 5.59e-05 | outlet: 2.69e-03 | integral_mass: 1.15e-03
2026-09-23 18:17:41 | INFO     | Epoch [  9110/50000] | Total Loss: 8.6570e-02 | LR: 1.00e-03 | mass: 3.18e-04 | momentum: 5.12e-03 | wall: 3.01e-03 | inlet: 2.69e-05 | outlet: 2.55e-03 | integral_mass: 6.43e-04
2026-09-23 18:17:47 | INFO     | Epoch [  9120/50000] | Total Loss: 1.1998e-01 | LR: 1.00e-03 | mass: 4.92e-04 | momentum: 5.11e-03 | wall: 3.04e-03 | inlet: 4.68e-05 | outlet: 2.63e-03 | integral_mass: 1.07e-03
2026-09-23 18:17:53 | INFO     | Epoch [  9130/50000] | Total Loss: 1.0224e-01 | LR: 1.00e-03 | mass: 5.82e-04 | momentum: 5.17e-03 | wall: 3.04e-03 | inlet: 3.27e-05 | outlet: 2.49e-03 | integral_mass: 8.41e-04
2026-09-23 18:17:59 | INFO     | Epoch [  9140/50000] | Total Loss: 1.1735e-01 | LR: 1.00e-03 | mass: 5.70e-04 | momentum: 5.11e-03 | wall: 3.07e-03 | inlet: 4.23e-05 | outlet: 2.58e-03 | integral_mass: 1.04e-03
2026-09-23 18:18:05 | INFO     | Epoch [  9150/50000] | Total Loss: 1.0594e-01 | LR: 1.00e-03 | mass: 1.32e-03 | momentum: 5.41e-03 | wall: 3.03e-03 | inlet: 3.36e-05 | outlet: 2.46e-03 | integral_mass: 7.56e-04
2026-09-23 18:18:11 | INFO     | Epoch [  9160/50000] | Total Loss: 1.2712e-01 | LR: 1.00e-03 | mass: 1.31e-03 | momentum: 5.23e-03 | wall: 3.10e-03 | inlet: 6.26e-05 | outlet: 2.54e-03 | integral_mass: 8.80e-04
2026-09-23 18:18:17 | INFO     | Epoch [  9170/50000] | Total Loss: 1.1205e-01 | LR: 1.00e-03 | mass: 9.63e-04 | momentum: 5.20e-03 | wall: 3.04e-03 | inlet: 4.33e-05 | outlet: 2.41e-03 | integral_mass: 8.54e-04
2026-09-23 18:18:23 | INFO     | Epoch [  9180/50000] | Total Loss: 1.1432e-01 | LR: 1.00e-03 | mass: 7.15e-04 | momentum: 5.14e-03 | wall: 3.03e-03 | inlet: 4.64e-05 | outlet: 2.49e-03 | integral_mass: 9.20e-04
2026-09-23 18:18:29 | INFO     | Epoch [  9190/50000] | Total Loss: 1.0424e-01 | LR: 1.00e-03 | mass: 6.01e-04 | momentum: 5.06e-03 | wall: 3.04e-03 | inlet: 3.66e-05 | outlet: 2.36e-03 | integral_mass: 8.43e-04
2026-09-23 18:18:35 | INFO     | Epoch [  9200/50000] | Total Loss: 1.0879e-01 | LR: 1.00e-03 | mass: 5.08e-04 | momentum: 5.00e-03 | wall: 3.04e-03 | inlet: 4.68e-05 | outlet: 2.44e-03 | integral_mass: 8.50e-04
2026-09-23 18:18:41 | INFO     | Epoch [  9210/50000] | Total Loss: 9.8094e-02 | LR: 1.00e-03 | mass: 5.42e-04 | momentum: 4.91e-03 | wall: 3.00e-03 | inlet: 3.97e-05 | outlet: 2.31e-03 | integral_mass: 7.11e-04
2026-09-23 18:18:47 | INFO     | Epoch [  9220/50000] | Total Loss: 1.1985e-01 | LR: 1.00e-03 | mass: 5.57e-04 | momentum: 4.95e-03 | wall: 3.02e-03 | inlet: 5.86e-05 | outlet: 2.39e-03 | integral_mass: 9.48e-04
2026-09-23 18:18:53 | INFO     | Epoch [  9230/50000] | Total Loss: 1.0564e-01 | LR: 1.00e-03 | mass: 8.49e-04 | momentum: 5.08e-03 | wall: 3.02e-03 | inlet: 5.00e-05 | outlet: 2.27e-03 | integral_mass: 6.93e-04
2026-09-23 18:18:59 | INFO     | Epoch [  9240/50000] | Total Loss: 1.1676e-01 | LR: 1.00e-03 | mass: 9.24e-04 | momentum: 4.99e-03 | wall: 3.03e-03 | inlet: 6.90e-05 | outlet: 2.33e-03 | integral_mass: 7.08e-04
2026-09-23 18:19:05 | INFO     | Epoch [  9250/50000] | Total Loss: 1.0479e-01 | LR: 1.00e-03 | mass: 8.01e-04 | momentum: 4.91e-03 | wall: 3.02e-03 | inlet: 5.19e-05 | outlet: 2.22e-03 | integral_mass: 6.71e-04
2026-09-23 18:19:11 | INFO     | Epoch [  9260/50000] | Total Loss: 1.0805e-01 | LR: 1.00e-03 | mass: 7.11e-04 | momentum: 4.87e-03 | wall: 2.99e-03 | inlet: 5.62e-05 | outlet: 2.28e-03 | integral_mass: 7.15e-04
2026-09-23 18:19:17 | INFO     | Epoch [  9270/50000] | Total Loss: 1.0566e-01 | LR: 1.00e-03 | mass: 8.41e-04 | momentum: 4.95e-03 | wall: 2.99e-03 | inlet: 5.53e-05 | outlet: 2.18e-03 | integral_mass: 6.51e-04
2026-09-23 18:19:24 | INFO     | Epoch [  9280/50000] | Total Loss: 1.0826e-01 | LR: 1.00e-03 | mass: 1.00e-03 | momentum: 4.92e-03 | wall: 2.99e-03 | inlet: 6.61e-05 | outlet: 2.24e-03 | integral_mass: 5.62e-04
2026-09-23 18:19:30 | INFO     | Epoch [  9290/50000] | Total Loss: 1.0698e-01 | LR: 1.00e-03 | mass: 1.32e-03 | momentum: 4.93e-03 | wall: 3.01e-03 | inlet: 6.43e-05 | outlet: 2.13e-03 | integral_mass: 4.90e-04
2026-09-23 18:19:36 | INFO     | Epoch [  9300/50000] | Total Loss: 1.2112e-01 | LR: 1.00e-03 | mass: 1.76e-03 | momentum: 4.88e-03 | wall: 3.00e-03 | inlet: 7.88e-05 | outlet: 2.19e-03 | integral_mass: 5.41e-04
2026-09-23 18:19:42 | INFO     | Epoch [  9310/50000] | Total Loss: 1.1515e-01 | LR: 1.00e-03 | mass: 2.23e-03 | momentum: 4.96e-03 | wall: 2.99e-03 | inlet: 7.58e-05 | outlet: 2.11e-03 | integral_mass: 3.61e-04
2026-09-23 18:19:49 | INFO     | Epoch [  9320/50000] | Total Loss: 1.1536e-01 | LR: 1.00e-03 | mass: 3.09e-03 | momentum: 4.94e-03 | wall: 2.98e-03 | inlet: 8.14e-05 | outlet: 2.14e-03 | integral_mass: 1.38e-04
2026-09-23 18:19:55 | INFO     | Epoch [  9330/50000] | Total Loss: 1.1693e-01 | LR: 1.00e-03 | mass: 3.88e-03 | momentum: 4.97e-03 | wall: 2.99e-03 | inlet: 8.07e-05 | outlet: 2.10e-03 | integral_mass: 1.62e-05
2026-09-23 18:20:01 | INFO     | Epoch [  9340/50000] | Total Loss: 1.1761e-01 | LR: 1.00e-03 | mass: 4.32e-03 | momentum: 4.98e-03 | wall: 2.97e-03 | inlet: 6.83e-05 | outlet: 2.12e-03 | integral_mass: 6.89e-05
2026-09-23 18:20:07 | INFO     | Epoch [  9350/50000] | Total Loss: 1.2013e-01 | LR: 1.00e-03 | mass: 5.22e-03 | momentum: 5.17e-03 | wall: 2.96e-03 | inlet: 5.75e-05 | outlet: 2.07e-03 | integral_mass: 4.76e-05
2026-09-23 18:20:14 | INFO     | Epoch [  9360/50000] | Total Loss: 1.1835e-01 | LR: 1.00e-03 | mass: 6.09e-03 | momentum: 5.60e-03 | wall: 2.97e-03 | inlet: 3.41e-05 | outlet: 2.10e-03 | integral_mass: 6.19e-05
2026-09-23 18:20:20 | INFO     | Epoch [  9370/50000] | Total Loss: 1.1442e-01 | LR: 1.00e-03 | mass: 6.12e-03 | momentum: 5.86e-03 | wall: 2.96e-03 | inlet: 3.08e-05 | outlet: 2.10e-03 | integral_mass: 5.14e-06
2026-09-23 18:20:26 | INFO     | Epoch [  9380/50000] | Total Loss: 1.0386e-01 | LR: 1.00e-03 | mass: 4.85e-03 | momentum: 5.81e-03 | wall: 2.92e-03 | inlet: 3.56e-05 | outlet: 2.08e-03 | integral_mass: 8.20e-06
2026-09-23 18:20:32 | INFO     | Epoch [  9390/50000] | Total Loss: 8.6370e-02 | LR: 1.00e-03 | mass: 2.15e-03 | momentum: 4.62e-03 | wall: 2.91e-03 | inlet: 5.58e-05 | outlet: 1.99e-03 | integral_mass: 2.61e-05
2026-09-23 18:20:38 | INFO     | Epoch [  9400/50000] | Total Loss: 8.8727e-02 | LR: 1.00e-03 | mass: 1.23e-03 | momentum: 4.53e-03 | wall: 2.96e-03 | inlet: 3.20e-05 | outlet: 1.86e-03 | integral_mass: 4.89e-04
2026-09-23 18:20:44 | INFO     | Epoch [  9410/50000] | Total Loss: 1.0954e-01 | LR: 1.00e-03 | mass: 2.70e-03 | momentum: 4.39e-03 | wall: 2.95e-03 | inlet: 9.38e-05 | outlet: 1.82e-03 | integral_mass: 3.18e-07
2026-09-23 18:20:51 | INFO     | Epoch [  9420/50000] | Total Loss: 8.9536e-02 | LR: 1.00e-03 | mass: 2.72e-03 | momentum: 4.44e-03 | wall: 2.93e-03 | inlet: 5.28e-05 | outlet: 1.77e-03 | integral_mass: 7.85e-06
2026-09-23 18:20:57 | INFO     | Epoch [  9430/50000] | Total Loss: 1.3746e-01 | LR: 1.00e-03 | mass: 7.66e-03 | momentum: 6.13e-03 | wall: 2.95e-03 | inlet: 4.70e-05 | outlet: 1.75e-03 | integral_mass: 2.91e-08
2026-09-23 18:21:02 | INFO     | Epoch [  9440/50000] | Total Loss: 1.2568e-01 | LR: 1.00e-03 | mass: 7.07e-03 | momentum: 4.46e-03 | wall: 2.93e-03 | inlet: 3.91e-05 | outlet: 1.69e-03 | integral_mass: 1.30e-07
2026-09-23 18:21:08 | INFO     | Epoch [  9450/50000] | Total Loss: 6.6120e-02 | LR: 1.00e-03 | mass: 2.05e-03 | momentum: 4.20e-03 | wall: 2.90e-03 | inlet: 1.50e-05 | outlet: 1.65e-03 | integral_mass: 6.54e-05
2026-09-23 18:21:14 | INFO     | Epoch [  9460/50000] | Total Loss: 8.0460e-02 | LR: 1.00e-03 | mass: 3.29e-03 | momentum: 4.15e-03 | wall: 2.92e-03 | inlet: 2.02e-05 | outlet: 1.62e-03 | integral_mass: 5.05e-05
2026-09-23 18:21:19 | INFO     | Epoch [  9470/50000] | Total Loss: 6.9905e-02 | LR: 1.00e-03 | mass: 2.33e-03 | momentum: 3.81e-03 | wall: 2.90e-03 | inlet: 1.27e-05 | outlet: 1.60e-03 | integral_mass: 1.16e-04
2026-09-23 18:21:25 | INFO     | Epoch [  9480/50000] | Total Loss: 8.4080e-02 | LR: 1.00e-03 | mass: 9.73e-04 | momentum: 3.66e-03 | wall: 2.92e-03 | inlet: 2.42e-05 | outlet: 1.56e-03 | integral_mass: 5.56e-04
2026-09-23 18:21:31 | INFO     | Epoch [  9490/50000] | Total Loss: 8.5379e-02 | LR: 1.00e-03 | mass: 2.71e-03 | momentum: 3.93e-03 | wall: 2.91e-03 | inlet: 2.94e-05 | outlet: 1.55e-03 | integral_mass: 1.79e-04
2026-09-23 18:21:36 | INFO     | Epoch [  9500/50000] | Total Loss: 1.3344e-01 | LR: 1.00e-03 | mass: 7.22e-03 | momentum: 3.95e-03 | wall: 2.94e-03 | inlet: 4.83e-05 | outlet: 1.60e-03 | integral_mass: 4.25e-05
2026-09-23 18:21:42 | INFO     | Epoch [  9510/50000] | Total Loss: 7.0942e-02 | LR: 1.00e-03 | mass: 2.33e-03 | momentum: 3.56e-03 | wall: 2.86e-03 | inlet: 1.86e-05 | outlet: 1.60e-03 | integral_mass: 9.15e-05
2026-09-23 18:21:48 | INFO     | Epoch [  9520/50000] | Total Loss: 9.3381e-02 | LR: 1.00e-03 | mass: 4.77e-03 | momentum: 3.59e-03 | wall: 2.86e-03 | inlet: 2.24e-05 | outlet: 1.52e-03 | integral_mass: 1.57e-05
2026-09-23 18:21:53 | INFO     | Epoch [  9530/50000] | Total Loss: 1.6964e-01 | LR: 1.00e-03 | mass: 3.36e-03 | momentum: 3.42e-03 | wall: 2.92e-03 | inlet: 7.26e-05 | outlet: 1.51e-03 | integral_mass: 1.31e-03
2026-09-23 18:21:59 | INFO     | Epoch [  9540/50000] | Total Loss: 2.3589e-01 | LR: 1.00e-03 | mass: 1.59e-03 | momentum: 3.52e-03 | wall: 2.94e-03 | inlet: 1.83e-04 | outlet: 1.69e-03 | integral_mass: 1.88e-03
2026-09-23 18:22:05 | INFO     | Epoch [  9550/50000] | Total Loss: 1.5163e-01 | LR: 1.00e-03 | mass: 2.86e-03 | momentum: 3.66e-03 | wall: 3.10e-03 | inlet: 1.01e-04 | outlet: 1.59e-03 | integral_mass: 7.26e-04
2026-09-23 18:22:10 | INFO     | Epoch [  9560/50000] | Total Loss: 8.9967e-02 | LR: 1.00e-03 | mass: 2.72e-03 | momentum: 3.90e-03 | wall: 2.97e-03 | inlet: 5.45e-05 | outlet: 1.66e-03 | integral_mass: 4.19e-06
2026-09-23 18:22:16 | INFO     | Epoch [  9570/50000] | Total Loss: 1.3831e-01 | LR: 1.00e-03 | mass: 4.63e-03 | momentum: 4.07e-03 | wall: 2.91e-03 | inlet: 1.12e-04 | outlet: 1.64e-03 | integral_mass: 1.99e-05
2026-09-23 18:22:21 | INFO     | Epoch [  9580/50000] | Total Loss: 1.1462e-01 | LR: 1.00e-03 | mass: 4.17e-03 | momentum: 3.70e-03 | wall: 2.91e-03 | inlet: 7.69e-05 | outlet: 1.62e-03 | integral_mass: 2.01e-06
2026-09-23 18:22:27 | INFO     | Epoch [  9590/50000] | Total Loss: 8.7272e-02 | LR: 1.00e-03 | mass: 3.57e-03 | momentum: 3.53e-03 | wall: 2.86e-03 | inlet: 3.22e-05 | outlet: 1.60e-03 | integral_mass: 3.44e-05
2026-09-23 18:22:33 | INFO     | Epoch [  9600/50000] | Total Loss: 8.9795e-02 | LR: 1.00e-03 | mass: 3.64e-03 | momentum: 3.38e-03 | wall: 2.92e-03 | inlet: 3.32e-05 | outlet: 1.53e-03 | integral_mass: 5.33e-05
2026-09-23 18:22:38 | INFO     | Epoch [  9610/50000] | Total Loss: 1.4884e-01 | LR: 1.00e-03 | mass: 5.84e-03 | momentum: 3.50e-03 | wall: 2.90e-03 | inlet: 7.31e-05 | outlet: 1.51e-03 | integral_mass: 3.97e-04
2026-09-23 18:22:44 | INFO     | Epoch [  9620/50000] | Total Loss: 2.6053e-01 | LR: 1.00e-03 | mass: 6.27e-03 | momentum: 3.62e-03 | wall: 3.05e-03 | inlet: 9.69e-05 | outlet: 1.42e-03 | integral_mass: 2.28e-03
2026-09-23 18:22:50 | INFO     | Epoch [  9630/50000] | Total Loss: 1.4122e-01 | LR: 1.00e-03 | mass: 1.91e-03 | momentum: 3.24e-03 | wall: 2.93e-03 | inlet: 6.29e-05 | outlet: 1.55e-03 | integral_mass: 1.13e-03
2026-09-23 18:22:55 | INFO     | Epoch [  9640/50000] | Total Loss: 1.0848e-01 | LR: 1.00e-03 | mass: 7.76e-04 | momentum: 3.05e-03 | wall: 2.91e-03 | inlet: 3.90e-05 | outlet: 1.50e-03 | integral_mass: 9.52e-04
2026-09-23 18:23:01 | INFO     | Epoch [  9650/50000] | Total Loss: 1.2120e-01 | LR: 1.00e-03 | mass: 4.12e-04 | momentum: 3.01e-03 | wall: 2.93e-03 | inlet: 5.16e-05 | outlet: 1.61e-03 | integral_mass: 1.15e-03
2026-09-23 18:23:07 | INFO     | Epoch [  9660/50000] | Total Loss: 8.3770e-02 | LR: 1.00e-03 | mass: 2.07e-04 | momentum: 3.01e-03 | wall: 2.89e-03 | inlet: 2.40e-05 | outlet: 1.55e-03 | integral_mass: 7.26e-04
2026-09-23 18:23:12 | INFO     | Epoch [  9670/50000] | Total Loss: 1.3163e-01 | LR: 1.00e-03 | mass: 2.60e-04 | momentum: 2.98e-03 | wall: 2.93e-03 | inlet: 5.33e-05 | outlet: 1.64e-03 | integral_mass: 1.37e-03
2026-09-23 18:23:18 | INFO     | Epoch [  9680/50000] | Total Loss: 7.0631e-02 | LR: 1.00e-03 | mass: 1.16e-04 | momentum: 2.98e-03 | wall: 2.87e-03 | inlet: 1.78e-05 | outlet: 1.56e-03 | integral_mass: 5.46e-04
2026-09-23 18:23:23 | INFO     | Epoch [  9690/50000] | Total Loss: 1.5222e-01 | LR: 1.00e-03 | mass: 3.17e-04 | momentum: 2.99e-03 | wall: 2.96e-03 | inlet: 6.43e-05 | outlet: 1.63e-03 | integral_mass: 1.65e-03
2026-09-23 18:23:29 | INFO     | Epoch [  9700/50000] | Total Loss: 5.9533e-02 | LR: 1.00e-03 | mass: 8.19e-05 | momentum: 2.96e-03 | wall: 2.86e-03 | inlet: 1.35e-05 | outlet: 1.54e-03 | integral_mass: 3.78e-04
2026-09-23 18:23:35 | INFO     | Epoch [  9710/50000] | Total Loss: 1.6212e-01 | LR: 1.00e-03 | mass: 4.34e-04 | momentum: 3.01e-03 | wall: 2.93e-03 | inlet: 6.88e-05 | outlet: 1.60e-03 | integral_mass: 1.79e-03
2026-09-23 18:23:40 | INFO     | Epoch [  9720/50000] | Total Loss: 6.9872e-02 | LR: 1.00e-03 | mass: 2.16e-04 | momentum: 2.99e-03 | wall: 2.87e-03 | inlet: 1.93e-05 | outlet: 1.50e-03 | integral_mass: 4.96e-04
2026-09-23 18:23:46 | INFO     | Epoch [  9730/50000] | Total Loss: 1.3160e-01 | LR: 1.00e-03 | mass: 4.82e-04 | momentum: 3.01e-03 | wall: 2.97e-03 | inlet: 5.59e-05 | outlet: 1.56e-03 | integral_mass: 1.29e-03
2026-09-23 18:23:46 | INFO     | Early stopping triggered. No improvement for 5000 epochs.
2026-09-23 18:23:46 | INFO     | 
Optimization process terminated.
  Epochs completed : 9730
  Final loss       : 1.316015e-01
  Best loss        : 4.348438e-02
  Training time    : 5719.13s
  Early stopping   : Yes
  Reason           : patience exhausted (5000 epochs)
2026-09-23 19:00:36 | WARNING  | Tensorboard not found, disabling tensorboard logging.
2026-09-23 19:00:52 | INFO     | Initialized PINNTrainer on device: mps
2026-09-23 19:00:52 | INFO     | Mixed Precision Training: False
2026-09-23 19:00:52 | INFO     | Commencing PINN Optimization Loop...
2026-09-23 19:01:05 | INFO     | Epoch [    10/50000] | Total Loss: 7.5915e+01 | LR: 1.00e-03 | mass: 6.79e+01 | momentum: 2.85e+02 | wall: 2.24e+00 | inlet: 1.07e-01 | outlet: 1.86e-01 | integral_mass: 3.09e+01
2026-09-23 19:01:12 | INFO     | Epoch [    20/50000] | Total Loss: 3.1881e+01 | LR: 1.00e-03 | mass: 4.32e+01 | momentum: 2.03e+02 | wall: 2.13e+00 | inlet: 2.09e-02 | outlet: 1.37e-01 | integral_mass: 3.28e+01
2026-09-23 19:01:19 | INFO     | Epoch [    30/50000] | Total Loss: 2.1203e+01 | LR: 1.00e-03 | mass: 4.55e+01 | momentum: 1.67e+02 | wall: 1.75e+00 | inlet: 7.13e-03 | outlet: 9.44e-02 | integral_mass: 3.24e+01
2026-09-23 19:01:26 | INFO     | Epoch [    40/50000] | Total Loss: 1.5555e+01 | LR: 1.00e-03 | mass: 5.66e+01 | momentum: 1.40e+02 | wall: 1.35e+00 | inlet: 3.95e-03 | outlet: 6.37e-02 | integral_mass: 3.17e+01
2026-09-23 19:01:33 | INFO     | Epoch [    50/50000] | Total Loss: 1.1439e+01 | LR: 1.00e-03 | mass: 6.45e+01 | momentum: 1.06e+02 | wall: 9.78e-01 | inlet: 3.23e-03 | outlet: 4.41e-02 | integral_mass: 3.06e+01
2026-09-23 19:01:39 | INFO     | Epoch [    60/50000] | Total Loss: 8.2591e+00 | LR: 1.00e-03 | mass: 7.35e+01 | momentum: 7.98e+01 | wall: 6.60e-01 | inlet: 3.24e-03 | outlet: 3.38e-02 | integral_mass: 2.89e+01
2026-09-23 19:01:46 | INFO     | Epoch [    70/50000] | Total Loss: 5.9611e+00 | LR: 1.00e-03 | mass: 7.03e+01 | momentum: 6.08e+01 | wall: 4.53e-01 | inlet: 2.80e-03 | outlet: 2.85e-02 | integral_mass: 2.72e+01
2026-09-23 19:01:52 | INFO     | Epoch [    80/50000] | Total Loss: 4.6311e+00 | LR: 1.00e-03 | mass: 6.28e+01 | momentum: 5.10e+01 | wall: 3.50e-01 | inlet: 2.21e-03 | outlet: 2.54e-02 | integral_mass: 2.63e+01
2026-09-23 19:01:58 | INFO     | Epoch [    90/50000] | Total Loss: 4.7126e+00 | LR: 1.00e-03 | mass: 5.86e+01 | momentum: 4.54e+01 | wall: 2.82e-01 | inlet: 3.73e-03 | outlet: 2.29e-02 | integral_mass: 2.53e+01
2026-09-23 19:02:05 | INFO     | Epoch [   100/50000] | Total Loss: 3.6048e+00 | LR: 1.00e-03 | mass: 5.55e+01 | momentum: 4.18e+01 | wall: 2.54e-01 | inlet: 2.08e-03 | outlet: 2.07e-02 | integral_mass: 2.55e+01
2026-09-23 19:02:11 | INFO     | Epoch [   110/50000] | Total Loss: 4.4240e+00 | LR: 1.00e-03 | mass: 5.38e+01 | momentum: 3.87e+01 | wall: 2.21e-01 | inlet: 4.40e-03 | outlet: 1.90e-02 | integral_mass: 2.44e+01
2026-09-23 19:02:18 | INFO     | Epoch [   120/50000] | Total Loss: 3.7309e+00 | LR: 1.00e-03 | mass: 5.30e+01 | momentum: 3.78e+01 | wall: 2.18e-01 | inlet: 3.07e-03 | outlet: 1.77e-02 | integral_mass: 2.55e+01
2026-09-23 19:02:24 | INFO     | Epoch [   130/50000] | Total Loss: 2.8623e+00 | LR: 1.00e-03 | mass: 5.27e+01 | momentum: 3.53e+01 | wall: 1.89e-01 | inlet: 1.91e-03 | outlet: 1.64e-02 | integral_mass: 2.42e+01
2026-09-23 19:02:31 | INFO     | Epoch [   140/50000] | Total Loss: 2.4394e+00 | LR: 1.00e-03 | mass: 5.30e+01 | momentum: 3.48e+01 | wall: 1.87e-01 | inlet: 1.10e-03 | outlet: 1.54e-02 | integral_mass: 2.51e+01
2026-09-23 19:02:37 | INFO     | Epoch [   150/50000] | Total Loss: 2.6788e+00 | LR: 1.00e-03 | mass: 5.31e+01 | momentum: 3.33e+01 | wall: 1.72e-01 | inlet: 1.88e-03 | outlet: 1.44e-02 | integral_mass: 2.46e+01
2026-09-23 19:02:43 | INFO     | Epoch [   160/50000] | Total Loss: 2.5993e+00 | LR: 1.00e-03 | mass: 5.26e+01 | momentum: 3.22e+01 | wall: 1.64e-01 | inlet: 1.88e-03 | outlet: 1.34e-02 | integral_mass: 2.46e+01
2026-09-23 19:02:50 | INFO     | Epoch [   170/50000] | Total Loss: 2.2505e+00 | LR: 1.00e-03 | mass: 5.17e+01 | momentum: 3.03e+01 | wall: 1.50e-01 | inlet: 1.47e-03 | outlet: 1.25e-02 | integral_mass: 2.37e+01
2026-09-23 19:02:56 | INFO     | Epoch [   180/50000] | Total Loss: 2.6347e+00 | LR: 1.00e-03 | mass: 5.29e+01 | momentum: 3.04e+01 | wall: 1.51e-01 | inlet: 2.23e-03 | outlet: 1.17e-02 | integral_mass: 2.47e+01
2026-09-23 19:03:02 | INFO     | Epoch [   190/50000] | Total Loss: 2.2627e+00 | LR: 1.00e-03 | mass: 5.20e+01 | momentum: 2.96e+01 | wall: 1.44e-01 | inlet: 1.62e-03 | outlet: 1.10e-02 | integral_mass: 2.48e+01
2026-09-23 19:03:08 | INFO     | Epoch [   200/50000] | Total Loss: 2.0748e+00 | LR: 1.00e-03 | mass: 5.18e+01 | momentum: 2.83e+01 | wall: 1.38e-01 | inlet: 1.38e-03 | outlet: 1.04e-02 | integral_mass: 2.45e+01
2026-09-23 19:03:15 | INFO     | Epoch [   210/50000] | Total Loss: 2.1170e+00 | LR: 1.00e-03 | mass: 5.15e+01 | momentum: 2.80e+01 | wall: 1.36e-01 | inlet: 1.49e-03 | outlet: 9.81e-03 | integral_mass: 2.51e+01
2026-09-23 19:03:21 | INFO     | Epoch [   220/50000] | Total Loss: 2.0150e+00 | LR: 1.00e-03 | mass: 4.90e+01 | momentum: 2.57e+01 | wall: 1.23e-01 | inlet: 1.54e-03 | outlet: 9.32e-03 | integral_mass: 2.33e+01
2026-09-23 19:03:27 | INFO     | Epoch [   230/50000] | Total Loss: 2.4925e+00 | LR: 1.00e-03 | mass: 5.00e+01 | momentum: 2.74e+01 | wall: 1.38e-01 | inlet: 2.21e-03 | outlet: 9.05e-03 | integral_mass: 2.58e+01
2026-09-23 19:03:33 | INFO     | Epoch [   240/50000] | Total Loss: 2.2424e+00 | LR: 1.00e-03 | mass: 4.82e+01 | momentum: 2.47e+01 | wall: 1.18e-01 | inlet: 2.11e-03 | outlet: 8.72e-03 | integral_mass: 2.32e+01
2026-09-23 19:03:40 | INFO     | Epoch [   250/50000] | Total Loss: 2.1849e+00 | LR: 1.00e-03 | mass: 5.01e+01 | momentum: 2.63e+01 | wall: 1.29e-01 | inlet: 1.77e-03 | outlet: 8.55e-03 | integral_mass: 2.55e+01
2026-09-23 19:03:46 | INFO     | Epoch [   260/50000] | Total Loss: 1.7053e+00 | LR: 1.00e-03 | mass: 4.89e+01 | momentum: 2.42e+01 | wall: 1.14e-01 | inlet: 1.10e-03 | outlet: 8.25e-03 | integral_mass: 2.35e+01
2026-09-23 19:03:52 | INFO     | Epoch [   270/50000] | Total Loss: 2.2901e+00 | LR: 1.00e-03 | mass: 5.05e+01 | momentum: 2.56e+01 | wall: 1.23e-01 | inlet: 2.10e-03 | outlet: 8.08e-03 | integral_mass: 2.55e+01
2026-09-23 19:03:58 | INFO     | Epoch [   280/50000] | Total Loss: 1.6776e+00 | LR: 1.00e-03 | mass: 4.89e+01 | momentum: 2.34e+01 | wall: 1.09e-01 | inlet: 1.15e-03 | outlet: 7.77e-03 | integral_mass: 2.34e+01
2026-09-23 19:04:05 | INFO     | Epoch [   290/50000] | Total Loss: 1.8163e+00 | LR: 1.00e-03 | mass: 5.00e+01 | momentum: 2.44e+01 | wall: 1.15e-01 | inlet: 1.31e-03 | outlet: 7.59e-03 | integral_mass: 2.51e+01
2026-09-23 19:04:11 | INFO     | Epoch [   300/50000] | Total Loss: 1.7545e+00 | LR: 1.00e-03 | mass: 4.84e+01 | momentum: 2.25e+01 | wall: 1.04e-01 | inlet: 1.41e-03 | outlet: 7.30e-03 | integral_mass: 2.33e+01
2026-09-23 19:04:17 | INFO     | Epoch [   310/50000] | Total Loss: 1.7694e+00 | LR: 1.00e-03 | mass: 4.96e+01 | momentum: 2.35e+01 | wall: 1.10e-01 | inlet: 1.32e-03 | outlet: 7.13e-03 | integral_mass: 2.50e+01
2026-09-23 19:04:23 | INFO     | Epoch [   320/50000] | Total Loss: 1.5119e+00 | LR: 1.00e-03 | mass: 4.82e+01 | momentum: 2.18e+01 | wall: 9.99e-02 | inlet: 1.01e-03 | outlet: 6.86e-03 | integral_mass: 2.34e+01
2026-09-23 19:04:30 | INFO     | Epoch [   330/50000] | Total Loss: 1.8918e+00 | LR: 1.00e-03 | mass: 4.94e+01 | momentum: 2.27e+01 | wall: 1.06e-01 | inlet: 1.66e-03 | outlet: 6.70e-03 | integral_mass: 2.50e+01
2026-09-23 19:04:36 | INFO     | Epoch [   340/50000] | Total Loss: 1.1941e+00 | LR: 1.00e-03 | mass: 4.81e+01 | momentum: 2.12e+01 | wall: 9.62e-02 | inlet: 4.52e-04 | outlet: 6.44e-03 | integral_mass: 2.37e+01
2026-09-23 19:04:42 | INFO     | Epoch [   350/50000] | Total Loss: 1.7282e+00 | LR: 1.00e-03 | mass: 4.89e+01 | momentum: 2.16e+01 | wall: 9.87e-02 | inlet: 1.47e-03 | outlet: 6.24e-03 | integral_mass: 2.47e+01
2026-09-23 19:04:49 | INFO     | Epoch [   360/50000] | Total Loss: 3.0829e+00 | LR: 1.00e-03 | mass: 4.82e+01 | momentum: 2.14e+01 | wall: 9.99e-02 | inlet: 4.16e-03 | outlet: 6.05e-03 | integral_mass: 2.52e+01
2026-09-23 19:04:55 | INFO     | Epoch [   370/50000] | Total Loss: 2.3117e+00 | LR: 1.00e-03 | mass: 4.66e+01 | momentum: 2.09e+01 | wall: 1.01e-01 | inlet: 2.60e-03 | outlet: 5.85e-03 | integral_mass: 2.56e+01
2026-09-23 19:05:01 | INFO     | Epoch [   380/50000] | Total Loss: 2.7285e+00 | LR: 1.00e-03 | mass: 4.51e+01 | momentum: 1.98e+01 | wall: 9.55e-02 | inlet: 3.53e-03 | outlet: 5.66e-03 | integral_mass: 2.44e+01
2026-09-23 19:05:08 | INFO     | Epoch [   390/50000] | Total Loss: 1.8083e+00 | LR: 1.00e-03 | mass: 4.45e+01 | momentum: 1.99e+01 | wall: 9.99e-02 | inlet: 1.61e-03 | outlet: 5.52e-03 | integral_mass: 2.54e+01
2026-09-23 19:05:14 | INFO     | Epoch [   400/50000] | Total Loss: 4.3843e+00 | LR: 1.00e-03 | mass: 4.49e+01 | momentum: 1.92e+01 | wall: 9.16e-02 | inlet: 6.93e-03 | outlet: 5.39e-03 | integral_mass: 2.38e+01
2026-09-23 19:05:21 | INFO     | Epoch [   410/50000] | Total Loss: 2.3480e+00 | LR: 1.00e-03 | mass: 4.32e+01 | momentum: 1.82e+01 | wall: 8.84e-02 | inlet: 2.92e-03 | outlet: 5.24e-03 | integral_mass: 2.35e+01
2026-09-23 19:05:27 | INFO     | Epoch [   420/50000] | Total Loss: 1.7727e+00 | LR: 1.00e-03 | mass: 4.38e+01 | momentum: 1.88e+01 | wall: 9.36e-02 | inlet: 1.66e-03 | outlet: 5.16e-03 | integral_mass: 2.48e+01
2026-09-23 19:05:32 | INFO     | Epoch [   430/50000] | Total Loss: 2.2884e+00 | LR: 1.00e-03 | mass: 4.46e+01 | momentum: 1.87e+01 | wall: 9.16e-02 | inlet: 2.73e-03 | outlet: 5.09e-03 | integral_mass: 2.50e+01
2026-09-23 19:05:38 | INFO     | Epoch [   440/50000] | Total Loss: 1.3526e+00 | LR: 1.00e-03 | mass: 4.48e+01 | momentum: 1.81e+01 | wall: 8.48e-02 | inlet: 9.99e-04 | outlet: 4.95e-03 | integral_mass: 2.40e+01
2026-09-23 19:05:44 | INFO     | Epoch [   450/50000] | Total Loss: 1.7809e+00 | LR: 1.00e-03 | mass: 4.48e+01 | momentum: 1.78e+01 | wall: 8.44e-02 | inlet: 1.86e-03 | outlet: 4.84e-03 | integral_mass: 2.43e+01
2026-09-23 19:05:51 | INFO     | Epoch [   460/50000] | Total Loss: 1.6698e+00 | LR: 1.00e-03 | mass: 4.43e+01 | momentum: 1.73e+01 | wall: 7.99e-02 | inlet: 1.73e-03 | outlet: 4.71e-03 | integral_mass: 2.36e+01
2026-09-23 19:05:58 | INFO     | Epoch [   470/50000] | Total Loss: 1.4019e+00 | LR: 1.00e-03 | mass: 4.48e+01 | momentum: 1.77e+01 | wall: 8.48e-02 | inlet: 1.10e-03 | outlet: 4.63e-03 | integral_mass: 2.51e+01
2026-09-23 19:06:05 | INFO     | Epoch [   480/50000] | Total Loss: 1.5014e+00 | LR: 1.00e-03 | mass: 4.39e+01 | momentum: 1.66e+01 | wall: 7.64e-02 | inlet: 1.47e-03 | outlet: 4.49e-03 | integral_mass: 2.34e+01
2026-09-23 19:06:11 | INFO     | Epoch [   490/50000] | Total Loss: 1.4136e+00 | LR: 1.00e-03 | mass: 4.47e+01 | momentum: 1.73e+01 | wall: 8.18e-02 | inlet: 1.18e-03 | outlet: 4.43e-03 | integral_mass: 2.50e+01
2026-09-23 19:06:17 | INFO     | Epoch [   500/50000] | Total Loss: 1.3449e+00 | LR: 1.00e-03 | mass: 4.40e+01 | momentum: 1.64e+01 | wall: 7.47e-02 | inlet: 1.19e-03 | outlet: 4.30e-03 | integral_mass: 2.37e+01
2026-09-23 19:06:22 | INFO     | Epoch [   510/50000] | Total Loss: 1.3525e+00 | LR: 1.00e-03 | mass: 4.43e+01 | momentum: 1.67e+01 | wall: 7.80e-02 | inlet: 1.14e-03 | outlet: 4.23e-03 | integral_mass: 2.47e+01
2026-09-23 19:06:28 | INFO     | Epoch [   520/50000] | Total Loss: 1.2504e+00 | LR: 1.00e-03 | mass: 4.35e+01 | momentum: 1.59e+01 | wall: 7.19e-02 | inlet: 1.05e-03 | outlet: 4.09e-03 | integral_mass: 2.36e+01
2026-09-23 19:06:34 | INFO     | Epoch [   530/50000] | Total Loss: 1.2122e+00 | LR: 1.00e-03 | mass: 4.39e+01 | momentum: 1.63e+01 | wall: 7.55e-02 | inlet: 9.07e-04 | outlet: 4.02e-03 | integral_mass: 2.48e+01
2026-09-23 19:06:44 | INFO     | Epoch [   540/50000] | Total Loss: 1.1872e+00 | LR: 1.00e-03 | mass: 4.32e+01 | momentum: 1.54e+01 | wall: 6.94e-02 | inlet: 9.78e-04 | outlet: 3.90e-03 | integral_mass: 2.36e+01
2026-09-23 19:06:52 | INFO     | Epoch [   550/50000] | Total Loss: 1.1933e+00 | LR: 1.00e-03 | mass: 4.37e+01 | momentum: 1.58e+01 | wall: 7.26e-02 | inlet: 9.28e-04 | outlet: 3.83e-03 | integral_mass: 2.48e+01
2026-09-23 19:07:00 | INFO     | Epoch [   560/50000] | Total Loss: 1.0921e+00 | LR: 1.00e-03 | mass: 4.30e+01 | momentum: 1.50e+01 | wall: 6.69e-02 | inlet: 8.38e-04 | outlet: 3.71e-03 | integral_mass: 2.37e+01
2026-09-23 19:07:07 | INFO     | Epoch [   570/50000] | Total Loss: 1.1507e+00 | LR: 1.00e-03 | mass: 4.34e+01 | momentum: 1.54e+01 | wall: 6.97e-02 | inlet: 9.01e-04 | outlet: 3.64e-03 | integral_mass: 2.47e+01
2026-09-23 19:07:14 | INFO     | Epoch [   580/50000] | Total Loss: 1.0238e+00 | LR: 1.00e-03 | mass: 4.27e+01 | momentum: 1.46e+01 | wall: 6.44e-02 | inlet: 7.54e-04 | outlet: 3.52e-03 | integral_mass: 2.37e+01
2026-09-23 19:07:22 | INFO     | Epoch [   590/50000] | Total Loss: 1.1011e+00 | LR: 1.00e-03 | mass: 4.31e+01 | momentum: 1.49e+01 | wall: 6.67e-02 | inlet: 8.61e-04 | outlet: 3.46e-03 | integral_mass: 2.47e+01
2026-09-23 19:07:28 | INFO     | Epoch [   600/50000] | Total Loss: 9.6846e-01 | LR: 1.00e-03 | mass: 4.23e+01 | momentum: 1.42e+01 | wall: 6.17e-02 | inlet: 6.96e-04 | outlet: 3.34e-03 | integral_mass: 2.37e+01
2026-09-23 19:07:36 | INFO     | Epoch [   610/50000] | Total Loss: 1.1762e+00 | LR: 1.00e-03 | mass: 4.27e+01 | momentum: 1.44e+01 | wall: 6.35e-02 | inlet: 1.08e-03 | outlet: 3.28e-03 | integral_mass: 2.45e+01
2026-09-23 19:07:43 | INFO     | Epoch [   620/50000] | Total Loss: 3.7136e+00 | LR: 1.00e-03 | mass: 4.32e+01 | momentum: 1.49e+01 | wall: 6.71e-02 | inlet: 6.08e-03 | outlet: 3.23e-03 | integral_mass: 2.58e+01
2026-09-23 19:07:49 | INFO     | Epoch [   630/50000] | Total Loss: 5.7811e+00 | LR: 1.00e-03 | mass: 4.11e+01 | momentum: 1.47e+01 | wall: 7.29e-02 | inlet: 1.01e-02 | outlet: 3.09e-03 | integral_mass: 2.62e+01
2026-09-23 19:07:55 | INFO     | Epoch [   640/50000] | Total Loss: 2.3641e+00 | LR: 1.00e-03 | mass: 3.80e+01 | momentum: 1.36e+01 | wall: 6.80e-02 | inlet: 3.36e-03 | outlet: 2.91e-03 | integral_mass: 2.46e+01
2026-09-23 19:08:04 | INFO     | Epoch [   650/50000] | Total Loss: 2.4809e+00 | LR: 1.00e-03 | mass: 3.67e+01 | momentum: 1.26e+01 | wall: 6.43e-02 | inlet: 3.67e-03 | outlet: 2.83e-03 | integral_mass: 2.36e+01
2026-09-23 19:08:12 | INFO     | Epoch [   660/50000] | Total Loss: 1.8286e+00 | LR: 1.00e-03 | mass: 3.86e+01 | momentum: 1.41e+01 | wall: 7.64e-02 | inlet: 2.12e-03 | outlet: 2.86e-03 | integral_mass: 2.62e+01
2026-09-23 19:08:18 | INFO     | Epoch [   670/50000] | Total Loss: 2.1856e+00 | LR: 1.00e-03 | mass: 3.78e+01 | momentum: 1.24e+01 | wall: 6.10e-02 | inlet: 3.15e-03 | outlet: 2.81e-03 | integral_mass: 2.33e+01
2026-09-23 19:08:26 | INFO     | Epoch [   680/50000] | Total Loss: 1.3963e+00 | LR: 1.00e-03 | mass: 4.02e+01 | momentum: 1.37e+01 | wall: 6.71e-02 | inlet: 1.44e-03 | outlet: 2.86e-03 | integral_mass: 2.57e+01
2026-09-23 19:08:33 | INFO     | Epoch [   690/50000] | Total Loss: 1.5058e+00 | LR: 1.00e-03 | mass: 3.93e+01 | momentum: 1.24e+01 | wall: 5.74e-02 | inlet: 1.86e-03 | outlet: 2.81e-03 | integral_mass: 2.32e+01
2026-09-23 19:08:40 | INFO     | Epoch [   700/50000] | Total Loss: 1.4278e+00 | LR: 1.00e-03 | mass: 4.10e+01 | momentum: 1.36e+01 | wall: 6.37e-02 | inlet: 1.58e-03 | outlet: 2.83e-03 | integral_mass: 2.56e+01
2026-09-23 19:08:46 | INFO     | Epoch [   710/50000] | Total Loss: 1.3320e+00 | LR: 1.00e-03 | mass: 3.97e+01 | momentum: 1.23e+01 | wall: 5.59e-02 | inlet: 1.54e-03 | outlet: 2.76e-03 | integral_mass: 2.33e+01
2026-09-23 19:08:53 | INFO     | Epoch [   720/50000] | Total Loss: 1.3041e+00 | LR: 1.00e-03 | mass: 4.10e+01 | momentum: 1.33e+01 | wall: 6.15e-02 | inlet: 1.37e-03 | outlet: 2.77e-03 | integral_mass: 2.55e+01
2026-09-23 19:08:59 | INFO     | Epoch [   730/50000] | Total Loss: 1.2225e+00 | LR: 1.00e-03 | mass: 3.96e+01 | momentum: 1.21e+01 | wall: 5.43e-02 | inlet: 1.35e-03 | outlet: 2.70e-03 | integral_mass: 2.33e+01
2026-09-23 19:09:06 | INFO     | Epoch [   740/50000] | Total Loss: 1.2125e+00 | LR: 1.00e-03 | mass: 4.09e+01 | momentum: 1.31e+01 | wall: 5.94e-02 | inlet: 1.23e-03 | outlet: 2.70e-03 | integral_mass: 2.54e+01
2026-09-23 19:09:13 | INFO     | Epoch [   750/50000] | Total Loss: 1.2154e+00 | LR: 1.00e-03 | mass: 3.96e+01 | momentum: 1.19e+01 | wall: 5.30e-02 | inlet: 1.36e-03 | outlet: 2.63e-03 | integral_mass: 2.35e+01
2026-09-23 19:09:19 | INFO     | Epoch [   760/50000] | Total Loss: 1.1790e+00 | LR: 1.00e-03 | mass: 4.07e+01 | momentum: 1.28e+01 | wall: 5.75e-02 | inlet: 1.20e-03 | outlet: 2.63e-03 | integral_mass: 2.52e+01
2026-09-23 19:09:25 | INFO     | Epoch [   770/50000] | Total Loss: 1.1248e+00 | LR: 1.00e-03 | mass: 3.95e+01 | momentum: 1.18e+01 | wall: 5.18e-02 | inlet: 1.21e-03 | outlet: 2.56e-03 | integral_mass: 2.35e+01
2026-09-23 19:09:32 | INFO     | Epoch [   780/50000] | Total Loss: 1.1513e+00 | LR: 1.00e-03 | mass: 4.06e+01 | momentum: 1.26e+01 | wall: 5.57e-02 | inlet: 1.18e-03 | outlet: 2.55e-03 | integral_mass: 2.51e+01
2026-09-23 19:09:38 | INFO     | Epoch [   790/50000] | Total Loss: 1.0375e+00 | LR: 1.00e-03 | mass: 3.94e+01 | momentum: 1.16e+01 | wall: 5.05e-02 | inlet: 1.06e-03 | outlet: 2.48e-03 | integral_mass: 2.36e+01
2026-09-23 19:09:44 | INFO     | Epoch [   800/50000] | Total Loss: 1.1055e+00 | LR: 1.00e-03 | mass: 4.04e+01 | momentum: 1.23e+01 | wall: 5.38e-02 | inlet: 1.13e-03 | outlet: 2.48e-03 | integral_mass: 2.50e+01
2026-09-23 19:09:51 | INFO     | Epoch [   810/50000] | Total Loss: 9.8229e-01 | LR: 1.00e-03 | mass: 3.93e+01 | momentum: 1.14e+01 | wall: 4.91e-02 | inlet: 9.78e-04 | outlet: 2.41e-03 | integral_mass: 2.37e+01
2026-09-23 19:09:56 | INFO     | Epoch [   820/50000] | Total Loss: 1.0186e+00 | LR: 1.00e-03 | mass: 4.02e+01 | momentum: 1.20e+01 | wall: 5.20e-02 | inlet: 9.93e-04 | outlet: 2.40e-03 | integral_mass: 2.49e+01
2026-09-23 19:10:02 | INFO     | Epoch [   830/50000] | Total Loss: 9.4943e-01 | LR: 1.00e-03 | mass: 3.91e+01 | momentum: 1.12e+01 | wall: 4.75e-02 | inlet: 9.44e-04 | outlet: 2.34e-03 | integral_mass: 2.37e+01
2026-09-23 19:10:08 | INFO     | Epoch [   840/50000] | Total Loss: 9.7215e-01 | LR: 1.00e-03 | mass: 4.00e+01 | momentum: 1.18e+01 | wall: 5.02e-02 | inlet: 9.35e-04 | outlet: 2.33e-03 | integral_mass: 2.49e+01
2026-09-23 19:10:14 | INFO     | Epoch [   850/50000] | Total Loss: 8.7032e-01 | LR: 1.00e-03 | mass: 3.89e+01 | momentum: 1.10e+01 | wall: 4.62e-02 | inlet: 8.12e-04 | outlet: 2.27e-03 | integral_mass: 2.38e+01
2026-09-23 19:10:22 | INFO     | Epoch [   860/50000] | Total Loss: 5.5627e-01 | LR: 1.00e-03 | mass: 3.91e+01 | momentum: 1.10e+01 | wall: 4.60e-02 | inlet: 1.89e-04 | outlet: 2.24e-03 | integral_mass: 2.39e+01
2026-09-23 19:10:27 | INFO     | Epoch [   870/50000] | Total Loss: 1.5419e+00 | LR: 1.00e-03 | mass: 3.82e+01 | momentum: 1.05e+01 | wall: 4.36e-02 | inlet: 2.21e-03 | outlet: 2.18e-03 | integral_mass: 2.30e+01
2026-09-23 19:10:33 | INFO     | Epoch [   880/50000] | Total Loss: 1.1790e+00 | LR: 1.00e-03 | mass: 3.82e+01 | momentum: 1.11e+01 | wall: 4.75e-02 | inlet: 1.40e-03 | outlet: 2.16e-03 | integral_mass: 2.48e+01
2026-09-23 19:10:39 | INFO     | Epoch [   890/50000] | Total Loss: 1.2260e+00 | LR: 1.00e-03 | mass: 3.72e+01 | momentum: 1.04e+01 | wall: 4.39e-02 | inlet: 1.57e-03 | outlet: 2.10e-03 | integral_mass: 2.34e+01
2026-09-23 19:10:45 | INFO     | Epoch [   900/50000] | Total Loss: 1.3756e+00 | LR: 1.00e-03 | mass: 3.83e+01 | momentum: 1.14e+01 | wall: 4.99e-02 | inlet: 1.75e-03 | outlet: 2.13e-03 | integral_mass: 2.56e+01
2026-09-23 19:10:51 | INFO     | Epoch [   910/50000] | Total Loss: 1.1139e+00 | LR: 1.00e-03 | mass: 3.74e+01 | momentum: 1.03e+01 | wall: 4.32e-02 | inlet: 1.36e-03 | outlet: 2.08e-03 | integral_mass: 2.35e+01
2026-09-23 19:10:56 | INFO     | Epoch [   920/50000] | Total Loss: 1.1555e+00 | LR: 1.00e-03 | mass: 3.84e+01 | momentum: 1.11e+01 | wall: 4.75e-02 | inlet: 1.36e-03 | outlet: 2.11e-03 | integral_mass: 2.54e+01
2026-09-23 19:11:03 | INFO     | Epoch [   930/50000] | Total Loss: 1.0402e+00 | LR: 1.00e-03 | mass: 3.74e+01 | momentum: 1.02e+01 | wall: 4.21e-02 | inlet: 1.23e-03 | outlet: 2.06e-03 | integral_mass: 2.34e+01
2026-09-23 19:11:09 | INFO     | Epoch [   940/50000] | Total Loss: 1.0426e+00 | LR: 1.00e-03 | mass: 3.84e+01 | momentum: 1.10e+01 | wall: 4.61e-02 | inlet: 1.16e-03 | outlet: 2.08e-03 | integral_mass: 2.53e+01
2026-09-23 19:11:15 | INFO     | Epoch [   950/50000] | Total Loss: 9.8811e-01 | LR: 1.00e-03 | mass: 3.74e+01 | momentum: 1.01e+01 | wall: 4.12e-02 | inlet: 1.15e-03 | outlet: 2.03e-03 | integral_mass: 2.34e+01
2026-09-23 19:11:21 | INFO     | Epoch [   960/50000] | Total Loss: 9.9742e-01 | LR: 1.00e-03 | mass: 3.83e+01 | momentum: 1.08e+01 | wall: 4.48e-02 | inlet: 1.09e-03 | outlet: 2.05e-03 | integral_mass: 2.52e+01
2026-09-23 19:11:28 | INFO     | Epoch [   970/50000] | Total Loss: 9.2023e-01 | LR: 1.00e-03 | mass: 3.74e+01 | momentum: 1.00e+01 | wall: 4.02e-02 | inlet: 1.03e-03 | outlet: 1.99e-03 | integral_mass: 2.35e+01
2026-09-23 19:11:34 | INFO     | Epoch [   980/50000] | Total Loss: 9.7592e-01 | LR: 1.00e-03 | mass: 3.82e+01 | momentum: 1.06e+01 | wall: 4.35e-02 | inlet: 1.08e-03 | outlet: 2.00e-03 | integral_mass: 2.51e+01
2026-09-23 19:11:40 | INFO     | Epoch [   990/50000] | Total Loss: 8.5243e-01 | LR: 1.00e-03 | mass: 3.73e+01 | momentum: 9.92e+00 | wall: 3.93e-02 | inlet: 9.15e-04 | outlet: 1.95e-03 | integral_mass: 2.36e+01
2026-09-23 19:11:46 | INFO     | Epoch [  1000/50000] | Total Loss: 9.6332e-01 | LR: 1.00e-03 | mass: 3.81e+01 | momentum: 1.05e+01 | wall: 4.22e-02 | inlet: 1.08e-03 | outlet: 1.96e-03 | integral_mass: 2.50e+01
2026-09-23 19:11:52 | INFO     | Epoch [  1010/50000] | Total Loss: 8.3382e-01 | LR: 1.00e-03 | mass: 3.72e+01 | momentum: 9.80e+00 | wall: 3.83e-02 | inlet: 8.98e-04 | outlet: 1.91e-03 | integral_mass: 2.36e+01
2026-09-23 19:11:58 | INFO     | Epoch [  1020/50000] | Total Loss: 8.6197e-01 | LR: 1.00e-03 | mass: 3.79e+01 | momentum: 1.03e+01 | wall: 4.07e-02 | inlet: 9.05e-04 | outlet: 1.92e-03 | integral_mass: 2.49e+01
2026-09-23 19:12:05 | INFO     | Epoch [  1030/50000] | Total Loss: 8.2481e-01 | LR: 1.00e-03 | mass: 3.71e+01 | momentum: 9.69e+00 | wall: 3.72e-02 | inlet: 9.02e-04 | outlet: 1.87e-03 | integral_mass: 2.36e+01
2026-09-23 19:12:11 | INFO     | Epoch [  1040/50000] | Total Loss: 8.3409e-01 | LR: 1.00e-03 | mass: 3.78e+01 | momentum: 1.01e+01 | wall: 3.94e-02 | inlet: 8.76e-04 | outlet: 1.88e-03 | integral_mass: 2.49e+01
2026-09-23 19:12:18 | INFO     | Epoch [  1050/50000] | Total Loss: 7.6644e-01 | LR: 1.00e-03 | mass: 3.70e+01 | momentum: 9.58e+00 | wall: 3.62e-02 | inlet: 8.06e-04 | outlet: 1.83e-03 | integral_mass: 2.37e+01
2026-09-23 19:12:24 | INFO     | Epoch [  1060/50000] | Total Loss: 8.1925e-01 | LR: 1.00e-03 | mass: 3.77e+01 | momentum: 1.00e+01 | wall: 3.82e-02 | inlet: 8.72e-04 | outlet: 1.84e-03 | integral_mass: 2.48e+01
2026-09-23 19:12:30 | INFO     | Epoch [  1070/50000] | Total Loss: 7.0459e-01 | LR: 1.00e-03 | mass: 3.70e+01 | momentum: 9.48e+00 | wall: 3.52e-02 | inlet: 7.02e-04 | outlet: 1.79e-03 | integral_mass: 2.38e+01
2026-09-23 19:12:36 | INFO     | Epoch [  1080/50000] | Total Loss: 8.0018e-01 | LR: 1.00e-03 | mass: 3.77e+01 | momentum: 9.94e+00 | wall: 3.71e-02 | inlet: 8.55e-04 | outlet: 1.81e-03 | integral_mass: 2.49e+01
2026-09-23 19:12:42 | INFO     | Epoch [  1090/50000] | Total Loss: 3.6554e+00 | LR: 1.00e-03 | mass: 3.77e+01 | momentum: 9.76e+00 | wall: 3.75e-02 | inlet: 6.56e-03 | outlet: 1.80e-03 | integral_mass: 2.44e+01
2026-09-23 19:12:48 | INFO     | Epoch [  1100/50000] | Total Loss: 2.0244e+00 | LR: 1.00e-03 | mass: 3.52e+01 | momentum: 8.76e+00 | wall: 3.29e-02 | inlet: 3.39e-03 | outlet: 1.68e-03 | integral_mass: 2.28e+01
2026-09-23 19:12:54 | INFO     | Epoch [  1110/50000] | Total Loss: 8.6694e-01 | LR: 1.00e-03 | mass: 3.57e+01 | momentum: 9.16e+00 | wall: 3.50e-02 | inlet: 1.03e-03 | outlet: 1.69e-03 | integral_mass: 2.38e+01
2026-09-23 19:13:00 | INFO     | Epoch [  1120/50000] | Total Loss: 2.6893e+00 | LR: 1.00e-03 | mass: 3.67e+01 | momentum: 9.65e+00 | wall: 3.70e-02 | inlet: 4.64e-03 | outlet: 1.73e-03 | integral_mass: 2.48e+01
2026-09-23 19:13:05 | INFO     | Epoch [  1130/50000] | Total Loss: 6.7594e-01 | LR: 1.00e-03 | mass: 3.56e+01 | momentum: 9.18e+00 | wall: 3.56e-02 | inlet: 6.37e-04 | outlet: 1.67e-03 | integral_mass: 2.41e+01
2026-09-23 19:13:11 | INFO     | Epoch [  1140/50000] | Total Loss: 1.0717e+00 | LR: 1.00e-03 | mass: 3.64e+01 | momentum: 9.42e+00 | wall: 3.65e-02 | inlet: 1.41e-03 | outlet: 1.69e-03 | integral_mass: 2.46e+01
2026-09-23 19:13:17 | INFO     | Epoch [  1150/50000] | Total Loss: 8.4193e-01 | LR: 1.00e-03 | mass: 3.67e+01 | momentum: 9.43e+00 | wall: 3.55e-02 | inlet: 9.71e-04 | outlet: 1.68e-03 | integral_mass: 2.44e+01
2026-09-23 19:13:23 | INFO     | Epoch [  1160/50000] | Total Loss: 1.0407e+00 | LR: 1.00e-03 | mass: 3.66e+01 | momentum: 9.25e+00 | wall: 3.49e-02 | inlet: 1.38e-03 | outlet: 1.68e-03 | integral_mass: 2.43e+01
2026-09-23 19:13:29 | INFO     | Epoch [  1170/50000] | Total Loss: 7.9870e-01 | LR: 1.00e-03 | mass: 3.67e+01 | momentum: 9.29e+00 | wall: 3.42e-02 | inlet: 9.10e-04 | outlet: 1.66e-03 | integral_mass: 2.43e+01
2026-09-23 19:13:34 | INFO     | Epoch [  1180/50000] | Total Loss: 7.1009e-01 | LR: 1.00e-03 | mass: 3.67e+01 | momentum: 9.21e+00 | wall: 3.41e-02 | inlet: 7.35e-04 | outlet: 1.65e-03 | integral_mass: 2.44e+01
2026-09-23 19:13:40 | INFO     | Epoch [  1190/50000] | Total Loss: 8.5098e-01 | LR: 1.00e-03 | mass: 3.69e+01 | momentum: 9.21e+00 | wall: 3.33e-02 | inlet: 1.03e-03 | outlet: 1.65e-03 | integral_mass: 2.43e+01
2026-09-23 19:13:46 | INFO     | Epoch [  1200/50000] | Total Loss: 7.4009e-01 | LR: 1.00e-03 | mass: 3.69e+01 | momentum: 9.16e+00 | wall: 3.30e-02 | inlet: 8.16e-04 | outlet: 1.63e-03 | integral_mass: 2.43e+01
2026-09-23 19:13:52 | INFO     | Epoch [  1210/50000] | Total Loss: 9.6093e-01 | LR: 1.00e-03 | mass: 3.70e+01 | momentum: 9.13e+00 | wall: 3.24e-02 | inlet: 1.27e-03 | outlet: 1.62e-03 | integral_mass: 2.44e+01
2026-09-23 19:13:57 | INFO     | Epoch [  1220/50000] | Total Loss: 8.3712e-01 | LR: 1.00e-03 | mass: 3.66e+01 | momentum: 9.10e+00 | wall: 3.24e-02 | inlet: 1.02e-03 | outlet: 1.60e-03 | integral_mass: 2.45e+01
2026-09-23 19:14:03 | INFO     | Epoch [  1230/50000] | Total Loss: 8.2163e-01 | LR: 1.00e-03 | mass: 3.60e+01 | momentum: 8.84e+00 | wall: 3.17e-02 | inlet: 1.01e-03 | outlet: 1.58e-03 | integral_mass: 2.42e+01
2026-09-23 19:14:09 | INFO     | Epoch [  1240/50000] | Total Loss: 8.0405e-01 | LR: 1.00e-03 | mass: 3.62e+01 | momentum: 8.92e+00 | wall: 3.15e-02 | inlet: 9.74e-04 | outlet: 1.58e-03 | integral_mass: 2.44e+01
2026-09-23 19:14:15 | INFO     | Epoch [  1250/50000] | Total Loss: 7.4166e-01 | LR: 1.00e-03 | mass: 3.59e+01 | momentum: 8.73e+00 | wall: 3.11e-02 | inlet: 8.59e-04 | outlet: 1.57e-03 | integral_mass: 2.42e+01
2026-09-23 19:14:20 | INFO     | Epoch [  1260/50000] | Total Loss: 7.4032e-01 | LR: 1.00e-03 | mass: 3.63e+01 | momentum: 8.83e+00 | wall: 3.08e-02 | inlet: 8.61e-04 | outlet: 1.57e-03 | integral_mass: 2.43e+01
2026-09-23 19:14:26 | INFO     | Epoch [  1270/50000] | Total Loss: 7.2187e-01 | LR: 1.00e-03 | mass: 3.61e+01 | momentum: 8.69e+00 | wall: 3.06e-02 | inlet: 8.28e-04 | outlet: 1.57e-03 | integral_mass: 2.43e+01
2026-09-23 19:14:32 | INFO     | Epoch [  1280/50000] | Total Loss: 6.9521e-01 | LR: 1.00e-03 | mass: 3.64e+01 | momentum: 8.75e+00 | wall: 3.00e-02 | inlet: 7.87e-04 | outlet: 1.56e-03 | integral_mass: 2.43e+01
2026-09-23 19:14:38 | INFO     | Epoch [  1290/50000] | Total Loss: 6.8418e-01 | LR: 1.00e-03 | mass: 3.62e+01 | momentum: 8.61e+00 | wall: 2.98e-02 | inlet: 7.70e-04 | outlet: 1.55e-03 | integral_mass: 2.42e+01
2026-09-23 19:14:44 | INFO     | Epoch [  1300/50000] | Total Loss: 3.4023e-01 | LR: 1.00e-03 | mass: 3.65e+01 | momentum: 8.70e+00 | wall: 2.92e-02 | inlet: 9.36e-05 | outlet: 1.55e-03 | integral_mass: 2.44e+01
2026-09-23 19:14:49 | INFO     | Epoch [  1310/50000] | Total Loss: 1.0108e+00 | LR: 1.00e-03 | mass: 3.69e+01 | momentum: 8.76e+00 | wall: 2.94e-02 | inlet: 1.43e-03 | outlet: 1.56e-03 | integral_mass: 2.46e+01
2026-09-23 19:14:55 | INFO     | Epoch [  1320/50000] | Total Loss: 7.5490e-01 | LR: 1.00e-03 | mass: 3.57e+01 | momentum: 8.22e+00 | wall: 2.75e-02 | inlet: 9.57e-04 | outlet: 1.50e-03 | integral_mass: 2.36e+01
2026-09-23 19:15:01 | INFO     | Epoch [  1330/50000] | Total Loss: 8.3192e-01 | LR: 1.00e-03 | mass: 3.63e+01 | momentum: 8.77e+00 | wall: 2.99e-02 | inlet: 1.06e-03 | outlet: 1.51e-03 | integral_mass: 2.50e+01
2026-09-23 19:15:07 | INFO     | Epoch [  1340/50000] | Total Loss: 1.4502e+00 | LR: 1.00e-03 | mass: 3.51e+01 | momentum: 7.93e+00 | wall: 2.61e-02 | inlet: 2.38e-03 | outlet: 1.47e-03 | integral_mass: 2.31e+01
2026-09-23 19:15:12 | INFO     | Epoch [  1350/50000] | Total Loss: 7.5427e-01 | LR: 1.00e-03 | mass: 3.61e+01 | momentum: 8.40e+00 | wall: 2.74e-02 | inlet: 9.58e-04 | outlet: 1.49e-03 | integral_mass: 2.40e+01
2026-09-23 19:15:18 | INFO     | Epoch [  1360/50000] | Total Loss: 7.2372e-01 | LR: 1.00e-03 | mass: 3.61e+01 | momentum: 8.28e+00 | wall: 2.68e-02 | inlet: 9.09e-04 | outlet: 1.49e-03 | integral_mass: 2.41e+01
2026-09-23 19:15:24 | INFO     | Epoch [  1370/50000] | Total Loss: 3.5832e-01 | LR: 1.00e-03 | mass: 3.61e+01 | momentum: 8.25e+00 | wall: 2.61e-02 | inlet: 1.91e-04 | outlet: 1.49e-03 | integral_mass: 2.40e+01
2026-09-23 19:15:30 | INFO     | Epoch [  1380/50000] | Total Loss: 5.2152e-01 | LR: 1.00e-03 | mass: 3.58e+01 | momentum: 8.15e+00 | wall: 2.56e-02 | inlet: 5.27e-04 | outlet: 1.47e-03 | integral_mass: 2.40e+01
2026-09-23 19:15:36 | INFO     | Epoch [  1390/50000] | Total Loss: 6.0707e-01 | LR: 1.00e-03 | mass: 3.58e+01 | momentum: 8.29e+00 | wall: 2.62e-02 | inlet: 6.88e-04 | outlet: 1.46e-03 | integral_mass: 2.45e+01
2026-09-23 19:15:41 | INFO     | Epoch [  1400/50000] | Total Loss: 9.6693e-01 | LR: 1.00e-03 | mass: 3.57e+01 | momentum: 8.09e+00 | wall: 2.55e-02 | inlet: 1.42e-03 | outlet: 1.46e-03 | integral_mass: 2.42e+01
2026-09-23 19:15:47 | INFO     | Epoch [  1410/50000] | Total Loss: 7.7675e-01 | LR: 1.00e-03 | mass: 3.52e+01 | momentum: 7.94e+00 | wall: 2.49e-02 | inlet: 1.05e-03 | outlet: 1.43e-03 | integral_mass: 2.38e+01
2026-09-23 19:15:53 | INFO     | Epoch [  1420/50000] | Total Loss: 5.8673e-01 | LR: 1.00e-03 | mass: 3.54e+01 | momentum: 8.04e+00 | wall: 2.49e-02 | inlet: 6.72e-04 | outlet: 1.44e-03 | integral_mass: 2.43e+01
2026-09-23 19:15:59 | INFO     | Epoch [  1430/50000] | Total Loss: 3.9811e-01 | LR: 1.00e-03 | mass: 3.55e+01 | momentum: 7.99e+00 | wall: 2.45e-02 | inlet: 3.04e-04 | outlet: 1.44e-03 | integral_mass: 2.42e+01
2026-09-23 19:16:05 | INFO     | Epoch [  1440/50000] | Total Loss: 6.5838e-01 | LR: 1.00e-03 | mass: 3.54e+01 | momentum: 7.94e+00 | wall: 2.38e-02 | inlet: 8.39e-04 | outlet: 1.43e-03 | integral_mass: 2.40e+01
2026-09-23 19:16:10 | INFO     | Epoch [  1450/50000] | Total Loss: 4.7781e-01 | LR: 1.00e-03 | mass: 3.55e+01 | momentum: 8.00e+00 | wall: 2.39e-02 | inlet: 4.74e-04 | outlet: 1.43e-03 | integral_mass: 2.42e+01
2026-09-23 19:16:17 | INFO     | Epoch [  1460/50000] | Total Loss: 6.3352e-01 | LR: 1.00e-03 | mass: 3.58e+01 | momentum: 8.01e+00 | wall: 2.37e-02 | inlet: 7.90e-04 | outlet: 1.43e-03 | integral_mass: 2.44e+01
2026-09-23 19:16:24 | INFO     | Epoch [  1470/50000] | Total Loss: 4.0389e-01 | LR: 1.00e-03 | mass: 3.53e+01 | momentum: 7.80e+00 | wall: 2.28e-02 | inlet: 3.48e-04 | outlet: 1.42e-03 | integral_mass: 2.40e+01
2026-09-23 19:16:31 | INFO     | Epoch [  1480/50000] | Total Loss: 7.3800e-01 | LR: 1.00e-03 | mass: 3.53e+01 | momentum: 8.01e+00 | wall: 2.39e-02 | inlet: 9.96e-04 | outlet: 1.40e-03 | integral_mass: 2.46e+01
2026-09-23 19:16:37 | INFO     | Epoch [  1490/50000] | Total Loss: 8.1669e-01 | LR: 1.00e-03 | mass: 3.53e+01 | momentum: 8.01e+00 | wall: 2.40e-02 | inlet: 1.15e-03 | outlet: 1.41e-03 | integral_mass: 2.48e+01
2026-09-23 19:16:43 | INFO     | Epoch [  1500/50000] | Total Loss: 1.0146e+00 | LR: 1.00e-03 | mass: 3.44e+01 | momentum: 7.36e+00 | wall: 2.17e-02 | inlet: 1.59e-03 | outlet: 1.37e-03 | integral_mass: 2.32e+01
2026-09-23 19:16:50 | INFO     | Epoch [  1510/50000] | Total Loss: 6.9055e-01 | LR: 1.00e-03 | mass: 3.56e+01 | momentum: 8.07e+00 | wall: 2.36e-02 | inlet: 9.06e-04 | outlet: 1.41e-03 | integral_mass: 2.49e+01
2026-09-23 19:16:56 | INFO     | Epoch [  1520/50000] | Total Loss: 5.9030e-01 | LR: 1.00e-03 | mass: 3.48e+01 | momentum: 7.53e+00 | wall: 2.17e-02 | inlet: 7.44e-04 | outlet: 1.38e-03 | integral_mass: 2.35e+01
2026-09-23 19:17:02 | INFO     | Epoch [  1530/50000] | Total Loss: 5.8293e-01 | LR: 1.00e-03 | mass: 3.56e+01 | momentum: 8.03e+00 | wall: 2.33e-02 | inlet: 6.96e-04 | outlet: 1.40e-03 | integral_mass: 2.49e+01
2026-09-23 19:17:09 | INFO     | Epoch [  1540/50000] | Total Loss: 6.6398e-01 | LR: 1.00e-03 | mass: 3.47e+01 | momentum: 7.51e+00 | wall: 2.14e-02 | inlet: 8.98e-04 | outlet: 1.37e-03 | integral_mass: 2.36e+01
2026-09-23 19:17:15 | INFO     | Epoch [  1550/50000] | Total Loss: 5.6127e-01 | LR: 1.00e-03 | mass: 3.51e+01 | momentum: 7.82e+00 | wall: 2.27e-02 | inlet: 6.66e-04 | outlet: 1.39e-03 | integral_mass: 2.46e+01
2026-09-23 19:17:21 | INFO     | Epoch [  1560/50000] | Total Loss: 6.0884e-01 | LR: 1.00e-03 | mass: 3.45e+01 | momentum: 7.44e+00 | wall: 2.10e-02 | inlet: 7.94e-04 | outlet: 1.36e-03 | integral_mass: 2.36e+01
2026-09-23 19:17:28 | INFO     | Epoch [  1570/50000] | Total Loss: 5.5301e-01 | LR: 1.00e-03 | mass: 3.51e+01 | momentum: 7.79e+00 | wall: 2.24e-02 | inlet: 6.55e-04 | outlet: 1.38e-03 | integral_mass: 2.47e+01
2026-09-23 19:17:34 | INFO     | Epoch [  1580/50000] | Total Loss: 6.1764e-01 | LR: 1.00e-03 | mass: 3.44e+01 | momentum: 7.40e+00 | wall: 2.07e-02 | inlet: 8.19e-04 | outlet: 1.35e-03 | integral_mass: 2.37e+01
2026-09-23 19:17:40 | INFO     | Epoch [  1590/50000] | Total Loss: 4.6924e-01 | LR: 1.00e-03 | mass: 3.49e+01 | momentum: 7.71e+00 | wall: 2.19e-02 | inlet: 4.98e-04 | outlet: 1.37e-03 | integral_mass: 2.46e+01
2026-09-23 19:17:46 | INFO     | Epoch [  1600/50000] | Total Loss: 6.2452e-01 | LR: 1.00e-03 | mass: 3.43e+01 | momentum: 7.35e+00 | wall: 2.03e-02 | inlet: 8.41e-04 | outlet: 1.35e-03 | integral_mass: 2.37e+01
2026-09-23 19:17:52 | INFO     | Epoch [  1610/50000] | Total Loss: 4.5887e-01 | LR: 1.00e-03 | mass: 3.47e+01 | momentum: 7.66e+00 | wall: 2.14e-02 | inlet: 4.88e-04 | outlet: 1.37e-03 | integral_mass: 2.46e+01
2026-09-23 19:17:59 | INFO     | Epoch [  1620/50000] | Total Loss: 5.6008e-01 | LR: 1.00e-03 | mass: 3.42e+01 | momentum: 7.32e+00 | wall: 1.99e-02 | inlet: 7.20e-04 | outlet: 1.34e-03 | integral_mass: 2.38e+01
2026-09-23 19:18:05 | INFO     | Epoch [  1630/50000] | Total Loss: 4.7419e-01 | LR: 1.00e-03 | mass: 3.46e+01 | momentum: 7.61e+00 | wall: 2.09e-02 | inlet: 5.28e-04 | outlet: 1.36e-03 | integral_mass: 2.46e+01
2026-09-23 19:18:11 | INFO     | Epoch [  1640/50000] | Total Loss: 5.3918e-01 | LR: 1.00e-03 | mass: 3.40e+01 | momentum: 7.29e+00 | wall: 1.95e-02 | inlet: 6.86e-04 | outlet: 1.33e-03 | integral_mass: 2.38e+01
2026-09-23 19:18:17 | INFO     | Epoch [  1650/50000] | Total Loss: 4.4228e-01 | LR: 1.00e-03 | mass: 3.45e+01 | momentum: 7.56e+00 | wall: 2.04e-02 | inlet: 4.75e-04 | outlet: 1.35e-03 | integral_mass: 2.46e+01
2026-09-23 19:18:23 | INFO     | Epoch [  1660/50000] | Total Loss: 5.4239e-01 | LR: 1.00e-03 | mass: 3.39e+01 | momentum: 7.25e+00 | wall: 1.90e-02 | inlet: 7.02e-04 | outlet: 1.33e-03 | integral_mass: 2.38e+01
2026-09-23 19:18:29 | INFO     | Epoch [  1670/50000] | Total Loss: 4.0773e-01 | LR: 1.00e-03 | mass: 3.43e+01 | momentum: 7.51e+00 | wall: 1.98e-02 | inlet: 4.17e-04 | outlet: 1.35e-03 | integral_mass: 2.46e+01
2026-09-23 19:18:36 | INFO     | Epoch [  1680/50000] | Total Loss: 5.4214e-01 | LR: 1.00e-03 | mass: 3.38e+01 | momentum: 7.21e+00 | wall: 1.85e-02 | inlet: 7.11e-04 | outlet: 1.32e-03 | integral_mass: 2.38e+01
2026-09-23 19:18:42 | INFO     | Epoch [  1690/50000] | Total Loss: 3.9635e-01 | LR: 1.00e-03 | mass: 3.42e+01 | momentum: 7.47e+00 | wall: 1.93e-02 | inlet: 4.04e-04 | outlet: 1.34e-03 | integral_mass: 2.46e+01
2026-09-23 19:18:48 | INFO     | Epoch [  1700/50000] | Total Loss: 5.3955e-01 | LR: 1.00e-03 | mass: 3.38e+01 | momentum: 7.23e+00 | wall: 1.82e-02 | inlet: 7.12e-04 | outlet: 1.32e-03 | integral_mass: 2.40e+01
2026-09-23 19:18:54 | INFO     | Epoch [  1710/50000] | Total Loss: 7.7435e-01 | LR: 1.00e-03 | mass: 3.34e+01 | momentum: 7.00e+00 | wall: 1.75e-02 | inlet: 1.20e-03 | outlet: 1.31e-03 | integral_mass: 2.34e+01
2026-09-23 19:19:01 | INFO     | Epoch [  1720/50000] | Total Loss: 5.0668e-01 | LR: 1.00e-03 | mass: 3.35e+01 | momentum: 7.50e+00 | wall: 1.98e-02 | inlet: 6.15e-04 | outlet: 1.31e-03 | integral_mass: 2.50e+01
2026-09-23 19:19:07 | INFO     | Epoch [  1730/50000] | Total Loss: 4.3646e-01 | LR: 1.00e-03 | mass: 3.36e+01 | momentum: 7.29e+00 | wall: 1.86e-02 | inlet: 4.98e-04 | outlet: 1.32e-03 | integral_mass: 2.43e+01
2026-09-23 19:19:13 | INFO     | Epoch [  1740/50000] | Total Loss: 5.8491e-01 | LR: 1.00e-03 | mass: 3.39e+01 | momentum: 7.28e+00 | wall: 1.80e-02 | inlet: 8.06e-04 | outlet: 1.32e-03 | integral_mass: 2.41e+01
2026-09-23 19:19:19 | INFO     | Epoch [  1750/50000] | Total Loss: 6.4398e-01 | LR: 1.00e-03 | mass: 3.34e+01 | momentum: 7.26e+00 | wall: 1.85e-02 | inlet: 9.15e-04 | outlet: 1.31e-03 | integral_mass: 2.44e+01
2026-09-23 19:19:26 | INFO     | Epoch [  1760/50000] | Total Loss: 6.5620e-01 | LR: 1.00e-03 | mass: 3.36e+01 | momentum: 7.23e+00 | wall: 1.78e-02 | inlet: 9.54e-04 | outlet: 1.30e-03 | integral_mass: 2.41e+01
2026-09-23 19:19:32 | INFO     | Epoch [  1770/50000] | Total Loss: 4.7395e-01 | LR: 1.00e-03 | mass: 3.42e+01 | momentum: 7.36e+00 | wall: 1.82e-02 | inlet: 5.82e-04 | outlet: 1.33e-03 | integral_mass: 2.45e+01
2026-09-23 19:19:38 | INFO     | Epoch [  1780/50000] | Total Loss: 4.9719e-01 | LR: 1.00e-03 | mass: 3.42e+01 | momentum: 7.28e+00 | wall: 1.73e-02 | inlet: 6.46e-04 | outlet: 1.32e-03 | integral_mass: 2.41e+01
2026-09-23 19:19:44 | INFO     | Epoch [  1790/50000] | Total Loss: 4.8953e-01 | LR: 1.00e-03 | mass: 3.43e+01 | momentum: 7.35e+00 | wall: 1.79e-02 | inlet: 6.18e-04 | outlet: 1.33e-03 | integral_mass: 2.45e+01
2026-09-23 19:19:51 | INFO     | Epoch [  1800/50000] | Total Loss: 4.5004e-01 | LR: 1.00e-03 | mass: 3.43e+01 | momentum: 7.31e+00 | wall: 1.71e-02 | inlet: 5.56e-04 | outlet: 1.33e-03 | integral_mass: 2.42e+01
2026-09-23 19:19:57 | INFO     | Epoch [  1810/50000] | Total Loss: 4.4455e-01 | LR: 1.00e-03 | mass: 3.46e+01 | momentum: 7.37e+00 | wall: 1.75e-02 | inlet: 5.36e-04 | outlet: 1.34e-03 | integral_mass: 2.44e+01
2026-09-23 19:20:03 | INFO     | Epoch [  1820/50000] | Total Loss: 8.9122e-01 | LR: 1.00e-03 | mass: 3.43e+01 | momentum: 7.13e+00 | wall: 1.64e-02 | inlet: 1.45e-03 | outlet: 1.33e-03 | integral_mass: 2.36e+01
2026-09-23 19:20:09 | INFO     | Epoch [  1830/50000] | Total Loss: 3.3914e+00 | LR: 1.00e-03 | mass: 3.35e+01 | momentum: 6.73e+00 | wall: 1.67e-02 | inlet: 6.45e-03 | outlet: 1.31e-03 | integral_mass: 2.26e+01
2026-09-23 19:20:16 | INFO     | Epoch [  1840/50000] | Total Loss: 5.7212e-01 | LR: 1.00e-03 | mass: 3.34e+01 | momentum: 7.12e+00 | wall: 1.69e-02 | inlet: 8.04e-04 | outlet: 1.29e-03 | integral_mass: 2.39e+01
2026-09-23 19:20:22 | INFO     | Epoch [  1850/50000] | Total Loss: 5.1266e-01 | LR: 1.00e-03 | mass: 3.44e+01 | momentum: 7.55e+00 | wall: 1.86e-02 | inlet: 6.51e-04 | outlet: 1.33e-03 | integral_mass: 2.50e+01
2026-09-23 19:20:28 | INFO     | Epoch [  1860/50000] | Total Loss: 3.9000e-01 | LR: 1.00e-03 | mass: 3.44e+01 | momentum: 7.19e+00 | wall: 1.64e-02 | inlet: 4.49e-04 | outlet: 1.32e-03 | integral_mass: 2.38e+01
2026-09-23 19:20:34 | INFO     | Epoch [  1870/50000] | Total Loss: 3.6003e-01 | LR: 1.00e-03 | mass: 3.52e+01 | momentum: 7.61e+00 | wall: 1.74e-02 | inlet: 3.69e-04 | outlet: 1.35e-03 | integral_mass: 2.49e+01
2026-09-23 19:20:40 | INFO     | Epoch [  1880/50000] | Total Loss: 5.5601e-01 | LR: 1.00e-03 | mass: 3.43e+01 | momentum: 7.09e+00 | wall: 1.59e-02 | inlet: 7.91e-04 | outlet: 1.33e-03 | integral_mass: 2.35e+01
2026-09-23 19:20:46 | INFO     | Epoch [  1890/50000] | Total Loss: 4.3727e-01 | LR: 1.00e-03 | mass: 3.51e+01 | momentum: 7.64e+00 | wall: 1.74e-02 | inlet: 5.24e-04 | outlet: 1.35e-03 | integral_mass: 2.50e+01
2026-09-23 19:20:53 | INFO     | Epoch [  1900/50000] | Total Loss: 4.8726e-01 | LR: 1.00e-03 | mass: 3.42e+01 | momentum: 7.08e+00 | wall: 1.57e-02 | inlet: 6.58e-04 | outlet: 1.32e-03 | integral_mass: 2.35e+01
2026-09-23 19:20:59 | INFO     | Epoch [  1910/50000] | Total Loss: 4.0333e-01 | LR: 1.00e-03 | mass: 3.50e+01 | momentum: 7.60e+00 | wall: 1.70e-02 | inlet: 4.64e-04 | outlet: 1.35e-03 | integral_mass: 2.50e+01
2026-09-23 19:21:05 | INFO     | Epoch [  1920/50000] | Total Loss: 5.0880e-01 | LR: 1.00e-03 | mass: 3.41e+01 | momentum: 7.04e+00 | wall: 1.54e-02 | inlet: 7.07e-04 | outlet: 1.32e-03 | integral_mass: 2.35e+01
2026-09-23 19:21:11 | INFO     | Epoch [  1930/50000] | Total Loss: 3.5038e-01 | LR: 1.00e-03 | mass: 3.49e+01 | momentum: 7.55e+00 | wall: 1.66e-02 | inlet: 3.67e-04 | outlet: 1.34e-03 | integral_mass: 2.49e+01
2026-09-23 19:21:17 | INFO     | Epoch [  1940/50000] | Total Loss: 5.3669e-01 | LR: 1.00e-03 | mass: 3.40e+01 | momentum: 7.00e+00 | wall: 1.51e-02 | inlet: 7.69e-04 | outlet: 1.32e-03 | integral_mass: 2.35e+01
2026-09-23 19:21:23 | INFO     | Epoch [  1950/50000] | Total Loss: 3.2117e-01 | LR: 1.00e-03 | mass: 3.48e+01 | momentum: 7.50e+00 | wall: 1.62e-02 | inlet: 3.16e-04 | outlet: 1.34e-03 | integral_mass: 2.49e+01
2026-09-23 19:21:30 | INFO     | Epoch [  1960/50000] | Total Loss: 5.1939e-01 | LR: 1.00e-03 | mass: 3.39e+01 | momentum: 6.98e+00 | wall: 1.48e-02 | inlet: 7.40e-04 | outlet: 1.31e-03 | integral_mass: 2.35e+01
2026-09-23 19:21:36 | INFO     | Epoch [  1970/50000] | Total Loss: 3.4686e-01 | LR: 1.00e-03 | mass: 3.47e+01 | momentum: 7.50e+00 | wall: 1.59e-02 | inlet: 3.72e-04 | outlet: 1.34e-03 | integral_mass: 2.50e+01
2026-09-23 19:21:42 | INFO     | Epoch [  1980/50000] | Total Loss: 4.2971e-01 | LR: 1.00e-03 | mass: 3.38e+01 | momentum: 7.00e+00 | wall: 1.46e-02 | inlet: 5.65e-04 | outlet: 1.31e-03 | integral_mass: 2.36e+01
2026-09-23 19:21:48 | INFO     | Epoch [  1990/50000] | Total Loss: 4.0199e-01 | LR: 1.00e-03 | mass: 3.47e+01 | momentum: 7.51e+00 | wall: 1.58e-02 | inlet: 4.86e-04 | outlet: 1.34e-03 | integral_mass: 2.51e+01
2026-09-23 19:21:54 | INFO     | Epoch [  2000/50000] | Total Loss: 3.9926e-01 | LR: 1.00e-03 | mass: 3.38e+01 | momentum: 6.99e+00 | wall: 1.44e-02 | inlet: 5.08e-04 | outlet: 1.31e-03 | integral_mass: 2.36e+01
2026-09-23 19:22:00 | INFO     | Epoch [  2010/50000] | Total Loss: 3.9207e-01 | LR: 1.00e-03 | mass: 3.46e+01 | momentum: 7.48e+00 | wall: 1.55e-02 | inlet: 4.72e-04 | outlet: 1.34e-03 | integral_mass: 2.50e+01
2026-09-23 19:22:06 | INFO     | Epoch [  2020/50000] | Total Loss: 3.9317e-01 | LR: 1.00e-03 | mass: 3.37e+01 | momentum: 6.98e+00 | wall: 1.42e-02 | inlet: 5.01e-04 | outlet: 1.31e-03 | integral_mass: 2.37e+01
2026-09-23 19:22:13 | INFO     | Epoch [  2030/50000] | Total Loss: 3.9569e-01 | LR: 1.00e-03 | mass: 3.45e+01 | momentum: 7.45e+00 | wall: 1.52e-02 | inlet: 4.85e-04 | outlet: 1.33e-03 | integral_mass: 2.50e+01
2026-09-23 19:22:19 | INFO     | Epoch [  2040/50000] | Total Loss: 4.0273e-01 | LR: 1.00e-03 | mass: 3.37e+01 | momentum: 6.98e+00 | wall: 1.40e-02 | inlet: 5.24e-04 | outlet: 1.30e-03 | integral_mass: 2.37e+01
2026-09-23 19:22:25 | INFO     | Epoch [  2050/50000] | Total Loss: 4.0613e-01 | LR: 1.00e-03 | mass: 3.44e+01 | momentum: 7.40e+00 | wall: 1.48e-02 | inlet: 5.13e-04 | outlet: 1.33e-03 | integral_mass: 2.49e+01
2026-09-23 19:22:31 | INFO     | Epoch [  2060/50000] | Total Loss: 4.2757e-01 | LR: 1.00e-03 | mass: 3.36e+01 | momentum: 6.99e+00 | wall: 1.38e-02 | inlet: 5.77e-04 | outlet: 1.30e-03 | integral_mass: 2.38e+01
2026-09-23 19:22:37 | INFO     | Epoch [  2070/50000] | Total Loss: 3.7199e-01 | LR: 1.00e-03 | mass: 3.42e+01 | momentum: 7.35e+00 | wall: 1.46e-02 | inlet: 4.50e-04 | outlet: 1.33e-03 | integral_mass: 2.49e+01
2026-09-23 19:22:43 | INFO     | Epoch [  2080/50000] | Total Loss: 4.4802e-01 | LR: 1.00e-03 | mass: 3.35e+01 | momentum: 6.95e+00 | wall: 1.35e-02 | inlet: 6.23e-04 | outlet: 1.29e-03 | integral_mass: 2.38e+01
2026-09-23 19:22:50 | INFO     | Epoch [  2090/50000] | Total Loss: 3.4222e-01 | LR: 1.00e-03 | mass: 3.41e+01 | momentum: 7.31e+00 | wall: 1.43e-02 | inlet: 3.96e-04 | outlet: 1.32e-03 | integral_mass: 2.48e+01
2026-09-23 19:22:56 | INFO     | Epoch [  2100/50000] | Total Loss: 4.1825e-01 | LR: 1.00e-03 | mass: 3.35e+01 | momentum: 6.95e+00 | wall: 1.34e-02 | inlet: 5.67e-04 | outlet: 1.29e-03 | integral_mass: 2.39e+01
2026-09-23 19:23:02 | INFO     | Epoch [  2110/50000] | Total Loss: 3.7524e-01 | LR: 1.00e-03 | mass: 3.41e+01 | momentum: 7.30e+00 | wall: 1.41e-02 | inlet: 4.66e-04 | outlet: 1.32e-03 | integral_mass: 2.48e+01
2026-09-23 19:23:08 | INFO     | Epoch [  2120/50000] | Total Loss: 3.8354e-01 | LR: 1.00e-03 | mass: 3.34e+01 | momentum: 6.95e+00 | wall: 1.32e-02 | inlet: 5.01e-04 | outlet: 1.29e-03 | integral_mass: 2.39e+01
2026-09-23 19:23:14 | INFO     | Epoch [  2130/50000] | Total Loss: 3.6289e-01 | LR: 1.00e-03 | mass: 3.40e+01 | momentum: 7.28e+00 | wall: 1.38e-02 | inlet: 4.47e-04 | outlet: 1.32e-03 | integral_mass: 2.48e+01
2026-09-23 19:23:20 | INFO     | Epoch [  2140/50000] | Total Loss: 3.8185e-01 | LR: 1.00e-03 | mass: 3.34e+01 | momentum: 6.95e+00 | wall: 1.30e-02 | inlet: 5.01e-04 | outlet: 1.29e-03 | integral_mass: 2.40e+01
2026-09-23 19:23:27 | INFO     | Epoch [  2150/50000] | Total Loss: 3.4614e-01 | LR: 1.00e-03 | mass: 3.40e+01 | momentum: 7.26e+00 | wall: 1.35e-02 | inlet: 4.19e-04 | outlet: 1.32e-03 | integral_mass: 2.47e+01
2026-09-23 19:23:33 | INFO     | Epoch [  2160/50000] | Total Loss: 3.7856e-01 | LR: 1.00e-03 | mass: 3.34e+01 | momentum: 6.94e+00 | wall: 1.28e-02 | inlet: 4.98e-04 | outlet: 1.29e-03 | integral_mass: 2.40e+01
2026-09-23 19:23:39 | INFO     | Epoch [  2170/50000] | Total Loss: 3.3697e-01 | LR: 1.00e-03 | mass: 3.39e+01 | momentum: 7.24e+00 | wall: 1.33e-02 | inlet: 4.06e-04 | outlet: 1.32e-03 | integral_mass: 2.47e+01
2026-09-23 19:23:45 | INFO     | Epoch [  2180/50000] | Total Loss: 3.6659e-01 | LR: 1.00e-03 | mass: 3.33e+01 | momentum: 6.95e+00 | wall: 1.26e-02 | inlet: 4.78e-04 | outlet: 1.29e-03 | integral_mass: 2.40e+01
2026-09-23 19:23:51 | INFO     | Epoch [  2190/50000] | Total Loss: 3.2748e-01 | LR: 1.00e-03 | mass: 3.39e+01 | momentum: 7.23e+00 | wall: 1.30e-02 | inlet: 3.92e-04 | outlet: 1.31e-03 | integral_mass: 2.47e+01
2026-09-23 19:23:57 | INFO     | Epoch [  2200/50000] | Total Loss: 3.5397e-01 | LR: 1.00e-03 | mass: 3.34e+01 | momentum: 6.96e+00 | wall: 1.24e-02 | inlet: 4.57e-04 | outlet: 1.29e-03 | integral_mass: 2.41e+01
2026-09-23 19:24:03 | INFO     | Epoch [  2210/50000] | Total Loss: 3.2519e-01 | LR: 1.00e-03 | mass: 3.39e+01 | momentum: 7.22e+00 | wall: 1.28e-02 | inlet: 3.92e-04 | outlet: 1.31e-03 | integral_mass: 2.46e+01
2026-09-23 19:24:10 | INFO     | Epoch [  2220/50000] | Total Loss: 4.3982e-01 | LR: 1.00e-03 | mass: 3.32e+01 | momentum: 6.86e+00 | wall: 1.20e-02 | inlet: 6.36e-04 | outlet: 1.29e-03 | integral_mass: 2.38e+01
2026-09-23 19:24:16 | INFO     | Epoch [  2230/50000] | Total Loss: 1.1002e+00 | LR: 1.00e-03 | mass: 3.28e+01 | momentum: 6.67e+00 | wall: 1.19e-02 | inlet: 1.96e-03 | outlet: 1.28e-03 | integral_mass: 2.31e+01
2026-09-23 19:24:22 | INFO     | Epoch [  2240/50000] | Total Loss: 2.2601e+00 | LR: 1.00e-03 | mass: 3.32e+01 | momentum: 7.50e+00 | wall: 1.61e-02 | inlet: 4.19e-03 | outlet: 1.27e-03 | integral_mass: 2.53e+01
2026-09-23 19:24:29 | INFO     | Epoch [  2250/50000] | Total Loss: 6.2732e-01 | LR: 1.00e-03 | mass: 3.21e+01 | momentum: 6.75e+00 | wall: 1.30e-02 | inlet: 9.93e-04 | outlet: 1.24e-03 | integral_mass: 2.38e+01
2026-09-23 19:24:35 | INFO     | Epoch [  2260/50000] | Total Loss: 5.4446e-01 | LR: 1.00e-03 | mass: 3.37e+01 | momentum: 7.02e+00 | wall: 1.28e-02 | inlet: 8.30e-04 | outlet: 1.30e-03 | integral_mass: 2.40e+01
2026-09-23 19:24:41 | INFO     | Epoch [  2270/50000] | Total Loss: 6.5809e-01 | LR: 1.00e-03 | mass: 3.44e+01 | momentum: 7.40e+00 | wall: 1.34e-02 | inlet: 1.04e-03 | outlet: 1.32e-03 | integral_mass: 2.51e+01
2026-09-23 19:24:47 | INFO     | Epoch [  2280/50000] | Total Loss: 5.5625e-01 | LR: 1.00e-03 | mass: 3.33e+01 | momentum: 6.87e+00 | wall: 1.21e-02 | inlet: 8.68e-04 | outlet: 1.29e-03 | integral_mass: 2.36e+01
2026-09-23 19:24:53 | INFO     | Epoch [  2290/50000] | Total Loss: 4.5750e-01 | LR: 1.00e-03 | mass: 3.41e+01 | momentum: 7.37e+00 | wall: 1.34e-02 | inlet: 6.44e-04 | outlet: 1.31e-03 | integral_mass: 2.52e+01
2026-09-23 19:24:59 | INFO     | Epoch [  2300/50000] | Total Loss: 4.3788e-01 | LR: 1.00e-03 | mass: 3.36e+01 | momentum: 6.92e+00 | wall: 1.19e-02 | inlet: 6.34e-04 | outlet: 1.30e-03 | integral_mass: 2.37e+01
2026-09-23 19:25:06 | INFO     | Epoch [  2310/50000] | Total Loss: 4.3585e-01 | LR: 1.00e-03 | mass: 3.43e+01 | momentum: 7.38e+00 | wall: 1.31e-02 | inlet: 6.07e-04 | outlet: 1.32e-03 | integral_mass: 2.52e+01
2026-09-23 19:25:12 | INFO     | Epoch [  2320/50000] | Total Loss: 4.2835e-01 | LR: 1.00e-03 | mass: 3.35e+01 | momentum: 6.89e+00 | wall: 1.17e-02 | inlet: 6.20e-04 | outlet: 1.30e-03 | integral_mass: 2.36e+01
2026-09-23 19:25:18 | INFO     | Epoch [  2330/50000] | Total Loss: 4.1172e-01 | LR: 1.00e-03 | mass: 3.43e+01 | momentum: 7.39e+00 | wall: 1.28e-02 | inlet: 5.65e-04 | outlet: 1.32e-03 | integral_mass: 2.52e+01
2026-09-23 19:25:24 | INFO     | Epoch [  2340/50000] | Total Loss: 4.0450e-01 | LR: 1.00e-03 | mass: 3.35e+01 | momentum: 6.89e+00 | wall: 1.15e-02 | inlet: 5.76e-04 | outlet: 1.30e-03 | integral_mass: 2.36e+01
2026-09-23 19:25:30 | INFO     | Epoch [  2350/50000] | Total Loss: 3.8088e-01 | LR: 1.00e-03 | mass: 3.43e+01 | momentum: 7.37e+00 | wall: 1.25e-02 | inlet: 5.09e-04 | outlet: 1.32e-03 | integral_mass: 2.51e+01
2026-09-23 19:25:36 | INFO     | Epoch [  2360/50000] | Total Loss: 3.9791e-01 | LR: 1.00e-03 | mass: 3.35e+01 | momentum: 6.88e+00 | wall: 1.13e-02 | inlet: 5.67e-04 | outlet: 1.30e-03 | integral_mass: 2.36e+01
2026-09-23 19:25:42 | INFO     | Epoch [  2370/50000] | Total Loss: 3.7410e-01 | LR: 1.00e-03 | mass: 3.43e+01 | momentum: 7.36e+00 | wall: 1.23e-02 | inlet: 5.00e-04 | outlet: 1.32e-03 | integral_mass: 2.51e+01
2026-09-23 19:25:49 | INFO     | Epoch [  2380/50000] | Total Loss: 3.8063e-01 | LR: 1.00e-03 | mass: 3.35e+01 | momentum: 6.88e+00 | wall: 1.11e-02 | inlet: 5.36e-04 | outlet: 1.30e-03 | integral_mass: 2.36e+01
2026-09-23 19:25:55 | INFO     | Epoch [  2390/50000] | Total Loss: 3.6829e-01 | LR: 1.00e-03 | mass: 3.43e+01 | momentum: 7.35e+00 | wall: 1.21e-02 | inlet: 4.92e-04 | outlet: 1.32e-03 | integral_mass: 2.51e+01
2026-09-23 19:26:01 | INFO     | Epoch [  2400/50000] | Total Loss: 3.7597e-01 | LR: 1.00e-03 | mass: 3.35e+01 | momentum: 6.87e+00 | wall: 1.09e-02 | inlet: 5.30e-04 | outlet: 1.30e-03 | integral_mass: 2.36e+01
2026-09-23 19:26:07 | INFO     | Epoch [  2410/50000] | Total Loss: 3.6044e-01 | LR: 1.00e-03 | mass: 3.42e+01 | momentum: 7.34e+00 | wall: 1.19e-02 | inlet: 4.81e-04 | outlet: 1.32e-03 | integral_mass: 2.51e+01
2026-09-23 19:26:13 | INFO     | Epoch [  2420/50000] | Total Loss: 3.7413e-01 | LR: 1.00e-03 | mass: 3.34e+01 | momentum: 6.87e+00 | wall: 1.08e-02 | inlet: 5.30e-04 | outlet: 1.30e-03 | integral_mass: 2.36e+01
2026-09-23 19:26:19 | INFO     | Epoch [  2430/50000] | Total Loss: 3.4813e-01 | LR: 1.00e-03 | mass: 3.42e+01 | momentum: 7.32e+00 | wall: 1.17e-02 | inlet: 4.61e-04 | outlet: 1.32e-03 | integral_mass: 2.51e+01
2026-09-23 19:26:25 | INFO     | Epoch [  2440/50000] | Total Loss: 3.7067e-01 | LR: 1.00e-03 | mass: 3.34e+01 | momentum: 6.86e+00 | wall: 1.06e-02 | inlet: 5.27e-04 | outlet: 1.30e-03 | integral_mass: 2.36e+01
2026-09-23 19:26:31 | INFO     | Epoch [  2450/50000] | Total Loss: 3.4153e-01 | LR: 1.00e-03 | mass: 3.42e+01 | momentum: 7.32e+00 | wall: 1.15e-02 | inlet: 4.51e-04 | outlet: 1.32e-03 | integral_mass: 2.51e+01
2026-09-23 19:26:38 | INFO     | Epoch [  2460/50000] | Total Loss: 3.5395e-01 | LR: 1.00e-03 | mass: 3.34e+01 | momentum: 6.86e+00 | wall: 1.04e-02 | inlet: 4.97e-04 | outlet: 1.30e-03 | integral_mass: 2.36e+01
2026-09-23 19:26:44 | INFO     | Epoch [  2470/50000] | Total Loss: 3.4354e-01 | LR: 1.00e-03 | mass: 3.41e+01 | momentum: 7.32e+00 | wall: 1.13e-02 | inlet: 4.59e-04 | outlet: 1.32e-03 | integral_mass: 2.51e+01
2026-09-23 19:26:50 | INFO     | Epoch [  2480/50000] | Total Loss: 3.4117e-01 | LR: 1.00e-03 | mass: 3.34e+01 | momentum: 6.86e+00 | wall: 1.03e-02 | inlet: 4.74e-04 | outlet: 1.29e-03 | integral_mass: 2.37e+01
2026-09-23 19:26:56 | INFO     | Epoch [  2490/50000] | Total Loss: 3.3694e-01 | LR: 1.00e-03 | mass: 3.41e+01 | momentum: 7.31e+00 | wall: 1.11e-02 | inlet: 4.49e-04 | outlet: 1.32e-03 | integral_mass: 2.51e+01
2026-09-23 19:27:02 | INFO     | Epoch [  2500/50000] | Total Loss: 3.3035e-01 | LR: 1.00e-03 | mass: 3.33e+01 | momentum: 6.85e+00 | wall: 1.01e-02 | inlet: 4.56e-04 | outlet: 1.29e-03 | integral_mass: 2.37e+01
2026-09-23 19:27:09 | INFO     | Epoch [  2510/50000] | Total Loss: 3.2733e-01 | LR: 1.00e-03 | mass: 3.40e+01 | momentum: 7.28e+00 | wall: 1.09e-02 | inlet: 4.35e-04 | outlet: 1.32e-03 | integral_mass: 2.50e+01
2026-09-23 19:27:15 | INFO     | Epoch [  2520/50000] | Total Loss: 3.7768e-01 | LR: 1.00e-03 | mass: 3.33e+01 | momentum: 6.89e+00 | wall: 1.01e-02 | inlet: 5.51e-04 | outlet: 1.29e-03 | integral_mass: 2.39e+01
2026-09-23 19:27:21 | INFO     | Epoch [  2530/50000] | Total Loss: 3.3229e-01 | LR: 1.00e-03 | mass: 3.38e+01 | momentum: 7.18e+00 | wall: 1.07e-02 | inlet: 4.49e-04 | outlet: 1.31e-03 | integral_mass: 2.48e+01
2026-09-23 19:27:27 | INFO     | Epoch [  2540/50000] | Total Loss: 3.5910e-01 | LR: 1.00e-03 | mass: 3.32e+01 | momentum: 6.89e+00 | wall: 1.00e-02 | inlet: 5.15e-04 | outlet: 1.29e-03 | integral_mass: 2.39e+01
2026-09-23 19:27:33 | INFO     | Epoch [  2550/50000] | Total Loss: 3.4476e-01 | LR: 1.00e-03 | mass: 3.38e+01 | momentum: 7.18e+00 | wall: 1.06e-02 | inlet: 4.75e-04 | outlet: 1.32e-03 | integral_mass: 2.48e+01
2026-09-23 19:27:39 | INFO     | Epoch [  2560/50000] | Total Loss: 3.5689e-01 | LR: 1.00e-03 | mass: 3.32e+01 | momentum: 6.91e+00 | wall: 9.95e-03 | inlet: 5.12e-04 | outlet: 1.29e-03 | integral_mass: 2.40e+01
2026-09-23 19:27:46 | INFO     | Epoch [  2570/50000] | Total Loss: 3.3256e-01 | LR: 1.00e-03 | mass: 3.38e+01 | momentum: 7.18e+00 | wall: 1.04e-02 | inlet: 4.54e-04 | outlet: 1.31e-03 | integral_mass: 2.48e+01
2026-09-23 19:27:52 | INFO     | Epoch [  2580/50000] | Total Loss: 3.4198e-01 | LR: 1.00e-03 | mass: 3.32e+01 | momentum: 6.92e+00 | wall: 9.82e-03 | inlet: 4.85e-04 | outlet: 1.29e-03 | integral_mass: 2.40e+01
2026-09-23 19:27:58 | INFO     | Epoch [  2590/50000] | Total Loss: 3.1209e-01 | LR: 1.00e-03 | mass: 3.38e+01 | momentum: 7.16e+00 | wall: 1.03e-02 | inlet: 4.16e-04 | outlet: 1.32e-03 | integral_mass: 2.47e+01
2026-09-23 19:28:04 | INFO     | Epoch [  2600/50000] | Total Loss: 3.4135e-01 | LR: 1.00e-03 | mass: 3.33e+01 | momentum: 6.95e+00 | wall: 9.67e-03 | inlet: 4.87e-04 | outlet: 1.29e-03 | integral_mass: 2.40e+01
2026-09-23 19:28:10 | INFO     | Epoch [  2610/50000] | Total Loss: 2.8269e-01 | LR: 1.00e-03 | mass: 3.39e+01 | momentum: 7.16e+00 | wall: 1.00e-02 | inlet: 3.62e-04 | outlet: 1.31e-03 | integral_mass: 2.47e+01
2026-09-23 19:28:16 | INFO     | Epoch [  2620/50000] | Total Loss: 3.3962e-01 | LR: 1.00e-03 | mass: 3.35e+01 | momentum: 7.03e+00 | wall: 9.62e-03 | inlet: 4.84e-04 | outlet: 1.30e-03 | integral_mass: 2.42e+01
2026-09-23 19:28:22 | INFO     | Epoch [  2630/50000] | Total Loss: 2.8920e-01 | LR: 1.00e-03 | mass: 3.35e+01 | momentum: 6.97e+00 | wall: 9.42e-03 | inlet: 3.88e-04 | outlet: 1.29e-03 | integral_mass: 2.40e+01
2026-09-23 19:28:28 | INFO     | Epoch [  2640/50000] | Total Loss: 8.4380e-01 | LR: 1.00e-03 | mass: 3.41e+01 | momentum: 7.25e+00 | wall: 1.01e-02 | inlet: 1.48e-03 | outlet: 1.31e-03 | integral_mass: 2.47e+01
2026-09-23 19:28:34 | INFO     | Epoch [  2650/50000] | Total Loss: 7.5154e-01 | LR: 1.00e-03 | mass: 3.32e+01 | momentum: 6.89e+00 | wall: 9.54e-03 | inlet: 1.31e-03 | outlet: 1.28e-03 | integral_mass: 2.38e+01
2026-09-23 19:28:40 | INFO     | Epoch [  2660/50000] | Total Loss: 3.7126e-01 | LR: 1.00e-03 | mass: 3.40e+01 | momentum: 7.24e+00 | wall: 9.96e-03 | inlet: 5.41e-04 | outlet: 1.30e-03 | integral_mass: 2.49e+01
2026-09-23 19:28:46 | INFO     | Epoch [  2670/50000] | Total Loss: 3.9170e-01 | LR: 1.00e-03 | mass: 3.34e+01 | momentum: 6.88e+00 | wall: 9.08e-03 | inlet: 5.99e-04 | outlet: 1.28e-03 | integral_mass: 2.37e+01
2026-09-23 19:28:52 | INFO     | Epoch [  2680/50000] | Total Loss: 4.1268e-01 | LR: 1.00e-03 | mass: 3.43e+01 | momentum: 7.36e+00 | wall: 9.99e-03 | inlet: 6.23e-04 | outlet: 1.31e-03 | integral_mass: 2.50e+01
2026-09-23 19:28:58 | INFO     | Epoch [  2690/50000] | Total Loss: 3.9848e-01 | LR: 1.00e-03 | mass: 3.37e+01 | momentum: 6.92e+00 | wall: 8.99e-03 | inlet: 6.15e-04 | outlet: 1.29e-03 | integral_mass: 2.36e+01
2026-09-23 19:29:04 | INFO     | Epoch [  2700/50000] | Total Loss: 3.0265e-01 | LR: 1.00e-03 | mass: 3.44e+01 | momentum: 7.35e+00 | wall: 9.77e-03 | inlet: 4.07e-04 | outlet: 1.31e-03 | integral_mass: 2.49e+01
2026-09-23 19:29:10 | INFO     | Epoch [  2710/50000] | Total Loss: 3.1207e-01 | LR: 1.00e-03 | mass: 3.38e+01 | momentum: 6.96e+00 | wall: 8.88e-03 | inlet: 4.44e-04 | outlet: 1.30e-03 | integral_mass: 2.37e+01
2026-09-23 19:29:16 | INFO     | Epoch [  2720/50000] | Total Loss: 2.9412e-01 | LR: 1.00e-03 | mass: 3.44e+01 | momentum: 7.37e+00 | wall: 9.64e-03 | inlet: 3.93e-04 | outlet: 1.32e-03 | integral_mass: 2.49e+01
2026-09-23 19:29:22 | INFO     | Epoch [  2730/50000] | Total Loss: 3.3785e-01 | LR: 1.00e-03 | mass: 3.38e+01 | momentum: 6.96e+00 | wall: 8.75e-03 | inlet: 4.98e-04 | outlet: 1.30e-03 | integral_mass: 2.36e+01
2026-09-23 19:29:28 | INFO     | Epoch [  2740/50000] | Total Loss: 2.4620e-01 | LR: 1.00e-03 | mass: 3.44e+01 | momentum: 7.36e+00 | wall: 9.43e-03 | inlet: 3.01e-04 | outlet: 1.32e-03 | integral_mass: 2.49e+01
2026-09-23 19:29:34 | INFO     | Epoch [  2750/50000] | Total Loss: 3.5567e-01 | LR: 1.00e-03 | mass: 3.38e+01 | momentum: 6.97e+00 | wall: 8.63e-03 | inlet: 5.36e-04 | outlet: 1.30e-03 | integral_mass: 2.36e+01
2026-09-23 19:29:40 | INFO     | Epoch [  2760/50000] | Total Loss: 2.7485e-01 | LR: 1.00e-03 | mass: 3.45e+01 | momentum: 7.38e+00 | wall: 9.34e-03 | inlet: 3.60e-04 | outlet: 1.32e-03 | integral_mass: 2.49e+01
2026-09-23 19:29:46 | INFO     | Epoch [  2770/50000] | Total Loss: 2.9049e-01 | LR: 1.00e-03 | mass: 3.39e+01 | momentum: 7.02e+00 | wall: 8.54e-03 | inlet: 4.08e-04 | outlet: 1.30e-03 | integral_mass: 2.37e+01
2026-09-23 19:29:51 | INFO     | Epoch [  2780/50000] | Total Loss: 2.9531e-01 | LR: 1.00e-03 | mass: 3.45e+01 | momentum: 7.38e+00 | wall: 9.22e-03 | inlet: 4.03e-04 | outlet: 1.32e-03 | integral_mass: 2.49e+01
2026-09-23 19:29:57 | INFO     | Epoch [  2790/50000] | Total Loss: 3.1012e-01 | LR: 1.00e-03 | mass: 3.39e+01 | momentum: 7.04e+00 | wall: 8.43e-03 | inlet: 4.49e-04 | outlet: 1.30e-03 | integral_mass: 2.38e+01
2026-09-23 19:30:03 | INFO     | Epoch [  2800/50000] | Total Loss: 3.0377e-01 | LR: 1.00e-03 | mass: 3.44e+01 | momentum: 7.36e+00 | wall: 9.10e-03 | inlet: 4.23e-04 | outlet: 1.32e-03 | integral_mass: 2.48e+01
2026-09-23 19:30:09 | INFO     | Epoch [  2810/50000] | Total Loss: 3.1904e-01 | LR: 1.00e-03 | mass: 3.39e+01 | momentum: 7.06e+00 | wall: 8.33e-03 | inlet: 4.69e-04 | outlet: 1.30e-03 | integral_mass: 2.38e+01
2026-09-23 19:30:15 | INFO     | Epoch [  2820/50000] | Total Loss: 2.6978e-01 | LR: 1.00e-03 | mass: 3.44e+01 | momentum: 7.35e+00 | wall: 8.97e-03 | inlet: 3.57e-04 | outlet: 1.32e-03 | integral_mass: 2.48e+01
2026-09-23 19:30:21 | INFO     | Epoch [  2830/50000] | Total Loss: 3.2570e-01 | LR: 1.00e-03 | mass: 3.39e+01 | momentum: 7.07e+00 | wall: 8.24e-03 | inlet: 4.84e-04 | outlet: 1.31e-03 | integral_mass: 2.38e+01
2026-09-23 19:30:27 | INFO     | Epoch [  2840/50000] | Total Loss: 2.6229e-01 | LR: 1.00e-03 | mass: 3.44e+01 | momentum: 7.35e+00 | wall: 8.84e-03 | inlet: 3.45e-04 | outlet: 1.33e-03 | integral_mass: 2.47e+01
2026-09-23 19:30:33 | INFO     | Epoch [  2850/50000] | Total Loss: 2.9538e-01 | LR: 1.00e-03 | mass: 3.39e+01 | momentum: 7.10e+00 | wall: 8.16e-03 | inlet: 4.25e-04 | outlet: 1.31e-03 | integral_mass: 2.39e+01
2026-09-23 19:30:39 | INFO     | Epoch [  2860/50000] | Total Loss: 2.7497e-01 | LR: 1.00e-03 | mass: 3.44e+01 | momentum: 7.36e+00 | wall: 8.72e-03 | inlet: 3.73e-04 | outlet: 1.33e-03 | integral_mass: 2.47e+01
2026-09-23 19:30:45 | INFO     | Epoch [  2870/50000] | Total Loss: 2.8109e-01 | LR: 1.00e-03 | mass: 3.40e+01 | momentum: 7.12e+00 | wall: 8.07e-03 | inlet: 3.98e-04 | outlet: 1.31e-03 | integral_mass: 2.39e+01
2026-09-23 19:30:51 | INFO     | Epoch [  2880/50000] | Total Loss: 2.6226e-01 | LR: 1.00e-03 | mass: 3.44e+01 | momentum: 7.36e+00 | wall: 8.57e-03 | inlet: 3.50e-04 | outlet: 1.33e-03 | integral_mass: 2.47e+01
2026-09-23 19:30:57 | INFO     | Epoch [  2890/50000] | Total Loss: 2.8152e-01 | LR: 1.00e-03 | mass: 3.40e+01 | momentum: 7.14e+00 | wall: 7.98e-03 | inlet: 4.01e-04 | outlet: 1.32e-03 | integral_mass: 2.39e+01
2026-09-23 19:31:03 | INFO     | Epoch [  2900/50000] | Total Loss: 2.4619e-01 | LR: 1.00e-03 | mass: 3.44e+01 | momentum: 7.36e+00 | wall: 8.43e-03 | inlet: 3.21e-04 | outlet: 1.34e-03 | integral_mass: 2.46e+01
2026-09-23 19:31:09 | INFO     | Epoch [  2910/50000] | Total Loss: 2.8509e-01 | LR: 1.00e-03 | mass: 3.40e+01 | momentum: 7.15e+00 | wall: 7.88e-03 | inlet: 4.10e-04 | outlet: 1.32e-03 | integral_mass: 2.40e+01
2026-09-23 19:31:15 | INFO     | Epoch [  2920/50000] | Total Loss: 2.2921e-01 | LR: 1.00e-03 | mass: 3.45e+01 | momentum: 7.36e+00 | wall: 8.29e-03 | inlet: 2.90e-04 | outlet: 1.34e-03 | integral_mass: 2.46e+01
2026-09-23 19:31:21 | INFO     | Epoch [  2930/50000] | Total Loss: 2.8192e-01 | LR: 1.00e-03 | mass: 3.40e+01 | momentum: 7.17e+00 | wall: 7.79e-03 | inlet: 4.05e-04 | outlet: 1.32e-03 | integral_mass: 2.40e+01
2026-09-23 19:31:26 | INFO     | Epoch [  2940/50000] | Total Loss: 2.2303e-01 | LR: 1.00e-03 | mass: 3.45e+01 | momentum: 7.36e+00 | wall: 8.15e-03 | inlet: 2.80e-04 | outlet: 1.34e-03 | integral_mass: 2.45e+01
2026-09-23 19:31:32 | INFO     | Epoch [  2950/50000] | Total Loss: 4.1137e-01 | LR: 1.00e-03 | mass: 3.40e+01 | momentum: 7.10e+00 | wall: 7.62e-03 | inlet: 6.68e-04 | outlet: 1.32e-03 | integral_mass: 2.37e+01
2026-09-23 19:31:38 | INFO     | Epoch [  2960/50000] | Total Loss: 9.7975e-01 | LR: 1.00e-03 | mass: 3.44e+01 | momentum: 7.57e+00 | wall: 9.36e-03 | inlet: 1.77e-03 | outlet: 1.35e-03 | integral_mass: 2.53e+01
2026-09-23 19:31:44 | INFO     | Epoch [  2970/50000] | Total Loss: 2.6894e-01 | LR: 1.00e-03 | mass: 3.39e+01 | momentum: 7.26e+00 | wall: 8.34e-03 | inlet: 3.68e-04 | outlet: 1.32e-03 | integral_mass: 2.43e+01
2026-09-23 19:31:50 | INFO     | Epoch [  2980/50000] | Total Loss: 5.8897e-01 | LR: 1.00e-03 | mass: 3.49e+01 | momentum: 7.41e+00 | wall: 8.04e-03 | inlet: 1.01e-03 | outlet: 1.35e-03 | integral_mass: 2.41e+01
2026-09-23 19:31:55 | INFO     | Epoch [  2990/50000] | Total Loss: 4.2973e-01 | LR: 1.00e-03 | mass: 3.45e+01 | momentum: 7.42e+00 | wall: 8.56e-03 | inlet: 6.86e-04 | outlet: 1.34e-03 | integral_mass: 2.45e+01
2026-09-23 19:32:01 | INFO     | Epoch [  3000/50000] | Total Loss: 4.8464e-01 | LR: 1.00e-03 | mass: 3.47e+01 | momentum: 7.33e+00 | wall: 8.10e-03 | inlet: 8.05e-04 | outlet: 1.35e-03 | integral_mass: 2.40e+01
2026-09-23 19:32:07 | INFO     | Epoch [  3010/50000] | Total Loss: 3.9426e-01 | LR: 1.00e-03 | mass: 3.51e+01 | momentum: 7.59e+00 | wall: 8.52e-03 | inlet: 6.15e-04 | outlet: 1.35e-03 | integral_mass: 2.48e+01
2026-09-23 19:32:13 | INFO     | Epoch [  3020/50000] | Total Loss: 3.9364e-01 | LR: 1.00e-03 | mass: 3.47e+01 | momentum: 7.27e+00 | wall: 7.75e-03 | inlet: 6.30e-04 | outlet: 1.34e-03 | integral_mass: 2.37e+01
2026-09-23 19:32:19 | INFO     | Epoch [  3030/50000] | Total Loss: 2.8760e-01 | LR: 1.00e-03 | mass: 3.54e+01 | momentum: 7.65e+00 | wall: 8.36e-03 | inlet: 4.05e-04 | outlet: 1.36e-03 | integral_mass: 2.48e+01
2026-09-23 19:32:25 | INFO     | Epoch [  3040/50000] | Total Loss: 2.8319e-01 | LR: 1.00e-03 | mass: 3.48e+01 | momentum: 7.28e+00 | wall: 7.60e-03 | inlet: 4.12e-04 | outlet: 1.34e-03 | integral_mass: 2.37e+01
2026-09-23 19:32:31 | INFO     | Epoch [  3050/50000] | Total Loss: 2.7087e-01 | LR: 1.00e-03 | mass: 3.55e+01 | momentum: 7.66e+00 | wall: 8.19e-03 | inlet: 3.75e-04 | outlet: 1.36e-03 | integral_mass: 2.48e+01
2026-09-23 19:32:38 | INFO     | Epoch [  3060/50000] | Total Loss: 2.9121e-01 | LR: 1.00e-03 | mass: 3.48e+01 | momentum: 7.29e+00 | wall: 7.48e-03 | inlet: 4.30e-04 | outlet: 1.34e-03 | integral_mass: 2.37e+01
2026-09-23 19:32:44 | INFO     | Epoch [  3070/50000] | Total Loss: 2.7418e-01 | LR: 1.00e-03 | mass: 3.55e+01 | momentum: 7.67e+00 | wall: 8.08e-03 | inlet: 3.84e-04 | outlet: 1.36e-03 | integral_mass: 2.48e+01
2026-09-23 19:32:50 | INFO     | Epoch [  3080/50000] | Total Loss: 2.6512e-01 | LR: 1.00e-03 | mass: 3.48e+01 | momentum: 7.31e+00 | wall: 7.38e-03 | inlet: 3.80e-04 | outlet: 1.33e-03 | integral_mass: 2.37e+01
2026-09-23 19:32:56 | INFO     | Epoch [  3090/50000] | Total Loss: 2.5940e-01 | LR: 1.00e-03 | mass: 3.55e+01 | momentum: 7.68e+00 | wall: 7.94e-03 | inlet: 3.57e-04 | outlet: 1.36e-03 | integral_mass: 2.47e+01
2026-09-23 19:33:02 | INFO     | Epoch [  3100/50000] | Total Loss: 2.5339e-01 | LR: 1.00e-03 | mass: 3.48e+01 | momentum: 7.31e+00 | wall: 7.27e-03 | inlet: 3.59e-04 | outlet: 1.33e-03 | integral_mass: 2.37e+01
2026-09-23 19:33:08 | INFO     | Epoch [  3110/50000] | Total Loss: 2.5328e-01 | LR: 1.00e-03 | mass: 3.55e+01 | momentum: 7.69e+00 | wall: 7.82e-03 | inlet: 3.47e-04 | outlet: 1.36e-03 | integral_mass: 2.47e+01
2026-09-23 19:33:13 | INFO     | Epoch [  3120/50000] | Total Loss: 2.5381e-01 | LR: 1.00e-03 | mass: 3.49e+01 | momentum: 7.33e+00 | wall: 7.16e-03 | inlet: 3.62e-04 | outlet: 1.33e-03 | integral_mass: 2.37e+01
2026-09-23 19:33:19 | INFO     | Epoch [  3130/50000] | Total Loss: 2.5632e-01 | LR: 1.00e-03 | mass: 3.56e+01 | momentum: 7.69e+00 | wall: 7.73e-03 | inlet: 3.55e-04 | outlet: 1.36e-03 | integral_mass: 2.47e+01
2026-09-23 19:33:25 | INFO     | Epoch [  3140/50000] | Total Loss: 2.6280e-01 | LR: 1.00e-03 | mass: 3.49e+01 | momentum: 7.36e+00 | wall: 7.06e-03 | inlet: 3.82e-04 | outlet: 1.33e-03 | integral_mass: 2.37e+01
2026-09-23 19:33:31 | INFO     | Epoch [  3150/50000] | Total Loss: 2.5780e-01 | LR: 1.00e-03 | mass: 3.56e+01 | momentum: 7.69e+00 | wall: 7.63e-03 | inlet: 3.60e-04 | outlet: 1.36e-03 | integral_mass: 2.47e+01
2026-09-23 19:33:36 | INFO     | Epoch [  3160/50000] | Total Loss: 2.6390e-01 | LR: 1.00e-03 | mass: 3.50e+01 | momentum: 7.39e+00 | wall: 6.98e-03 | inlet: 3.86e-04 | outlet: 1.34e-03 | integral_mass: 2.38e+01
2026-09-23 19:33:42 | INFO     | Epoch [  3170/50000] | Total Loss: 2.4581e-01 | LR: 1.00e-03 | mass: 3.56e+01 | momentum: 7.69e+00 | wall: 7.53e-03 | inlet: 3.38e-04 | outlet: 1.36e-03 | integral_mass: 2.47e+01
2026-09-23 19:33:48 | INFO     | Epoch [  3180/50000] | Total Loss: 2.6305e-01 | LR: 1.00e-03 | mass: 3.50e+01 | momentum: 7.43e+00 | wall: 6.89e-03 | inlet: 3.86e-04 | outlet: 1.34e-03 | integral_mass: 2.38e+01
2026-09-23 19:33:54 | INFO     | Epoch [  3190/50000] | Total Loss: 2.5293e-01 | LR: 1.00e-03 | mass: 3.56e+01 | momentum: 7.70e+00 | wall: 7.47e-03 | inlet: 3.54e-04 | outlet: 1.36e-03 | integral_mass: 2.46e+01
2026-09-23 19:33:59 | INFO     | Epoch [  3200/50000] | Total Loss: 2.6170e-01 | LR: 1.00e-03 | mass: 3.51e+01 | momentum: 7.46e+00 | wall: 6.83e-03 | inlet: 3.84e-04 | outlet: 1.34e-03 | integral_mass: 2.39e+01
2026-09-23 19:34:05 | INFO     | Epoch [  3210/50000] | Total Loss: 2.4199e-01 | LR: 1.00e-03 | mass: 3.57e+01 | momentum: 7.71e+00 | wall: 7.41e-03 | inlet: 3.33e-04 | outlet: 1.36e-03 | integral_mass: 2.46e+01
2026-09-23 19:34:11 | INFO     | Epoch [  3220/50000] | Total Loss: 2.5523e-01 | LR: 1.00e-03 | mass: 3.52e+01 | momentum: 7.51e+00 | wall: 6.79e-03 | inlet: 3.72e-04 | outlet: 1.34e-03 | integral_mass: 2.39e+01
2026-09-23 19:34:17 | INFO     | Epoch [  3230/50000] | Total Loss: 2.3750e-01 | LR: 1.00e-03 | mass: 3.58e+01 | momentum: 7.75e+00 | wall: 7.37e-03 | inlet: 3.25e-04 | outlet: 1.36e-03 | integral_mass: 2.46e+01
2026-09-23 19:34:22 | INFO     | Epoch [  3240/50000] | Total Loss: 2.4717e-01 | LR: 1.00e-03 | mass: 3.54e+01 | momentum: 7.58e+00 | wall: 6.77e-03 | inlet: 3.56e-04 | outlet: 1.35e-03 | integral_mass: 2.39e+01
2026-09-23 19:34:28 | INFO     | Epoch [  3250/50000] | Total Loss: 2.3194e-01 | LR: 1.00e-03 | mass: 3.59e+01 | momentum: 7.79e+00 | wall: 7.33e-03 | inlet: 3.15e-04 | outlet: 1.37e-03 | integral_mass: 2.46e+01
2026-09-23 19:34:34 | INFO     | Epoch [  3260/50000] | Total Loss: 2.3688e-01 | LR: 1.00e-03 | mass: 3.56e+01 | momentum: 7.65e+00 | wall: 6.75e-03 | inlet: 3.36e-04 | outlet: 1.35e-03 | integral_mass: 2.40e+01
2026-09-23 19:34:40 | INFO     | Epoch [  3270/50000] | Total Loss: 2.2761e-01 | LR: 1.00e-03 | mass: 3.62e+01 | momentum: 7.84e+00 | wall: 7.28e-03 | inlet: 3.07e-04 | outlet: 1.37e-03 | integral_mass: 2.45e+01
2026-09-23 19:34:46 | INFO     | Epoch [  3280/50000] | Total Loss: 2.2439e-01 | LR: 1.00e-03 | mass: 3.58e+01 | momentum: 7.69e+00 | wall: 6.71e-03 | inlet: 3.12e-04 | outlet: 1.36e-03 | integral_mass: 2.39e+01
2026-09-23 19:34:52 | INFO     | Epoch [  3290/50000] | Total Loss: 2.2088e+00 | LR: 1.00e-03 | mass: 3.53e+01 | momentum: 7.40e+00 | wall: 7.59e-03 | inlet: 4.26e-03 | outlet: 1.39e-03 | integral_mass: 2.25e+01
2026-09-23 19:34:59 | INFO     | Epoch [  3300/50000] | Total Loss: 2.0834e-01 | LR: 1.00e-03 | mass: 3.58e+01 | momentum: 7.78e+00 | wall: 7.27e-03 | inlet: 2.69e-04 | outlet: 1.36e-03 | integral_mass: 2.43e+01
2026-09-23 19:35:05 | INFO     | Epoch [  3310/50000] | Total Loss: 2.2613e-01 | LR: 1.00e-03 | mass: 3.65e+01 | momentum: 7.94e+00 | wall: 7.16e-03 | inlet: 3.06e-04 | outlet: 1.37e-03 | integral_mass: 2.43e+01
2026-09-23 19:35:11 | INFO     | Epoch [  3320/50000] | Total Loss: 3.7794e-01 | LR: 1.00e-03 | mass: 3.68e+01 | momentum: 8.17e+00 | wall: 7.37e-03 | inlet: 6.06e-04 | outlet: 1.38e-03 | integral_mass: 2.49e+01
2026-09-23 19:35:17 | INFO     | Epoch [  3330/50000] | Total Loss: 2.3136e-01 | LR: 1.00e-03 | mass: 3.65e+01 | momentum: 7.84e+00 | wall: 6.76e-03 | inlet: 3.25e-04 | outlet: 1.36e-03 | integral_mass: 2.38e+01
2026-09-23 19:35:23 | INFO     | Epoch [  3340/50000] | Total Loss: 3.5951e-01 | LR: 1.00e-03 | mass: 3.68e+01 | momentum: 8.08e+00 | wall: 6.98e-03 | inlet: 5.77e-04 | outlet: 1.38e-03 | integral_mass: 2.45e+01
2026-09-23 19:35:29 | INFO     | Epoch [  3350/50000] | Total Loss: 3.3832e-01 | LR: 1.00e-03 | mass: 3.65e+01 | momentum: 7.92e+00 | wall: 6.80e-03 | inlet: 5.38e-04 | outlet: 1.36e-03 | integral_mass: 2.41e+01
2026-09-23 19:35:35 | INFO     | Epoch [  3360/50000] | Total Loss: 2.9534e-01 | LR: 1.00e-03 | mass: 3.69e+01 | momentum: 8.10e+00 | wall: 6.89e-03 | inlet: 4.50e-04 | outlet: 1.38e-03 | integral_mass: 2.45e+01
2026-09-23 19:35:41 | INFO     | Epoch [  3370/50000] | Total Loss: 3.1034e-01 | LR: 1.00e-03 | mass: 3.64e+01 | momentum: 7.94e+00 | wall: 6.72e-03 | inlet: 4.84e-04 | outlet: 1.36e-03 | integral_mass: 2.42e+01
2026-09-23 19:35:47 | INFO     | Epoch [  3380/50000] | Total Loss: 2.7603e-01 | LR: 1.00e-03 | mass: 3.70e+01 | momentum: 8.10e+00 | wall: 6.82e-03 | inlet: 4.13e-04 | outlet: 1.38e-03 | integral_mass: 2.45e+01
2026-09-23 19:35:54 | INFO     | Epoch [  3390/50000] | Total Loss: 2.8467e-01 | LR: 1.00e-03 | mass: 3.65e+01 | momentum: 7.94e+00 | wall: 6.64e-03 | inlet: 4.34e-04 | outlet: 1.36e-03 | integral_mass: 2.41e+01
2026-09-23 19:36:00 | INFO     | Epoch [  3400/50000] | Total Loss: 2.6239e-01 | LR: 1.00e-03 | mass: 3.70e+01 | momentum: 8.12e+00 | wall: 6.75e-03 | inlet: 3.87e-04 | outlet: 1.39e-03 | integral_mass: 2.45e+01
2026-09-23 19:36:06 | INFO     | Epoch [  3410/50000] | Total Loss: 2.8140e-01 | LR: 1.00e-03 | mass: 3.65e+01 | momentum: 7.95e+00 | wall: 6.56e-03 | inlet: 4.29e-04 | outlet: 1.36e-03 | integral_mass: 2.41e+01
2026-09-23 19:36:12 | INFO     | Epoch [  3420/50000] | Total Loss: 2.4338e-01 | LR: 1.00e-03 | mass: 3.71e+01 | momentum: 8.13e+00 | wall: 6.69e-03 | inlet: 3.50e-04 | outlet: 1.39e-03 | integral_mass: 2.45e+01
2026-09-23 19:36:18 | INFO     | Epoch [  3430/50000] | Total Loss: 2.7379e-01 | LR: 1.00e-03 | mass: 3.66e+01 | momentum: 7.99e+00 | wall: 6.51e-03 | inlet: 4.15e-04 | outlet: 1.37e-03 | integral_mass: 2.41e+01
2026-09-23 19:36:24 | INFO     | Epoch [  3440/50000] | Total Loss: 2.3341e-01 | LR: 1.00e-03 | mass: 3.72e+01 | momentum: 8.16e+00 | wall: 6.60e-03 | inlet: 3.32e-04 | outlet: 1.39e-03 | integral_mass: 2.45e+01
2026-09-23 19:36:30 | INFO     | Epoch [  3450/50000] | Total Loss: 2.6172e-01 | LR: 1.00e-03 | mass: 3.68e+01 | momentum: 8.04e+00 | wall: 6.46e-03 | inlet: 3.92e-04 | outlet: 1.37e-03 | integral_mass: 2.42e+01
2026-09-23 19:36:36 | INFO     | Epoch [  3460/50000] | Total Loss: 2.3338e-01 | LR: 1.00e-03 | mass: 3.74e+01 | momentum: 8.20e+00 | wall: 6.51e-03 | inlet: 3.34e-04 | outlet: 1.40e-03 | integral_mass: 2.44e+01
2026-09-23 19:36:42 | INFO     | Epoch [  3470/50000] | Total Loss: 2.1655e-01 | LR: 1.00e-03 | mass: 3.72e+01 | momentum: 8.19e+00 | wall: 6.47e-03 | inlet: 3.01e-04 | outlet: 1.38e-03 | integral_mass: 2.44e+01
2026-09-23 19:36:49 | INFO     | Epoch [  3480/50000] | Total Loss: 1.2468e-01 | LR: 1.00e-03 | mass: 3.73e+01 | momentum: 8.14e+00 | wall: 6.28e-03 | inlet: 1.21e-04 | outlet: 1.40e-03 | integral_mass: 2.42e+01
2026-09-23 19:36:55 | INFO     | Epoch [  3490/50000] | Total Loss: 3.4198e-01 | LR: 1.00e-03 | mass: 3.70e+01 | momentum: 8.09e+00 | wall: 6.44e-03 | inlet: 5.52e-04 | outlet: 1.39e-03 | integral_mass: 2.42e+01
2026-09-23 19:37:01 | INFO     | Epoch [  3500/50000] | Total Loss: 1.3342e-01 | LR: 1.00e-03 | mass: 3.73e+01 | momentum: 8.16e+00 | wall: 6.12e-03 | inlet: 1.42e-04 | outlet: 1.39e-03 | integral_mass: 2.42e+01
2026-09-23 19:37:07 | INFO     | Epoch [  3510/50000] | Total Loss: 3.1237e-01 | LR: 1.00e-03 | mass: 3.73e+01 | momentum: 8.26e+00 | wall: 6.35e-03 | inlet: 4.95e-04 | outlet: 1.40e-03 | integral_mass: 2.45e+01
2026-09-23 19:37:13 | INFO     | Epoch [  3520/50000] | Total Loss: 3.4095e-01 | LR: 1.00e-03 | mass: 3.77e+01 | momentum: 8.30e+00 | wall: 6.28e-03 | inlet: 5.54e-04 | outlet: 1.40e-03 | integral_mass: 2.43e+01
2026-09-23 19:37:19 | INFO     | Epoch [  3530/50000] | Total Loss: 5.2294e-01 | LR: 1.00e-03 | mass: 3.77e+01 | momentum: 8.35e+00 | wall: 6.36e-03 | inlet: 9.16e-04 | outlet: 1.39e-03 | integral_mass: 2.43e+01
2026-09-23 19:37:25 | INFO     | Epoch [  3540/50000] | Total Loss: 3.0123e-01 | LR: 1.00e-03 | mass: 3.79e+01 | momentum: 8.36e+00 | wall: 6.30e-03 | inlet: 4.74e-04 | outlet: 1.40e-03 | integral_mass: 2.44e+01
2026-09-23 19:37:32 | INFO     | Epoch [  3550/50000] | Total Loss: 3.0872e-01 | LR: 1.00e-03 | mass: 3.80e+01 | momentum: 8.39e+00 | wall: 6.03e-03 | inlet: 4.94e-04 | outlet: 1.40e-03 | integral_mass: 2.42e+01
2026-09-23 19:37:38 | INFO     | Epoch [  3560/50000] | Total Loss: 2.5363e-01 | LR: 1.00e-03 | mass: 3.82e+01 | momentum: 8.45e+00 | wall: 6.16e-03 | inlet: 3.81e-04 | outlet: 1.42e-03 | integral_mass: 2.44e+01
2026-09-23 19:37:44 | INFO     | Epoch [  3570/50000] | Total Loss: 2.5371e-01 | LR: 1.00e-03 | mass: 3.81e+01 | momentum: 8.44e+00 | wall: 5.96e-03 | inlet: 3.85e-04 | outlet: 1.41e-03 | integral_mass: 2.42e+01
2026-09-23 19:37:50 | INFO     | Epoch [  3580/50000] | Total Loss: 1.6461e-01 | LR: 1.00e-03 | mass: 3.84e+01 | momentum: 8.52e+00 | wall: 5.98e-03 | inlet: 2.07e-04 | outlet: 1.43e-03 | integral_mass: 2.44e+01
2026-09-23 19:37:56 | INFO     | Epoch [  3590/50000] | Total Loss: 1.6618e-01 | LR: 1.00e-03 | mass: 3.81e+01 | momentum: 8.38e+00 | wall: 5.80e-03 | inlet: 2.13e-04 | outlet: 1.42e-03 | integral_mass: 2.42e+01
2026-09-23 19:38:02 | INFO     | Epoch [  3600/50000] | Total Loss: 2.6144e-01 | LR: 1.00e-03 | mass: 3.79e+01 | momentum: 8.44e+00 | wall: 5.83e-03 | inlet: 4.03e-04 | outlet: 1.41e-03 | integral_mass: 2.43e+01
2026-09-23 19:38:08 | INFO     | Epoch [  3610/50000] | Total Loss: 2.7891e-01 | LR: 1.00e-03 | mass: 3.83e+01 | momentum: 8.50e+00 | wall: 5.97e-03 | inlet: 4.36e-04 | outlet: 1.43e-03 | integral_mass: 2.44e+01
2026-09-23 19:38:14 | INFO     | Epoch [  3620/50000] | Total Loss: 2.0916e-01 | LR: 1.00e-03 | mass: 3.84e+01 | momentum: 8.53e+00 | wall: 5.70e-03 | inlet: 3.01e-04 | outlet: 1.42e-03 | integral_mass: 2.44e+01
2026-09-23 19:38:20 | INFO     | Epoch [  3630/50000] | Total Loss: 3.4035e-01 | LR: 1.00e-03 | mass: 3.82e+01 | momentum: 8.39e+00 | wall: 5.54e-03 | inlet: 5.67e-04 | outlet: 1.41e-03 | integral_mass: 2.38e+01
2026-09-23 19:38:26 | INFO     | Epoch [  3640/50000] | Total Loss: 2.2446e-01 | LR: 1.00e-03 | mass: 3.82e+01 | momentum: 8.47e+00 | wall: 5.53e-03 | inlet: 3.35e-04 | outlet: 1.41e-03 | integral_mass: 2.41e+01
2026-09-23 19:38:32 | INFO     | Epoch [  3650/50000] | Total Loss: 3.1437e-01 | LR: 1.00e-03 | mass: 3.86e+01 | momentum: 8.59e+00 | wall: 5.66e-03 | inlet: 5.13e-04 | outlet: 1.43e-03 | integral_mass: 2.43e+01
2026-09-23 19:38:38 | INFO     | Epoch [  3660/50000] | Total Loss: 4.9650e-01 | LR: 1.00e-03 | mass: 3.86e+01 | momentum: 8.62e+00 | wall: 5.66e-03 | inlet: 8.77e-04 | outlet: 1.42e-03 | integral_mass: 2.43e+01
2026-09-23 19:38:44 | INFO     | Epoch [  3670/50000] | Total Loss: 2.4409e-01 | LR: 1.00e-03 | mass: 3.85e+01 | momentum: 8.60e+00 | wall: 5.55e-03 | inlet: 3.74e-04 | outlet: 1.42e-03 | integral_mass: 2.44e+01
2026-09-23 19:38:50 | INFO     | Epoch [  3680/50000] | Total Loss: 3.6456e-01 | LR: 1.00e-03 | mass: 3.78e+01 | momentum: 8.25e+00 | wall: 5.34e-03 | inlet: 6.20e-04 | outlet: 1.40e-03 | integral_mass: 2.36e+01
2026-09-23 19:38:55 | INFO     | Epoch [  3690/50000] | Total Loss: 2.5628e-01 | LR: 1.00e-03 | mass: 3.87e+01 | momentum: 8.74e+00 | wall: 5.67e-03 | inlet: 3.96e-04 | outlet: 1.42e-03 | integral_mass: 2.49e+01
2026-09-23 19:39:01 | INFO     | Epoch [  3700/50000] | Total Loss: 2.3154e-01 | LR: 1.00e-03 | mass: 3.80e+01 | momentum: 8.34e+00 | wall: 5.27e-03 | inlet: 3.55e-04 | outlet: 1.40e-03 | integral_mass: 2.37e+01
2026-09-23 19:39:07 | INFO     | Epoch [  3710/50000] | Total Loss: 1.6045e-01 | LR: 1.00e-03 | mass: 3.87e+01 | momentum: 8.71e+00 | wall: 5.54e-03 | inlet: 2.07e-04 | outlet: 1.42e-03 | integral_mass: 2.47e+01
2026-09-23 19:39:13 | INFO     | Epoch [  3720/50000] | Total Loss: 2.6093e-01 | LR: 1.00e-03 | mass: 3.81e+01 | momentum: 8.34e+00 | wall: 5.21e-03 | inlet: 4.15e-04 | outlet: 1.40e-03 | integral_mass: 2.36e+01
2026-09-23 19:39:19 | INFO     | Epoch [  3730/50000] | Total Loss: 1.3765e-01 | LR: 1.00e-03 | mass: 3.88e+01 | momentum: 8.71e+00 | wall: 5.44e-03 | inlet: 1.64e-04 | outlet: 1.42e-03 | integral_mass: 2.47e+01
2026-09-23 19:39:25 | INFO     | Epoch [  3740/50000] | Total Loss: 2.9681e-01 | LR: 1.00e-03 | mass: 3.81e+01 | momentum: 8.33e+00 | wall: 5.16e-03 | inlet: 4.88e-04 | outlet: 1.40e-03 | integral_mass: 2.36e+01
2026-09-23 19:39:31 | INFO     | Epoch [  3750/50000] | Total Loss: 1.1426e-01 | LR: 1.00e-03 | mass: 3.88e+01 | momentum: 8.70e+00 | wall: 5.35e-03 | inlet: 1.19e-04 | outlet: 1.42e-03 | integral_mass: 2.46e+01
2026-09-23 19:39:37 | INFO     | Epoch [  3760/50000] | Total Loss: 2.6387e-01 | LR: 1.00e-03 | mass: 3.81e+01 | momentum: 8.37e+00 | wall: 5.10e-03 | inlet: 4.23e-04 | outlet: 1.40e-03 | integral_mass: 2.36e+01
2026-09-23 19:39:43 | INFO     | Epoch [  3770/50000] | Total Loss: 2.1119e-01 | LR: 1.00e-03 | mass: 3.89e+01 | momentum: 8.78e+00 | wall: 5.43e-03 | inlet: 3.11e-04 | outlet: 1.43e-03 | integral_mass: 2.48e+01
2026-09-23 19:39:50 | INFO     | Epoch [  3780/50000] | Total Loss: 2.1213e-01 | LR: 1.00e-03 | mass: 3.82e+01 | momentum: 8.42e+00 | wall: 5.05e-03 | inlet: 3.20e-04 | outlet: 1.41e-03 | integral_mass: 2.38e+01
2026-09-23 19:39:56 | INFO     | Epoch [  3790/50000] | Total Loss: 2.1641e-01 | LR: 1.00e-03 | mass: 3.90e+01 | momentum: 8.77e+00 | wall: 5.40e-03 | inlet: 3.22e-04 | outlet: 1.43e-03 | integral_mass: 2.47e+01
2026-09-23 19:40:02 | INFO     | Epoch [  3800/50000] | Total Loss: 2.3206e-01 | LR: 1.00e-03 | mass: 3.83e+01 | momentum: 8.47e+00 | wall: 5.04e-03 | inlet: 3.61e-04 | outlet: 1.41e-03 | integral_mass: 2.39e+01
2026-09-23 19:40:07 | INFO     | Epoch [  3810/50000] | Total Loss: 2.1440e-01 | LR: 1.00e-03 | mass: 3.90e+01 | momentum: 8.76e+00 | wall: 5.38e-03 | inlet: 3.18e-04 | outlet: 1.43e-03 | integral_mass: 2.46e+01
2026-09-23 19:40:13 | INFO     | Epoch [  3820/50000] | Total Loss: 2.3663e-01 | LR: 1.00e-03 | mass: 3.83e+01 | momentum: 8.49e+00 | wall: 5.03e-03 | inlet: 3.70e-04 | outlet: 1.41e-03 | integral_mass: 2.39e+01
2026-09-23 19:40:19 | INFO     | Epoch [  3830/50000] | Total Loss: 1.7183e-01 | LR: 1.00e-03 | mass: 3.90e+01 | momentum: 8.79e+00 | wall: 5.34e-03 | inlet: 2.34e-04 | outlet: 1.43e-03 | integral_mass: 2.46e+01
2026-09-23 19:40:25 | INFO     | Epoch [  3840/50000] | Total Loss: 2.3534e-01 | LR: 1.00e-03 | mass: 3.84e+01 | momentum: 8.54e+00 | wall: 5.04e-03 | inlet: 3.67e-04 | outlet: 1.41e-03 | integral_mass: 2.39e+01
2026-09-23 19:40:31 | INFO     | Epoch [  3850/50000] | Total Loss: 1.8144e-01 | LR: 1.00e-03 | mass: 3.91e+01 | momentum: 8.83e+00 | wall: 5.33e-03 | inlet: 2.53e-04 | outlet: 1.43e-03 | integral_mass: 2.46e+01
2026-09-23 19:40:37 | INFO     | Epoch [  3860/50000] | Total Loss: 2.1106e-01 | LR: 1.00e-03 | mass: 3.85e+01 | momentum: 8.59e+00 | wall: 5.04e-03 | inlet: 3.19e-04 | outlet: 1.41e-03 | integral_mass: 2.40e+01
2026-09-23 19:40:43 | INFO     | Epoch [  3870/50000] | Total Loss: 1.8218e-01 | LR: 1.00e-03 | mass: 3.92e+01 | momentum: 8.87e+00 | wall: 5.31e-03 | inlet: 2.55e-04 | outlet: 1.43e-03 | integral_mass: 2.46e+01
2026-09-23 19:40:49 | INFO     | Epoch [  3880/50000] | Total Loss: 2.0393e-01 | LR: 1.00e-03 | mass: 3.87e+01 | momentum: 8.65e+00 | wall: 5.03e-03 | inlet: 3.04e-04 | outlet: 1.42e-03 | integral_mass: 2.40e+01
2026-09-23 19:40:55 | INFO     | Epoch [  3890/50000] | Total Loss: 1.8088e-01 | LR: 1.00e-03 | mass: 3.93e+01 | momentum: 8.92e+00 | wall: 5.28e-03 | inlet: 2.53e-04 | outlet: 1.44e-03 | integral_mass: 2.45e+01
2026-09-23 19:41:01 | INFO     | Epoch [  3900/50000] | Total Loss: 1.9580e-01 | LR: 1.00e-03 | mass: 3.88e+01 | momentum: 8.71e+00 | wall: 5.02e-03 | inlet: 2.88e-04 | outlet: 1.42e-03 | integral_mass: 2.40e+01
2026-09-23 19:41:07 | INFO     | Epoch [  3910/50000] | Total Loss: 1.7487e-01 | LR: 1.00e-03 | mass: 3.95e+01 | momentum: 8.97e+00 | wall: 5.26e-03 | inlet: 2.42e-04 | outlet: 1.44e-03 | integral_mass: 2.45e+01
2026-09-23 19:41:13 | INFO     | Epoch [  3920/50000] | Total Loss: 1.9623e-01 | LR: 1.00e-03 | mass: 3.90e+01 | momentum: 8.77e+00 | wall: 4.99e-03 | inlet: 2.90e-04 | outlet: 1.42e-03 | integral_mass: 2.41e+01
2026-09-23 19:41:19 | INFO     | Epoch [  3930/50000] | Total Loss: 1.7119e-01 | LR: 1.00e-03 | mass: 3.96e+01 | momentum: 9.02e+00 | wall: 5.25e-03 | inlet: 2.34e-04 | outlet: 1.44e-03 | integral_mass: 2.45e+01
2026-09-23 19:41:25 | INFO     | Epoch [  3940/50000] | Total Loss: 1.8618e-01 | LR: 1.00e-03 | mass: 3.92e+01 | momentum: 8.84e+00 | wall: 4.97e-03 | inlet: 2.70e-04 | outlet: 1.43e-03 | integral_mass: 2.41e+01
2026-09-23 19:41:32 | INFO     | Epoch [  3950/50000] | Total Loss: 1.6942e-01 | LR: 1.00e-03 | mass: 3.99e+01 | momentum: 9.09e+00 | wall: 5.23e-03 | inlet: 2.31e-04 | outlet: 1.45e-03 | integral_mass: 2.44e+01
2026-09-23 19:41:38 | INFO     | Epoch [  3960/50000] | Total Loss: 1.7888e-01 | LR: 1.00e-03 | mass: 3.94e+01 | momentum: 8.88e+00 | wall: 4.91e-03 | inlet: 2.57e-04 | outlet: 1.43e-03 | integral_mass: 2.40e+01
2026-09-23 19:41:44 | INFO     | Epoch [  3970/50000] | Total Loss: 1.9423e+00 | LR: 1.00e-03 | mass: 3.87e+01 | momentum: 8.46e+00 | wall: 5.48e-03 | inlet: 3.77e-03 | outlet: 1.42e-03 | integral_mass: 2.26e+01
2026-09-23 19:41:50 | INFO     | Epoch [  3980/50000] | Total Loss: 1.9660e-01 | LR: 1.00e-03 | mass: 3.96e+01 | momentum: 9.02e+00 | wall: 5.21e-03 | inlet: 2.86e-04 | outlet: 1.43e-03 | integral_mass: 2.41e+01
2026-09-23 19:41:55 | INFO     | Epoch [  3990/50000] | Total Loss: 2.0799e-01 | LR: 1.00e-03 | mass: 4.06e+01 | momentum: 9.34e+00 | wall: 5.35e-03 | inlet: 3.06e-04 | outlet: 1.46e-03 | integral_mass: 2.45e+01
2026-09-23 19:42:02 | INFO     | Epoch [  4000/50000] | Total Loss: 1.0367e+00 | LR: 1.00e-03 | mass: 4.08e+01 | momentum: 9.68e+00 | wall: 6.67e-03 | inlet: 1.94e-03 | outlet: 1.49e-03 | integral_mass: 2.56e+01
2026-09-23 19:42:07 | INFO     | Epoch [  4010/50000] | Total Loss: 4.7520e-01 | LR: 1.00e-03 | mass: 4.06e+01 | momentum: 9.25e+00 | wall: 5.50e-03 | inlet: 8.37e-04 | outlet: 1.47e-03 | integral_mass: 2.41e+01
2026-09-23 19:42:13 | INFO     | Epoch [  4020/50000] | Total Loss: 4.0219e-01 | LR: 1.00e-03 | mass: 4.15e+01 | momentum: 9.71e+00 | wall: 5.70e-03 | inlet: 6.87e-04 | outlet: 1.50e-03 | integral_mass: 2.48e+01
2026-09-23 19:42:19 | INFO     | Epoch [  4030/50000] | Total Loss: 3.4015e-01 | LR: 1.00e-03 | mass: 4.17e+01 | momentum: 9.67e+00 | wall: 5.57e-03 | inlet: 5.66e-04 | outlet: 1.50e-03 | integral_mass: 2.46e+01
2026-09-23 19:42:25 | INFO     | Epoch [  4040/50000] | Total Loss: 1.4462e-01 | LR: 1.00e-03 | mass: 4.14e+01 | momentum: 9.49e+00 | wall: 5.20e-03 | inlet: 1.82e-04 | outlet: 1.50e-03 | integral_mass: 2.41e+01
2026-09-23 19:42:31 | INFO     | Epoch [  4050/50000] | Total Loss: 2.3423e-01 | LR: 1.00e-03 | mass: 4.16e+01 | momentum: 9.65e+00 | wall: 5.42e-03 | inlet: 3.57e-04 | outlet: 1.50e-03 | integral_mass: 2.45e+01
2026-09-23 19:42:37 | INFO     | Epoch [  4060/50000] | Total Loss: 2.3191e-01 | LR: 1.00e-03 | mass: 4.15e+01 | momentum: 9.57e+00 | wall: 5.16e-03 | inlet: 3.58e-04 | outlet: 1.49e-03 | integral_mass: 2.41e+01
2026-09-23 19:42:43 | INFO     | Epoch [  4070/50000] | Total Loss: 1.2681e-01 | LR: 1.00e-03 | mass: 4.22e+01 | momentum: 9.82e+00 | wall: 5.13e-03 | inlet: 1.48e-04 | outlet: 1.53e-03 | integral_mass: 2.44e+01
2026-09-23 19:42:49 | INFO     | Epoch [  4080/50000] | Total Loss: 3.1949e-01 | LR: 1.00e-03 | mass: 4.20e+01 | momentum: 9.78e+00 | wall: 5.31e-03 | inlet: 5.30e-04 | outlet: 1.54e-03 | integral_mass: 2.45e+01
2026-09-23 19:42:55 | INFO     | Epoch [  4090/50000] | Total Loss: 2.5012e-01 | LR: 1.00e-03 | mass: 4.21e+01 | momentum: 9.77e+00 | wall: 5.20e-03 | inlet: 3.93e-04 | outlet: 1.52e-03 | integral_mass: 2.45e+01
2026-09-23 19:43:01 | INFO     | Epoch [  4100/50000] | Total Loss: 2.4835e-01 | LR: 1.00e-03 | mass: 4.24e+01 | momentum: 9.88e+00 | wall: 5.04e-03 | inlet: 3.93e-04 | outlet: 1.52e-03 | integral_mass: 2.43e+01
2026-09-23 19:43:07 | INFO     | Epoch [  4110/50000] | Total Loss: 1.2351e-01 | LR: 1.00e-03 | mass: 4.25e+01 | momentum: 9.89e+00 | wall: 4.98e-03 | inlet: 1.44e-04 | outlet: 1.51e-03 | integral_mass: 2.42e+01
2026-09-23 19:43:13 | INFO     | Epoch [  4120/50000] | Total Loss: 2.4494e-01 | LR: 1.00e-03 | mass: 4.22e+01 | momentum: 9.80e+00 | wall: 4.95e-03 | inlet: 3.88e-04 | outlet: 1.50e-03 | integral_mass: 2.41e+01
2026-09-23 19:43:19 | INFO     | Epoch [  4130/50000] | Total Loss: 1.7786e-01 | LR: 1.00e-03 | mass: 4.26e+01 | momentum: 9.91e+00 | wall: 4.94e-03 | inlet: 2.54e-04 | outlet: 1.51e-03 | integral_mass: 2.42e+01
2026-09-23 19:43:25 | INFO     | Epoch [  4140/50000] | Total Loss: 3.1400e-01 | LR: 1.00e-03 | mass: 4.27e+01 | momentum: 9.90e+00 | wall: 5.05e-03 | inlet: 5.24e-04 | outlet: 1.50e-03 | integral_mass: 2.42e+01
2026-09-23 19:43:31 | INFO     | Epoch [  4150/50000] | Total Loss: 4.0606e-01 | LR: 1.00e-03 | mass: 4.30e+01 | momentum: 1.01e+01 | wall: 5.06e-03 | inlet: 7.08e-04 | outlet: 1.51e-03 | integral_mass: 2.43e+01
2026-09-23 19:43:37 | INFO     | Epoch [  4160/50000] | Total Loss: 1.8033e-01 | LR: 1.00e-03 | mass: 4.27e+01 | momentum: 9.96e+00 | wall: 4.95e-03 | inlet: 2.59e-04 | outlet: 1.50e-03 | integral_mass: 2.43e+01
2026-09-23 19:43:43 | INFO     | Epoch [  4170/50000] | Total Loss: 1.4364e-01 | LR: 1.00e-03 | mass: 4.32e+01 | momentum: 1.01e+01 | wall: 4.98e-03 | inlet: 1.85e-04 | outlet: 1.52e-03 | integral_mass: 2.44e+01
2026-09-23 19:43:49 | INFO     | Epoch [  4180/50000] | Total Loss: 2.5403e-01 | LR: 1.00e-03 | mass: 4.29e+01 | momentum: 1.00e+01 | wall: 4.95e-03 | inlet: 4.06e-04 | outlet: 1.50e-03 | integral_mass: 2.40e+01
2026-09-23 19:43:55 | INFO     | Epoch [  4190/50000] | Total Loss: 4.0960e-01 | LR: 1.00e-03 | mass: 4.39e+01 | momentum: 1.04e+01 | wall: 5.28e-03 | inlet: 7.11e-04 | outlet: 1.53e-03 | integral_mass: 2.48e+01
2026-09-23 19:44:00 | INFO     | Epoch [  4200/50000] | Total Loss: 2.1686e-01 | LR: 1.00e-03 | mass: 4.30e+01 | momentum: 9.97e+00 | wall: 4.76e-03 | inlet: 3.36e-04 | outlet: 1.50e-03 | integral_mass: 2.37e+01
2026-09-23 19:44:06 | INFO     | Epoch [  4210/50000] | Total Loss: 1.3969e-01 | LR: 1.00e-03 | mass: 4.39e+01 | momentum: 1.04e+01 | wall: 4.89e-03 | inlet: 1.79e-04 | outlet: 1.52e-03 | integral_mass: 2.46e+01
2026-09-23 19:44:12 | INFO     | Epoch [  4220/50000] | Total Loss: 1.8347e-01 | LR: 1.00e-03 | mass: 4.30e+01 | momentum: 9.96e+00 | wall: 4.65e-03 | inlet: 2.71e-04 | outlet: 1.50e-03 | integral_mass: 2.37e+01
2026-09-23 19:44:18 | INFO     | Epoch [  4230/50000] | Total Loss: 1.3405e-01 | LR: 1.00e-03 | mass: 4.37e+01 | momentum: 1.03e+01 | wall: 4.79e-03 | inlet: 1.69e-04 | outlet: 1.53e-03 | integral_mass: 2.46e+01
2026-09-23 19:44:24 | INFO     | Epoch [  4240/50000] | Total Loss: 2.1436e-01 | LR: 1.00e-03 | mass: 4.29e+01 | momentum: 9.92e+00 | wall: 4.55e-03 | inlet: 3.35e-04 | outlet: 1.50e-03 | integral_mass: 2.36e+01
2026-09-23 19:44:30 | INFO     | Epoch [  4250/50000] | Total Loss: 8.8926e-02 | LR: 1.00e-03 | mass: 4.35e+01 | momentum: 1.03e+01 | wall: 4.66e-03 | inlet: 8.17e-05 | outlet: 1.52e-03 | integral_mass: 2.45e+01
2026-09-23 19:44:36 | INFO     | Epoch [  4260/50000] | Total Loss: 2.8480e-01 | LR: 1.00e-03 | mass: 4.27e+01 | momentum: 9.87e+00 | wall: 4.49e-03 | inlet: 4.77e-04 | outlet: 1.50e-03 | integral_mass: 2.35e+01
2026-09-23 19:44:42 | INFO     | Epoch [  4270/50000] | Total Loss: 1.5114e-01 | LR: 1.00e-03 | mass: 4.35e+01 | momentum: 1.03e+01 | wall: 4.64e-03 | inlet: 2.06e-04 | outlet: 1.52e-03 | integral_mass: 2.46e+01
2026-09-23 19:44:47 | INFO     | Epoch [  4280/50000] | Total Loss: 1.3874e-01 | LR: 1.00e-03 | mass: 4.29e+01 | momentum: 9.97e+00 | wall: 4.41e-03 | inlet: 1.86e-04 | outlet: 1.50e-03 | integral_mass: 2.38e+01
2026-09-23 19:44:53 | INFO     | Epoch [  4290/50000] | Total Loss: 1.1933e-01 | LR: 1.00e-03 | mass: 4.35e+01 | momentum: 1.03e+01 | wall: 4.57e-03 | inlet: 1.44e-04 | outlet: 1.53e-03 | integral_mass: 2.46e+01
2026-09-23 19:44:59 | INFO     | Epoch [  4300/50000] | Total Loss: 1.6434e-01 | LR: 1.00e-03 | mass: 4.29e+01 | momentum: 9.96e+00 | wall: 4.37e-03 | inlet: 2.38e-04 | outlet: 1.51e-03 | integral_mass: 2.37e+01
2026-09-23 19:45:05 | INFO     | Epoch [  4310/50000] | Total Loss: 1.3513e-01 | LR: 1.00e-03 | mass: 4.36e+01 | momentum: 1.03e+01 | wall: 4.55e-03 | inlet: 1.76e-04 | outlet: 1.53e-03 | integral_mass: 2.46e+01
2026-09-23 19:45:11 | INFO     | Epoch [  4320/50000] | Total Loss: 1.8149e-01 | LR: 1.00e-03 | mass: 4.29e+01 | momentum: 9.98e+00 | wall: 4.35e-03 | inlet: 2.73e-04 | outlet: 1.51e-03 | integral_mass: 2.37e+01
2026-09-23 19:45:17 | INFO     | Epoch [  4330/50000] | Total Loss: 9.9390e-02 | LR: 1.00e-03 | mass: 4.36e+01 | momentum: 1.03e+01 | wall: 4.47e-03 | inlet: 1.06e-04 | outlet: 1.53e-03 | integral_mass: 2.45e+01
2026-09-23 19:45:23 | INFO     | Epoch [  4340/50000] | Total Loss: 2.0213e-01 | LR: 1.00e-03 | mass: 4.30e+01 | momentum: 9.99e+00 | wall: 4.33e-03 | inlet: 3.15e-04 | outlet: 1.51e-03 | integral_mass: 2.36e+01
2026-09-23 19:45:29 | INFO     | Epoch [  4350/50000] | Total Loss: 1.4791e-01 | LR: 1.00e-03 | mass: 4.37e+01 | momentum: 1.04e+01 | wall: 4.49e-03 | inlet: 2.03e-04 | outlet: 1.53e-03 | integral_mass: 2.46e+01
2026-09-23 19:45:35 | INFO     | Epoch [  4360/50000] | Total Loss: 1.4254e-01 | LR: 1.00e-03 | mass: 4.31e+01 | momentum: 1.01e+01 | wall: 4.29e-03 | inlet: 1.96e-04 | outlet: 1.51e-03 | integral_mass: 2.37e+01
2026-09-23 19:45:41 | INFO     | Epoch [  4370/50000] | Total Loss: 1.2856e-01 | LR: 1.00e-03 | mass: 4.38e+01 | momentum: 1.04e+01 | wall: 4.44e-03 | inlet: 1.65e-04 | outlet: 1.53e-03 | integral_mass: 2.46e+01
2026-09-23 19:45:47 | INFO     | Epoch [  4380/50000] | Total Loss: 1.5770e-01 | LR: 1.00e-03 | mass: 4.32e+01 | momentum: 1.01e+01 | wall: 4.25e-03 | inlet: 2.27e-04 | outlet: 1.51e-03 | integral_mass: 2.37e+01
2026-09-23 19:45:53 | INFO     | Epoch [  4390/50000] | Total Loss: 1.1929e-01 | LR: 1.00e-03 | mass: 4.38e+01 | momentum: 1.04e+01 | wall: 4.41e-03 | inlet: 1.47e-04 | outlet: 1.53e-03 | integral_mass: 2.46e+01
2026-09-23 19:45:59 | INFO     | Epoch [  4400/50000] | Total Loss: 1.9054e-01 | LR: 1.00e-03 | mass: 4.32e+01 | momentum: 1.01e+01 | wall: 4.21e-03 | inlet: 2.94e-04 | outlet: 1.51e-03 | integral_mass: 2.36e+01
2026-09-23 19:46:05 | INFO     | Epoch [  4410/50000] | Total Loss: 8.5763e-02 | LR: 1.00e-03 | mass: 4.38e+01 | momentum: 1.04e+01 | wall: 4.34e-03 | inlet: 8.17e-05 | outlet: 1.53e-03 | integral_mass: 2.45e+01
2026-09-23 19:46:11 | INFO     | Epoch [  4420/50000] | Total Loss: 1.9496e-01 | LR: 1.00e-03 | mass: 4.33e+01 | momentum: 1.01e+01 | wall: 4.17e-03 | inlet: 3.03e-04 | outlet: 1.52e-03 | integral_mass: 2.37e+01
2026-09-23 19:46:17 | INFO     | Epoch [  4430/50000] | Total Loss: 1.6723e-01 | LR: 1.00e-03 | mass: 4.40e+01 | momentum: 1.05e+01 | wall: 4.39e-03 | inlet: 2.44e-04 | outlet: 1.54e-03 | integral_mass: 2.47e+01
2026-09-23 19:46:23 | INFO     | Epoch [  4440/50000] | Total Loss: 1.6142e-01 | LR: 1.00e-03 | mass: 4.34e+01 | momentum: 1.02e+01 | wall: 4.14e-03 | inlet: 2.37e-04 | outlet: 1.52e-03 | integral_mass: 2.38e+01
2026-09-23 19:46:29 | INFO     | Epoch [  4450/50000] | Total Loss: 1.5033e-01 | LR: 1.00e-03 | mass: 4.41e+01 | momentum: 1.05e+01 | wall: 4.35e-03 | inlet: 2.10e-04 | outlet: 1.54e-03 | integral_mass: 2.46e+01
2026-09-23 19:46:36 | INFO     | Epoch [  4460/50000] | Total Loss: 1.4413e-01 | LR: 1.00e-03 | mass: 4.36e+01 | momentum: 1.02e+01 | wall: 4.12e-03 | inlet: 2.03e-04 | outlet: 1.52e-03 | integral_mass: 2.38e+01
2026-09-23 19:46:42 | INFO     | Epoch [  4470/50000] | Total Loss: 1.4043e-01 | LR: 1.00e-03 | mass: 4.42e+01 | momentum: 1.06e+01 | wall: 4.33e-03 | inlet: 1.91e-04 | outlet: 1.54e-03 | integral_mass: 2.46e+01
2026-09-23 19:46:48 | INFO     | Epoch [  4480/50000] | Total Loss: 1.3974e-01 | LR: 1.00e-03 | mass: 4.37e+01 | momentum: 1.03e+01 | wall: 4.12e-03 | inlet: 1.94e-04 | outlet: 1.53e-03 | integral_mass: 2.37e+01
2026-09-23 19:46:54 | INFO     | Epoch [  4490/50000] | Total Loss: 1.3758e-01 | LR: 1.00e-03 | mass: 4.44e+01 | momentum: 1.06e+01 | wall: 4.32e-03 | inlet: 1.86e-04 | outlet: 1.55e-03 | integral_mass: 2.46e+01
2026-09-23 19:47:00 | INFO     | Epoch [  4500/50000] | Total Loss: 1.4885e-01 | LR: 1.00e-03 | mass: 4.39e+01 | momentum: 1.03e+01 | wall: 4.13e-03 | inlet: 2.12e-04 | outlet: 1.53e-03 | integral_mass: 2.37e+01
2026-09-23 19:47:06 | INFO     | Epoch [  4510/50000] | Total Loss: 1.3615e-01 | LR: 1.00e-03 | mass: 4.46e+01 | momentum: 1.07e+01 | wall: 4.30e-03 | inlet: 1.83e-04 | outlet: 1.55e-03 | integral_mass: 2.46e+01
2026-09-23 19:47:12 | INFO     | Epoch [  4520/50000] | Total Loss: 1.4824e-01 | LR: 1.00e-03 | mass: 4.41e+01 | momentum: 1.04e+01 | wall: 4.11e-03 | inlet: 2.11e-04 | outlet: 1.54e-03 | integral_mass: 2.37e+01
2026-09-23 19:47:18 | INFO     | Epoch [  4530/50000] | Total Loss: 1.4015e-01 | LR: 1.00e-03 | mass: 4.47e+01 | momentum: 1.08e+01 | wall: 4.27e-03 | inlet: 1.92e-04 | outlet: 1.55e-03 | integral_mass: 2.46e+01
2026-09-23 19:47:25 | INFO     | Epoch [  4540/50000] | Total Loss: 1.4171e-01 | LR: 1.00e-03 | mass: 4.41e+01 | momentum: 1.04e+01 | wall: 4.08e-03 | inlet: 1.99e-04 | outlet: 1.54e-03 | integral_mass: 2.37e+01
2026-09-23 19:47:31 | INFO     | Epoch [  4550/50000] | Total Loss: 1.3454e-01 | LR: 1.00e-03 | mass: 4.48e+01 | momentum: 1.08e+01 | wall: 4.23e-03 | inlet: 1.81e-04 | outlet: 1.56e-03 | integral_mass: 2.46e+01
2026-09-23 19:47:37 | INFO     | Epoch [  4560/50000] | Total Loss: 1.3990e-01 | LR: 1.00e-03 | mass: 4.42e+01 | momentum: 1.05e+01 | wall: 4.04e-03 | inlet: 1.96e-04 | outlet: 1.54e-03 | integral_mass: 2.37e+01
2026-09-23 19:47:43 | INFO     | Epoch [  4570/50000] | Total Loss: 1.3233e-01 | LR: 1.00e-03 | mass: 4.49e+01 | momentum: 1.08e+01 | wall: 4.20e-03 | inlet: 1.78e-04 | outlet: 1.56e-03 | integral_mass: 2.46e+01
2026-09-23 19:47:49 | INFO     | Epoch [  4580/50000] | Total Loss: 1.4191e-01 | LR: 1.00e-03 | mass: 4.42e+01 | momentum: 1.05e+01 | wall: 4.01e-03 | inlet: 2.01e-04 | outlet: 1.54e-03 | integral_mass: 2.37e+01
2026-09-23 19:47:55 | INFO     | Epoch [  4590/50000] | Total Loss: 1.3856e-01 | LR: 1.00e-03 | mass: 4.49e+01 | momentum: 1.08e+01 | wall: 4.18e-03 | inlet: 1.90e-04 | outlet: 1.56e-03 | integral_mass: 2.46e+01
2026-09-23 19:48:01 | INFO     | Epoch [  4600/50000] | Total Loss: 1.4518e-01 | LR: 1.00e-03 | mass: 4.43e+01 | momentum: 1.05e+01 | wall: 3.98e-03 | inlet: 2.08e-04 | outlet: 1.54e-03 | integral_mass: 2.38e+01
2026-09-23 19:48:08 | INFO     | Epoch [  4610/50000] | Total Loss: 1.4785e-01 | LR: 1.00e-03 | mass: 4.50e+01 | momentum: 1.09e+01 | wall: 4.15e-03 | inlet: 2.09e-04 | outlet: 1.56e-03 | integral_mass: 2.45e+01
2026-09-23 19:48:14 | INFO     | Epoch [  4620/50000] | Total Loss: 1.6020e-01 | LR: 1.00e-03 | mass: 4.44e+01 | momentum: 1.06e+01 | wall: 3.98e-03 | inlet: 2.38e-04 | outlet: 1.54e-03 | integral_mass: 2.38e+01
2026-09-23 19:48:20 | INFO     | Epoch [  4630/50000] | Total Loss: 1.7025e-01 | LR: 1.00e-03 | mass: 4.51e+01 | momentum: 1.09e+01 | wall: 4.15e-03 | inlet: 2.54e-04 | outlet: 1.56e-03 | integral_mass: 2.44e+01
2026-09-23 19:48:26 | INFO     | Epoch [  4640/50000] | Total Loss: 1.8514e-01 | LR: 1.00e-03 | mass: 4.46e+01 | momentum: 1.07e+01 | wall: 4.03e-03 | inlet: 2.87e-04 | outlet: 1.54e-03 | integral_mass: 2.39e+01
2026-09-23 19:48:32 | INFO     | Epoch [  4650/50000] | Total Loss: 1.4404e-01 | LR: 1.00e-03 | mass: 4.55e+01 | momentum: 1.10e+01 | wall: 4.14e-03 | inlet: 2.02e-04 | outlet: 1.57e-03 | integral_mass: 2.44e+01
2026-09-23 19:48:38 | INFO     | Epoch [  4660/50000] | Total Loss: 1.8939e-01 | LR: 1.00e-03 | mass: 4.51e+01 | momentum: 1.08e+01 | wall: 4.12e-03 | inlet: 2.93e-04 | outlet: 1.55e-03 | integral_mass: 2.39e+01
2026-09-23 19:48:44 | INFO     | Epoch [  4670/50000] | Total Loss: 1.6712e-01 | LR: 1.00e-03 | mass: 4.59e+01 | momentum: 1.12e+01 | wall: 4.19e-03 | inlet: 2.47e-04 | outlet: 1.58e-03 | integral_mass: 2.43e+01
2026-09-23 19:48:51 | INFO     | Epoch [  4680/50000] | Total Loss: 1.7501e-01 | LR: 1.00e-03 | mass: 4.58e+01 | momentum: 1.10e+01 | wall: 4.19e-03 | inlet: 2.63e-04 | outlet: 1.57e-03 | integral_mass: 2.40e+01
2026-09-23 19:48:57 | INFO     | Epoch [  4690/50000] | Total Loss: 1.6151e-01 | LR: 1.00e-03 | mass: 4.65e+01 | momentum: 1.14e+01 | wall: 4.24e-03 | inlet: 2.35e-04 | outlet: 1.60e-03 | integral_mass: 2.43e+01
2026-09-23 19:49:03 | INFO     | Epoch [  4700/50000] | Total Loss: 1.6916e-01 | LR: 1.00e-03 | mass: 4.66e+01 | momentum: 1.13e+01 | wall: 4.29e-03 | inlet: 2.49e-04 | outlet: 1.67e-03 | integral_mass: 2.40e+01
2026-09-23 19:49:09 | INFO     | Epoch [  4710/50000] | Total Loss: 1.5179e-01 | LR: 1.00e-03 | mass: 4.73e+01 | momentum: 1.16e+01 | wall: 4.30e-03 | inlet: 2.14e-04 | outlet: 1.62e-03 | integral_mass: 2.42e+01
2026-09-23 19:49:15 | INFO     | Epoch [  4720/50000] | Total Loss: 1.5786e-01 | LR: 1.00e-03 | mass: 4.75e+01 | momentum: 1.16e+01 | wall: 4.37e-03 | inlet: 2.25e-04 | outlet: 1.62e-03 | integral_mass: 2.40e+01
2026-09-23 19:49:21 | INFO     | Epoch [  4730/50000] | Total Loss: 1.2648e-01 | LR: 1.00e-03 | mass: 4.80e+01 | momentum: 1.18e+01 | wall: 4.30e-03 | inlet: 1.64e-04 | outlet: 1.64e-03 | integral_mass: 2.40e+01
2026-09-23 19:49:27 | INFO     | Epoch [  4740/50000] | Total Loss: 5.4155e-01 | LR: 1.00e-03 | mass: 4.85e+01 | momentum: 1.22e+01 | wall: 5.10e-03 | inlet: 9.78e-04 | outlet: 1.69e-03 | integral_mass: 2.47e+01
2026-09-23 19:49:33 | INFO     | Epoch [  4750/50000] | Total Loss: 8.1157e-01 | LR: 1.00e-03 | mass: 4.85e+01 | momentum: 1.20e+01 | wall: 4.74e-03 | inlet: 1.52e-03 | outlet: 3.06e-03 | integral_mass: 2.41e+01
2026-09-23 19:49:39 | INFO     | Epoch [  4760/50000] | Total Loss: 3.5531e-01 | LR: 1.00e-03 | mass: 4.79e+01 | momentum: 1.18e+01 | wall: 4.73e-03 | inlet: 6.11e-04 | outlet: 2.35e-03 | integral_mass: 2.36e+01
2026-09-23 19:49:45 | INFO     | Epoch [  4770/50000] | Total Loss: 2.5550e-01 | LR: 1.00e-03 | mass: 4.90e+01 | momentum: 1.22e+01 | wall: 4.79e-03 | inlet: 4.11e-04 | outlet: 1.96e-03 | integral_mass: 2.45e+01
2026-09-23 19:49:51 | INFO     | Epoch [  4780/50000] | Total Loss: 1.8536e-01 | LR: 1.00e-03 | mass: 4.84e+01 | momentum: 1.19e+01 | wall: 4.31e-03 | inlet: 2.81e-04 | outlet: 1.66e-03 | integral_mass: 2.37e+01
2026-09-23 19:49:57 | INFO     | Epoch [  4790/50000] | Total Loss: 1.6557e-01 | LR: 1.00e-03 | mass: 4.92e+01 | momentum: 1.24e+01 | wall: 4.40e-03 | inlet: 2.40e-04 | outlet: 1.72e-03 | integral_mass: 2.46e+01
2026-09-23 19:50:03 | INFO     | Epoch [  4800/50000] | Total Loss: 1.6967e-01 | LR: 1.00e-03 | mass: 4.80e+01 | momentum: 1.18e+01 | wall: 4.14e-03 | inlet: 2.53e-04 | outlet: 1.63e-03 | integral_mass: 2.36e+01
2026-09-23 19:50:09 | INFO     | Epoch [  4810/50000] | Total Loss: 1.4319e-01 | LR: 1.00e-03 | mass: 4.86e+01 | momentum: 1.21e+01 | wall: 4.27e-03 | inlet: 1.98e-04 | outlet: 1.65e-03 | integral_mass: 2.45e+01
2026-09-23 19:50:15 | INFO     | Epoch [  4820/50000] | Total Loss: 1.6223e-01 | LR: 1.00e-03 | mass: 4.79e+01 | momentum: 1.17e+01 | wall: 4.03e-03 | inlet: 2.41e-04 | outlet: 1.62e-03 | integral_mass: 2.36e+01
2026-09-23 19:50:22 | INFO     | Epoch [  4830/50000] | Total Loss: 1.3336e-01 | LR: 1.00e-03 | mass: 4.85e+01 | momentum: 1.21e+01 | wall: 4.16e-03 | inlet: 1.80e-04 | outlet: 1.64e-03 | integral_mass: 2.45e+01
2026-09-23 19:50:28 | INFO     | Epoch [  4840/50000] | Total Loss: 1.6794e-01 | LR: 1.00e-03 | mass: 4.78e+01 | momentum: 1.17e+01 | wall: 3.96e-03 | inlet: 2.54e-04 | outlet: 1.62e-03 | integral_mass: 2.36e+01
2026-09-23 19:50:35 | INFO     | Epoch [  4850/50000] | Total Loss: 1.2389e-01 | LR: 1.00e-03 | mass: 4.85e+01 | momentum: 1.21e+01 | wall: 4.10e-03 | inlet: 1.63e-04 | outlet: 1.64e-03 | integral_mass: 2.45e+01
2026-09-23 19:50:41 | INFO     | Epoch [  4860/50000] | Total Loss: 1.7093e-01 | LR: 1.00e-03 | mass: 4.78e+01 | momentum: 1.17e+01 | wall: 3.90e-03 | inlet: 2.61e-04 | outlet: 1.62e-03 | integral_mass: 2.36e+01
2026-09-23 19:50:47 | INFO     | Epoch [  4870/50000] | Total Loss: 1.1694e-01 | LR: 1.00e-03 | mass: 4.85e+01 | momentum: 1.21e+01 | wall: 4.04e-03 | inlet: 1.50e-04 | outlet: 1.64e-03 | integral_mass: 2.45e+01
2026-09-23 19:50:53 | INFO     | Epoch [  4880/50000] | Total Loss: 1.7118e-01 | LR: 1.00e-03 | mass: 4.78e+01 | momentum: 1.17e+01 | wall: 3.86e-03 | inlet: 2.62e-04 | outlet: 1.62e-03 | integral_mass: 2.36e+01
2026-09-23 19:50:59 | INFO     | Epoch [  4890/50000] | Total Loss: 1.1929e-01 | LR: 1.00e-03 | mass: 4.85e+01 | momentum: 1.21e+01 | wall: 4.00e-03 | inlet: 1.55e-04 | outlet: 1.64e-03 | integral_mass: 2.45e+01
2026-09-23 19:51:06 | INFO     | Epoch [  4900/50000] | Total Loss: 1.5503e-01 | LR: 1.00e-03 | mass: 4.79e+01 | momentum: 1.18e+01 | wall: 3.82e-03 | inlet: 2.31e-04 | outlet: 1.62e-03 | integral_mass: 2.36e+01
2026-09-23 19:51:12 | INFO     | Epoch [  4910/50000] | Total Loss: 1.3197e-01 | LR: 1.00e-03 | mass: 4.86e+01 | momentum: 1.22e+01 | wall: 3.98e-03 | inlet: 1.81e-04 | outlet: 1.64e-03 | integral_mass: 2.45e+01
2026-09-23 19:51:18 | INFO     | Epoch [  4920/50000] | Total Loss: 1.4377e-01 | LR: 1.00e-03 | mass: 4.80e+01 | momentum: 1.18e+01 | wall: 3.78e-03 | inlet: 2.09e-04 | outlet: 1.62e-03 | integral_mass: 2.36e+01
2026-09-23 19:51:24 | INFO     | Epoch [  4930/50000] | Total Loss: 1.3452e-01 | LR: 1.00e-03 | mass: 4.86e+01 | momentum: 1.22e+01 | wall: 3.96e-03 | inlet: 1.87e-04 | outlet: 1.64e-03 | integral_mass: 2.45e+01
2026-09-23 19:51:30 | INFO     | Epoch [  4940/50000] | Total Loss: 1.4865e-01 | LR: 1.00e-03 | mass: 4.81e+01 | momentum: 1.19e+01 | wall: 3.74e-03 | inlet: 2.19e-04 | outlet: 1.62e-03 | integral_mass: 2.37e+01
2026-09-23 19:51:36 | INFO     | Epoch [  4950/50000] | Total Loss: 1.4587e-01 | LR: 1.00e-03 | mass: 4.87e+01 | momentum: 1.22e+01 | wall: 3.94e-03 | inlet: 2.10e-04 | outlet: 1.64e-03 | integral_mass: 2.45e+01
2026-09-23 19:51:42 | INFO     | Epoch [  4960/50000] | Total Loss: 1.9225e-01 | LR: 1.00e-03 | mass: 4.82e+01 | momentum: 1.19e+01 | wall: 3.74e-03 | inlet: 3.06e-04 | outlet: 1.62e-03 | integral_mass: 2.38e+01
2026-09-23 19:51:48 | INFO     | Epoch [  4970/50000] | Total Loss: 1.2761e-01 | LR: 1.00e-03 | mass: 4.88e+01 | momentum: 1.22e+01 | wall: 3.90e-03 | inlet: 1.74e-04 | outlet: 1.65e-03 | integral_mass: 2.44e+01
2026-09-23 19:51:54 | INFO     | Epoch [  4980/50000] | Total Loss: 1.9236e-01 | LR: 1.00e-03 | mass: 4.84e+01 | momentum: 1.20e+01 | wall: 3.77e-03 | inlet: 3.06e-04 | outlet: 1.63e-03 | integral_mass: 2.38e+01
2026-09-23 19:52:01 | INFO     | Epoch [  4990/50000] | Total Loss: 1.5012e-01 | LR: 1.00e-03 | mass: 4.91e+01 | momentum: 1.23e+01 | wall: 3.89e-03 | inlet: 2.19e-04 | outlet: 1.65e-03 | integral_mass: 2.44e+01
2026-09-23 19:52:07 | INFO     | Epoch [  5000/50000] | Total Loss: 1.6978e-01 | LR: 1.00e-03 | mass: 4.87e+01 | momentum: 1.21e+01 | wall: 3.78e-03 | inlet: 2.61e-04 | outlet: 1.64e-03 | integral_mass: 2.38e+01
2026-09-23 19:52:19 | INFO     | Epoch [  5010/50000] | Total Loss: 5.8324e+02 | LR: 1.00e-03 | mass: 1.65e+01 | momentum: 2.11e+01 | wall: 5.75e-01 | inlet: 4.57e-01 | outlet: 7.07e-03 | integral_mass: 3.26e+00
2026-09-23 19:52:25 | INFO     | Epoch [  5020/50000] | Total Loss: 3.7167e+02 | LR: 1.00e-03 | mass: 8.65e+00 | momentum: 1.24e+01 | wall: 4.73e-01 | inlet: 3.93e-01 | outlet: 1.09e-02 | integral_mass: 1.43e+00
2026-09-23 19:52:31 | INFO     | Epoch [  5030/50000] | Total Loss: 1.5416e+02 | LR: 1.00e-03 | mass: 7.12e+00 | momentum: 2.67e+01 | wall: 8.13e-01 | inlet: 7.57e-02 | outlet: 1.20e-02 | integral_mass: 2.06e-01
2026-09-23 19:52:37 | INFO     | Epoch [  5040/50000] | Total Loss: 5.7640e+01 | LR: 1.00e-03 | mass: 2.97e+00 | momentum: 1.46e+01 | wall: 5.97e-01 | inlet: 1.40e-02 | outlet: 2.91e-02 | integral_mass: 7.19e-03
2026-09-23 19:52:43 | INFO     | Epoch [  5050/50000] | Total Loss: 2.9075e+01 | LR: 1.00e-03 | mass: 1.23e+00 | momentum: 6.78e+00 | wall: 5.28e-01 | inlet: 6.50e-03 | outlet: 6.18e-02 | integral_mass: 2.84e-02
2026-09-23 19:52:49 | INFO     | Epoch [  5060/50000] | Total Loss: 2.7607e+01 | LR: 1.00e-03 | mass: 9.52e-01 | momentum: 4.49e+00 | wall: 5.43e-01 | inlet: 3.15e-03 | outlet: 7.27e-02 | integral_mass: 1.31e-01
2026-09-23 19:52:55 | INFO     | Epoch [  5070/50000] | Total Loss: 1.6951e+01 | LR: 1.00e-03 | mass: 6.25e-01 | momentum: 3.91e+00 | wall: 5.30e-01 | inlet: 2.12e-03 | outlet: 9.28e-02 | integral_mass: 6.77e-03
2026-09-23 19:53:01 | INFO     | Epoch [  5080/50000] | Total Loss: 2.1428e+01 | LR: 1.00e-03 | mass: 4.08e-01 | momentum: 3.49e+00 | wall: 5.28e-01 | inlet: 2.76e-03 | outlet: 8.35e-02 | integral_mass: 1.42e-01
2026-09-23 19:53:07 | INFO     | Epoch [  5090/50000] | Total Loss: 1.7371e+01 | LR: 1.00e-03 | mass: 3.17e-01 | momentum: 2.96e+00 | wall: 4.62e-01 | inlet: 1.45e-03 | outlet: 8.18e-02 | integral_mass: 1.16e-01
2026-09-23 19:53:13 | INFO     | Epoch [  5100/50000] | Total Loss: 1.1351e+01 | LR: 1.00e-03 | mass: 2.91e-01 | momentum: 2.87e+00 | wall: 4.25e-01 | inlet: 1.42e-03 | outlet: 9.02e-02 | integral_mass: 1.04e-02
2026-09-23 19:53:19 | INFO     | Epoch [  5110/50000] | Total Loss: 1.8395e+01 | LR: 1.00e-03 | mass: 2.18e-01 | momentum: 2.73e+00 | wall: 4.14e-01 | inlet: 2.31e-03 | outlet: 7.81e-02 | integral_mass: 1.62e-01
2026-09-23 19:53:25 | INFO     | Epoch [  5120/50000] | Total Loss: 2.6522e+01 | LR: 1.00e-03 | mass: 2.53e-01 | momentum: 2.50e+00 | wall: 3.33e-01 | inlet: 4.90e-03 | outlet: 9.03e-02 | integral_mass: 3.12e-01
2026-09-23 19:53:31 | INFO     | Epoch [  5130/50000] | Total Loss: 1.4124e+01 | LR: 1.00e-03 | mass: 2.29e-01 | momentum: 2.35e+00 | wall: 3.42e-01 | inlet: 1.32e-03 | outlet: 6.82e-02 | integral_mass: 1.06e-01
2026-09-23 19:53:37 | INFO     | Epoch [  5140/50000] | Total Loss: 1.2476e+01 | LR: 1.00e-03 | mass: 1.45e-01 | momentum: 2.40e+00 | wall: 3.37e-01 | inlet: 9.94e-04 | outlet: 6.64e-02 | integral_mass: 9.37e-02
2026-09-23 19:53:43 | INFO     | Epoch [  5150/50000] | Total Loss: 1.8845e+01 | LR: 1.00e-03 | mass: 1.27e-01 | momentum: 2.39e+00 | wall: 2.94e-01 | inlet: 3.91e-03 | outlet: 7.52e-02 | integral_mass: 2.04e-01
2026-09-23 19:53:49 | INFO     | Epoch [  5160/50000] | Total Loss: 1.3179e+01 | LR: 1.00e-03 | mass: 1.08e-01 | momentum: 2.30e+00 | wall: 3.05e-01 | inlet: 9.30e-04 | outlet: 6.06e-02 | integral_mass: 1.25e-01
2026-09-23 19:53:55 | INFO     | Epoch [  5170/50000] | Total Loss: 1.6160e+01 | LR: 1.00e-03 | mass: 1.08e-01 | momentum: 2.27e+00 | wall: 2.95e-01 | inlet: 1.24e-03 | outlet: 5.85e-02 | integral_mass: 1.84e-01
2026-09-23 19:54:00 | INFO     | Epoch [  5180/50000] | Total Loss: 1.1730e+01 | LR: 1.00e-03 | mass: 7.90e-02 | momentum: 2.20e+00 | wall: 2.54e-01 | inlet: 2.45e-03 | outlet: 6.72e-02 | integral_mass: 9.79e-02
2026-09-23 19:54:06 | INFO     | Epoch [  5190/50000] | Total Loss: 1.0239e+01 | LR: 1.00e-03 | mass: 1.76e-01 | momentum: 2.14e+00 | wall: 2.57e-01 | inlet: 1.04e-03 | outlet: 5.89e-02 | integral_mass: 6.38e-02
2026-09-23 19:54:12 | INFO     | Epoch [  5200/50000] | Total Loss: 1.0050e+01 | LR: 1.00e-03 | mass: 8.32e-02 | momentum: 2.04e+00 | wall: 2.41e-01 | inlet: 9.28e-04 | outlet: 5.76e-02 | integral_mass: 8.49e-02
2026-09-23 19:54:18 | INFO     | Epoch [  5210/50000] | Total Loss: 9.3352e+00 | LR: 1.00e-03 | mass: 3.86e-01 | momentum: 2.00e+00 | wall: 2.18e-01 | inlet: 1.48e-03 | outlet: 6.21e-02 | integral_mass: 1.00e-02
2026-09-23 19:54:24 | INFO     | Epoch [  5220/50000] | Total Loss: 6.5529e+00 | LR: 1.00e-03 | mass: 2.10e-01 | momentum: 1.86e+00 | wall: 2.01e-01 | inlet: 9.65e-04 | outlet: 6.25e-02 | integral_mass: 6.11e-04
2026-09-23 19:54:30 | INFO     | Epoch [  5230/50000] | Total Loss: 6.0470e+00 | LR: 1.00e-03 | mass: 7.75e-02 | momentum: 1.72e+00 | wall: 1.83e-01 | inlet: 6.86e-04 | outlet: 6.11e-02 | integral_mass: 2.64e-02
2026-09-23 19:54:36 | INFO     | Epoch [  5240/50000] | Total Loss: 5.6591e+00 | LR: 1.00e-03 | mass: 4.29e-02 | momentum: 1.61e+00 | wall: 1.54e-01 | inlet: 1.29e-03 | outlet: 6.47e-02 | integral_mass: 2.75e-02
2026-09-23 19:54:42 | INFO     | Epoch [  5250/50000] | Total Loss: 4.9576e+00 | LR: 1.00e-03 | mass: 3.29e-02 | momentum: 1.56e+00 | wall: 1.47e-01 | inlet: 6.08e-04 | outlet: 6.04e-02 | integral_mass: 2.47e-02
2026-09-23 19:54:48 | INFO     | Epoch [  5260/50000] | Total Loss: 4.2879e+00 | LR: 1.00e-03 | mass: 2.06e-02 | momentum: 1.48e+00 | wall: 1.27e-01 | inlet: 9.70e-04 | outlet: 6.27e-02 | integral_mass: 1.57e-02
2026-09-23 19:54:54 | INFO     | Epoch [  5270/50000] | Total Loss: 6.9607e+00 | LR: 1.00e-03 | mass: 2.79e-02 | momentum: 1.46e+00 | wall: 1.25e-01 | inlet: 1.16e-03 | outlet: 5.82e-02 | integral_mass: 6.67e-02
2026-09-23 19:55:00 | INFO     | Epoch [  5280/50000] | Total Loss: 3.3933e+00 | LR: 1.00e-03 | mass: 1.33e-02 | momentum: 1.37e+00 | wall: 1.06e-01 | inlet: 6.94e-04 | outlet: 6.12e-02 | integral_mass: 8.53e-03
2026-09-23 19:55:06 | INFO     | Epoch [  5290/50000] | Total Loss: 5.5869e+00 | LR: 1.00e-03 | mass: 1.96e-02 | momentum: 1.33e+00 | wall: 1.03e-01 | inlet: 9.01e-04 | outlet: 5.77e-02 | integral_mass: 5.04e-02
2026-09-23 19:55:12 | INFO     | Epoch [  5300/50000] | Total Loss: 3.7248e+00 | LR: 1.00e-03 | mass: 1.01e-02 | momentum: 1.26e+00 | wall: 8.90e-02 | inlet: 9.76e-04 | outlet: 6.06e-02 | integral_mass: 1.85e-02
2026-09-23 19:55:18 | INFO     | Epoch [  5310/50000] | Total Loss: 5.0580e+00 | LR: 1.00e-03 | mass: 1.53e-02 | momentum: 1.25e+00 | wall: 9.07e-02 | inlet: 8.69e-04 | outlet: 5.72e-02 | integral_mass: 4.52e-02
2026-09-23 19:55:24 | INFO     | Epoch [  5320/50000] | Total Loss: 2.9149e+00 | LR: 1.00e-03 | mass: 7.20e-03 | momentum: 1.19e+00 | wall: 8.09e-02 | inlet: 5.97e-04 | outlet: 5.98e-02 | integral_mass: 9.77e-03
2026-09-23 19:55:30 | INFO     | Epoch [  5330/50000] | Total Loss: 6.0609e+00 | LR: 1.00e-03 | mass: 1.87e-02 | momentum: 1.17e+00 | wall: 8.16e-02 | inlet: 1.16e-03 | outlet: 5.65e-02 | integral_mass: 6.51e-02
2026-09-23 19:55:36 | INFO     | Epoch [  5340/50000] | Total Loss: 4.2294e+00 | LR: 1.00e-03 | mass: 1.92e-02 | momentum: 1.09e+00 | wall: 6.99e-02 | inlet: 1.44e-03 | outlet: 6.00e-02 | integral_mass: 2.93e-02
2026-09-23 19:55:42 | INFO     | Epoch [  5350/50000] | Total Loss: 2.7600e+00 | LR: 1.00e-03 | mass: 8.47e-03 | momentum: 1.08e+00 | wall: 7.19e-02 | inlet: 3.66e-04 | outlet: 5.75e-02 | integral_mass: 1.27e-02
2026-09-23 19:55:48 | INFO     | Epoch [  5360/50000] | Total Loss: 3.1537e+00 | LR: 1.00e-03 | mass: 6.28e-03 | momentum: 1.03e+00 | wall: 6.59e-02 | inlet: 8.27e-04 | outlet: 5.96e-02 | integral_mass: 1.85e-02
2026-09-23 19:55:54 | INFO     | Epoch [  5370/50000] | Total Loss: 4.7139e+00 | LR: 1.00e-03 | mass: 1.06e-02 | momentum: 1.03e+00 | wall: 6.90e-02 | inlet: 9.62e-04 | outlet: 5.65e-02 | integral_mass: 4.70e-02
2026-09-23 19:56:00 | INFO     | Epoch [  5380/50000] | Total Loss: 2.8098e+00 | LR: 1.00e-03 | mass: 5.15e-03 | momentum: 9.80e-01 | wall: 6.21e-02 | inlet: 6.59e-04 | outlet: 5.92e-02 | integral_mass: 1.54e-02
2026-09-23 19:56:06 | INFO     | Epoch [  5390/50000] | Total Loss: 3.9307e+00 | LR: 1.00e-03 | mass: 8.37e-03 | momentum: 9.70e-01 | wall: 6.43e-02 | inlet: 7.34e-04 | outlet: 5.65e-02 | integral_mass: 3.62e-02
2026-09-23 19:56:13 | INFO     | Epoch [  5400/50000] | Total Loss: 2.5867e+00 | LR: 1.00e-03 | mass: 3.79e-03 | momentum: 9.29e-01 | wall: 5.86e-02 | inlet: 6.37e-04 | outlet: 5.88e-02 | integral_mass: 1.31e-02
2026-09-23 19:56:18 | INFO     | Epoch [  5410/50000] | Total Loss: 4.3364e+00 | LR: 1.00e-03 | mass: 8.77e-03 | momentum: 9.24e-01 | wall: 6.13e-02 | inlet: 9.17e-04 | outlet: 5.61e-02 | integral_mass: 4.40e-02
2026-09-23 19:56:24 | INFO     | Epoch [  5420/50000] | Total Loss: 2.1400e+00 | LR: 1.00e-03 | mass: 4.14e-03 | momentum: 8.84e-01 | wall: 5.58e-02 | inlet: 4.39e-04 | outlet: 5.84e-02 | integral_mass: 7.56e-03
2026-09-23 19:56:30 | INFO     | Epoch [  5430/50000] | Total Loss: 4.2734e+00 | LR: 1.00e-03 | mass: 1.06e-02 | momentum: 8.77e-01 | wall: 5.75e-02 | inlet: 9.06e-04 | outlet: 5.60e-02 | integral_mass: 4.41e-02
2026-09-23 19:56:36 | INFO     | Epoch [  5440/50000] | Total Loss: 3.1929e+00 | LR: 1.00e-03 | mass: 1.20e-02 | momentum: 8.45e-01 | wall: 5.19e-02 | inlet: 9.41e-04 | outlet: 5.87e-02 | integral_mass: 2.36e-02
2026-09-23 19:56:41 | INFO     | Epoch [  5450/50000] | Total Loss: 2.4063e+00 | LR: 1.00e-03 | mass: 4.84e-03 | momentum: 8.25e-01 | wall: 5.39e-02 | inlet: 3.58e-04 | outlet: 5.63e-02 | integral_mass: 1.52e-02
2026-09-23 19:56:47 | INFO     | Epoch [  5460/50000] | Total Loss: 3.3142e+00 | LR: 1.00e-03 | mass: 4.48e-03 | momentum: 7.91e-01 | wall: 4.98e-02 | inlet: 9.69e-04 | outlet: 5.85e-02 | integral_mass: 2.87e-02
2026-09-23 19:56:53 | INFO     | Epoch [  5470/50000] | Total Loss: 2.7575e+00 | LR: 1.00e-03 | mass: 5.35e-03 | momentum: 7.90e-01 | wall: 5.22e-02 | inlet: 4.80e-04 | outlet: 5.58e-02 | integral_mass: 2.19e-02
2026-09-23 19:56:59 | INFO     | Epoch [  5480/50000] | Total Loss: 2.5095e+00 | LR: 1.00e-03 | mass: 3.13e-03 | momentum: 7.59e-01 | wall: 4.83e-02 | inlet: 6.36e-04 | outlet: 5.78e-02 | integral_mass: 1.72e-02
2026-09-23 19:57:04 | INFO     | Epoch [  5490/50000] | Total Loss: 3.3297e+00 | LR: 1.00e-03 | mass: 5.90e-03 | momentum: 7.57e-01 | wall: 5.07e-02 | inlet: 6.73e-04 | outlet: 5.52e-02 | integral_mass: 3.23e-02
2026-09-23 19:57:10 | INFO     | Epoch [  5500/50000] | Total Loss: 1.9903e+00 | LR: 1.00e-03 | mass: 2.30e-03 | momentum: 7.28e-01 | wall: 4.67e-02 | inlet: 4.79e-04 | outlet: 5.71e-02 | integral_mass: 9.52e-03
2026-09-23 19:57:17 | INFO     | Epoch [  5510/50000] | Total Loss: 3.8946e+00 | LR: 1.00e-03 | mass: 7.08e-03 | momentum: 7.27e-01 | wall: 4.90e-02 | inlet: 9.45e-04 | outlet: 5.48e-02 | integral_mass: 4.16e-02
2026-09-23 19:57:24 | INFO     | Epoch [  5520/50000] | Total Loss: 1.7218e+00 | LR: 1.00e-03 | mass: 3.97e-03 | momentum: 7.08e-01 | wall: 4.50e-02 | inlet: 3.17e-04 | outlet: 5.68e-02 | integral_mass: 6.16e-03
2026-09-23 19:57:30 | INFO     | Epoch [  5530/50000] | Total Loss: 2.8802e+00 | LR: 1.00e-03 | mass: 6.31e-03 | momentum: 6.89e-01 | wall: 4.61e-02 | inlet: 5.40e-04 | outlet: 5.47e-02 | integral_mass: 2.69e-02
2026-09-23 19:57:36 | INFO     | Epoch [  5540/50000] | Total Loss: 3.0066e+00 | LR: 1.00e-03 | mass: 5.78e-03 | momentum: 6.66e-01 | wall: 4.23e-02 | inlet: 9.61e-04 | outlet: 5.70e-02 | integral_mass: 2.64e-02
2026-09-23 19:57:42 | INFO     | Epoch [  5550/50000] | Total Loss: 2.1708e+00 | LR: 1.00e-03 | mass: 3.48e-03 | momentum: 6.68e-01 | wall: 4.44e-02 | inlet: 3.51e-04 | outlet: 5.47e-02 | integral_mass: 1.59e-02
2026-09-23 19:57:48 | INFO     | Epoch [  5560/50000] | Total Loss: 2.5508e+00 | LR: 1.00e-03 | mass: 3.05e-03 | momentum: 6.36e-01 | wall: 4.13e-02 | inlet: 7.27e-04 | outlet: 5.64e-02 | integral_mass: 2.10e-02
2026-09-23 19:57:54 | INFO     | Epoch [  5570/50000] | Total Loss: 2.5011e+00 | LR: 1.00e-03 | mass: 4.06e-03 | momentum: 6.34e-01 | wall: 4.35e-02 | inlet: 4.89e-04 | outlet: 5.41e-02 | integral_mass: 2.19e-02
2026-09-23 19:57:59 | INFO     | Epoch [  5580/50000] | Total Loss: 2.0856e+00 | LR: 1.00e-03 | mass: 2.17e-03 | momentum: 6.11e-01 | wall: 4.04e-02 | inlet: 5.51e-04 | outlet: 5.57e-02 | integral_mass: 1.44e-02
2026-09-23 19:58:05 | INFO     | Epoch [  5590/50000] | Total Loss: 2.8500e+00 | LR: 1.00e-03 | mass: 4.54e-03 | momentum: 6.12e-01 | wall: 4.24e-02 | inlet: 6.23e-04 | outlet: 5.35e-02 | integral_mass: 2.81e-02
2026-09-23 19:58:11 | INFO     | Epoch [  5600/50000] | Total Loss: 1.7414e+00 | LR: 1.00e-03 | mass: 1.66e-03 | momentum: 5.89e-01 | wall: 3.93e-02 | inlet: 4.23e-04 | outlet: 5.51e-02 | integral_mass: 9.51e-03
2026-09-23 19:58:17 | INFO     | Epoch [  5610/50000] | Total Loss: 3.2389e+00 | LR: 1.00e-03 | mass: 5.31e-03 | momentum: 5.90e-01 | wall: 4.13e-02 | inlet: 7.97e-04 | outlet: 5.30e-02 | integral_mass: 3.46e-02
2026-09-23 19:58:22 | INFO     | Epoch [  5620/50000] | Total Loss: 1.4524e+00 | LR: 1.00e-03 | mass: 1.31e-03 | momentum: 5.68e-01 | wall: 3.82e-02 | inlet: 2.93e-04 | outlet: 5.45e-02 | integral_mass: 5.78e-03
2026-09-23 19:58:28 | INFO     | Epoch [  5630/50000] | Total Loss: 3.4748e+00 | LR: 1.00e-03 | mass: 1.38e-02 | momentum: 5.67e-01 | wall: 3.98e-02 | inlet: 8.47e-04 | outlet: 5.26e-02 | integral_mass: 3.79e-02
2026-09-23 19:58:34 | INFO     | Epoch [  5640/50000] | Total Loss: 2.4352e+00 | LR: 1.00e-03 | mass: 4.34e-03 | momentum: 5.47e-01 | wall: 3.61e-02 | inlet: 7.50e-04 | outlet: 5.47e-02 | integral_mass: 2.11e-02
2026-09-23 19:58:40 | INFO     | Epoch [  5650/50000] | Total Loss: 2.4071e+00 | LR: 1.00e-03 | mass: 6.18e-03 | momentum: 5.42e-01 | wall: 3.81e-02 | inlet: 5.34e-04 | outlet: 5.24e-02 | integral_mass: 2.21e-02
2026-09-23 19:58:45 | INFO     | Epoch [  5660/50000] | Total Loss: 2.0441e+00 | LR: 1.00e-03 | mass: 5.69e-03 | momentum: 5.21e-01 | wall: 3.56e-02 | inlet: 5.82e-04 | outlet: 5.40e-02 | integral_mass: 1.53e-02
2026-09-23 19:58:51 | INFO     | Epoch [  5670/50000] | Total Loss: 2.0982e+00 | LR: 1.00e-03 | mass: 3.62e-03 | momentum: 5.21e-01 | wall: 3.72e-02 | inlet: 4.26e-04 | outlet: 5.21e-02 | integral_mass: 1.81e-02
2026-09-23 19:58:57 | INFO     | Epoch [  5680/50000] | Total Loss: 2.0444e+00 | LR: 1.00e-03 | mass: 2.15e-03 | momentum: 5.03e-01 | wall: 3.47e-02 | inlet: 5.95e-04 | outlet: 5.35e-02 | integral_mass: 1.64e-02
2026-09-23 19:59:03 | INFO     | Epoch [  5690/50000] | Total Loss: 2.1680e+00 | LR: 1.00e-03 | mass: 3.22e-03 | momentum: 5.04e-01 | wall: 3.65e-02 | inlet: 4.53e-04 | outlet: 5.15e-02 | integral_mass: 1.98e-02
2026-09-23 19:59:09 | INFO     | Epoch [  5700/50000] | Total Loss: 1.8191e+00 | LR: 1.00e-03 | mass: 1.82e-03 | momentum: 4.88e-01 | wall: 3.40e-02 | inlet: 5.04e-04 | outlet: 5.29e-02 | integral_mass: 1.34e-02
2026-09-23 19:59:15 | INFO     | Epoch [  5710/50000] | Total Loss: 2.3718e+00 | LR: 1.00e-03 | mass: 3.50e-03 | momentum: 4.89e-01 | wall: 3.58e-02 | inlet: 5.47e-04 | outlet: 5.10e-02 | integral_mass: 2.33e-02
2026-09-23 19:59:20 | INFO     | Epoch [  5720/50000] | Total Loss: 1.5742e+00 | LR: 1.00e-03 | mass: 1.41e-03 | momentum: 4.73e-01 | wall: 3.33e-02 | inlet: 4.10e-04 | outlet: 5.23e-02 | integral_mass: 9.93e-03
2026-09-23 19:59:26 | INFO     | Epoch [  5730/50000] | Total Loss: 2.6199e+00 | LR: 1.00e-03 | mass: 3.98e-03 | momentum: 4.75e-01 | wall: 3.50e-02 | inlet: 6.60e-04 | outlet: 5.04e-02 | integral_mass: 2.75e-02
2026-09-23 19:59:32 | INFO     | Epoch [  5740/50000] | Total Loss: 1.3634e+00 | LR: 1.00e-03 | mass: 1.14e-03 | momentum: 4.58e-01 | wall: 3.25e-02 | inlet: 3.21e-04 | outlet: 5.17e-02 | integral_mass: 7.13e-03
2026-09-23 19:59:38 | INFO     | Epoch [  5750/50000] | Total Loss: 2.8457e+00 | LR: 1.00e-03 | mass: 5.23e-03 | momentum: 4.59e-01 | wall: 3.41e-02 | inlet: 7.57e-04 | outlet: 4.99e-02 | integral_mass: 3.13e-02
2026-09-23 19:59:44 | INFO     | Epoch [  5760/50000] | Total Loss: 1.3717e+00 | LR: 1.00e-03 | mass: 1.29e-03 | momentum: 4.42e-01 | wall: 3.15e-02 | inlet: 3.34e-04 | outlet: 5.12e-02 | integral_mass: 7.66e-03
2026-09-23 19:59:50 | INFO     | Epoch [  5770/50000] | Total Loss: 1.8064e+00 | LR: 1.00e-03 | mass: 2.64e-03 | momentum: 4.41e-01 | wall: 3.27e-02 | inlet: 3.73e-04 | outlet: 4.96e-02 | integral_mass: 1.55e-02
2026-09-23 19:59:56 | INFO     | Epoch [  5780/50000] | Total Loss: 1.9058e+00 | LR: 1.00e-03 | mass: 2.76e-03 | momentum: 4.27e-01 | wall: 3.07e-02 | inlet: 5.85e-04 | outlet: 5.09e-02 | integral_mass: 1.60e-02
2026-09-23 20:00:02 | INFO     | Epoch [  5790/50000] | Total Loss: 2.0059e+00 | LR: 1.00e-03 | mass: 5.12e-03 | momentum: 4.28e-01 | wall: 3.22e-02 | inlet: 4.67e-04 | outlet: 4.91e-02 | integral_mass: 1.84e-02
2026-09-23 20:00:08 | INFO     | Epoch [  5800/50000] | Total Loss: 1.7418e+00 | LR: 1.00e-03 | mass: 3.83e-03 | momentum: 4.14e-01 | wall: 3.02e-02 | inlet: 5.25e-04 | outlet: 5.04e-02 | integral_mass: 1.35e-02
2026-09-23 20:00:14 | INFO     | Epoch [  5810/50000] | Total Loss: 1.9234e+00 | LR: 1.00e-03 | mass: 4.11e-03 | momentum: 4.16e-01 | wall: 3.16e-02 | inlet: 4.43e-04 | outlet: 4.87e-02 | integral_mass: 1.76e-02
2026-09-23 20:00:21 | INFO     | Epoch [  5820/50000] | Total Loss: 1.6384e+00 | LR: 1.00e-03 | mass: 1.82e-03 | momentum: 4.02e-01 | wall: 2.96e-02 | inlet: 4.82e-04 | outlet: 4.99e-02 | integral_mass: 1.26e-02
2026-09-23 20:00:27 | INFO     | Epoch [  5830/50000] | Total Loss: 1.9674e+00 | LR: 1.00e-03 | mass: 2.84e-03 | momentum: 4.04e-01 | wall: 3.11e-02 | inlet: 4.66e-04 | outlet: 4.82e-02 | integral_mass: 1.89e-02
2026-09-23 20:00:33 | INFO     | Epoch [  5840/50000] | Total Loss: 1.5911e+00 | LR: 1.00e-03 | mass: 1.56e-03 | momentum: 3.91e-01 | wall: 2.90e-02 | inlet: 4.62e-04 | outlet: 4.94e-02 | integral_mass: 1.23e-02
2026-09-23 20:00:39 | INFO     | Epoch [  5850/50000] | Total Loss: 1.8769e+00 | LR: 1.00e-03 | mass: 2.68e-03 | momentum: 3.93e-01 | wall: 3.05e-02 | inlet: 4.34e-04 | outlet: 4.77e-02 | integral_mass: 1.78e-02
2026-09-23 20:00:44 | INFO     | Epoch [  5860/50000] | Total Loss: 1.6197e+00 | LR: 1.00e-03 | mass: 2.03e-03 | momentum: 3.81e-01 | wall: 2.84e-02 | inlet: 4.76e-04 | outlet: 4.89e-02 | integral_mass: 1.29e-02
2026-09-23 20:00:50 | INFO     | Epoch [  5870/50000] | Total Loss: 1.8238e+00 | LR: 1.00e-03 | mass: 3.03e-03 | momentum: 3.82e-01 | wall: 2.99e-02 | inlet: 4.19e-04 | outlet: 4.72e-02 | integral_mass: 1.71e-02
2026-09-23 20:00:56 | INFO     | Epoch [  5880/50000] | Total Loss: 1.5664e+00 | LR: 1.00e-03 | mass: 2.18e-03 | momentum: 3.71e-01 | wall: 2.79e-02 | inlet: 4.58e-04 | outlet: 4.84e-02 | integral_mass: 1.23e-02
2026-09-23 20:01:02 | INFO     | Epoch [  5890/50000] | Total Loss: 1.8599e+00 | LR: 1.00e-03 | mass: 3.21e-03 | momentum: 3.72e-01 | wall: 2.94e-02 | inlet: 4.42e-04 | outlet: 4.67e-02 | integral_mass: 1.79e-02
2026-09-23 20:01:08 | INFO     | Epoch [  5900/50000] | Total Loss: 1.4566e+00 | LR: 1.00e-03 | mass: 1.84e-03 | momentum: 3.61e-01 | wall: 2.74e-02 | inlet: 4.17e-04 | outlet: 4.78e-02 | integral_mass: 1.09e-02
2026-09-23 20:01:13 | INFO     | Epoch [  5910/50000] | Total Loss: 1.9514e+00 | LR: 1.00e-03 | mass: 3.25e-03 | momentum: 3.63e-01 | wall: 2.88e-02 | inlet: 4.91e-04 | outlet: 4.62e-02 | integral_mass: 1.95e-02
2026-09-23 20:01:19 | INFO     | Epoch [  5920/50000] | Total Loss: 1.3211e+00 | LR: 1.00e-03 | mass: 1.40e-03 | momentum: 3.52e-01 | wall: 2.70e-02 | inlet: 3.65e-04 | outlet: 4.73e-02 | integral_mass: 9.12e-03
2026-09-23 20:01:25 | INFO     | Epoch [  5930/50000] | Total Loss: 2.0867e+00 | LR: 1.00e-03 | mass: 3.46e-03 | momentum: 3.53e-01 | wall: 2.83e-02 | inlet: 5.59e-04 | outlet: 4.57e-02 | integral_mass: 2.18e-02
2026-09-23 20:01:31 | INFO     | Epoch [  5940/50000] | Total Loss: 1.1864e+00 | LR: 1.00e-03 | mass: 1.14e-03 | momentum: 3.42e-01 | wall: 2.65e-02 | inlet: 3.10e-04 | outlet: 4.67e-02 | integral_mass: 7.33e-03
2026-09-23 20:01:36 | INFO     | Epoch [  5950/50000] | Total Loss: 2.2188e+00 | LR: 1.00e-03 | mass: 4.57e-03 | momentum: 3.44e-01 | wall: 2.78e-02 | inlet: 6.19e-04 | outlet: 4.52e-02 | integral_mass: 2.39e-02
2026-09-23 20:01:42 | INFO     | Epoch [  5960/50000] | Total Loss: 1.1156e+00 | LR: 1.00e-03 | mass: 1.41e-03 | momentum: 3.33e-01 | wall: 2.59e-02 | inlet: 2.78e-04 | outlet: 4.62e-02 | integral_mass: 6.48e-03
2026-09-23 20:01:48 | INFO     | Epoch [  5970/50000] | Total Loss: 2.1047e+00 | LR: 1.00e-03 | mass: 1.04e-02 | momentum: 3.34e-01 | wall: 2.72e-02 | inlet: 5.48e-04 | outlet: 4.48e-02 | integral_mass: 2.15e-02
2026-09-23 20:01:53 | INFO     | Epoch [  5980/50000] | Total Loss: 1.3864e+00 | LR: 1.00e-03 | mass: 4.45e-03 | momentum: 3.23e-01 | wall: 2.53e-02 | inlet: 3.91e-04 | outlet: 4.58e-02 | integral_mass: 1.05e-02
2026-09-23 20:01:59 | INFO     | Epoch [  5990/50000] | Total Loss: 1.4866e+00 | LR: 1.00e-03 | mass: 4.18e-03 | momentum: 3.23e-01 | wall: 2.65e-02 | inlet: 3.29e-04 | outlet: 4.45e-02 | integral_mass: 1.30e-02
2026-09-23 20:02:05 | INFO     | Epoch [  6000/50000] | Total Loss: 1.4770e+00 | LR: 1.00e-03 | mass: 2.22e-03 | momentum: 3.14e-01 | wall: 2.49e-02 | inlet: 4.60e-04 | outlet: 4.55e-02 | integral_mass: 1.23e-02
2026-09-23 20:02:11 | INFO     | Epoch [  6010/50000] | Total Loss: 1.5255e+00 | LR: 1.00e-03 | mass: 3.93e-03 | momentum: 3.15e-01 | wall: 2.60e-02 | inlet: 3.77e-04 | outlet: 4.41e-02 | integral_mass: 1.36e-02
2026-09-23 20:02:16 | INFO     | Epoch [  6020/50000] | Total Loss: 1.5905e+00 | LR: 1.00e-03 | mass: 1.11e-02 | momentum: 3.05e-01 | wall: 2.46e-02 | inlet: 5.28e-04 | outlet: 4.51e-02 | integral_mass: 1.24e-02
2026-09-23 20:02:22 | INFO     | Epoch [  6030/50000] | Total Loss: 1.6228e+00 | LR: 1.00e-03 | mass: 1.84e-02 | momentum: 3.08e-01 | wall: 2.56e-02 | inlet: 4.06e-04 | outlet: 4.37e-02 | integral_mass: 1.26e-02
2026-09-23 20:02:28 | INFO     | Epoch [  6040/50000] | Total Loss: 1.5029e+00 | LR: 1.00e-03 | mass: 9.34e-03 | momentum: 2.97e-01 | wall: 2.42e-02 | inlet: 4.90e-04 | outlet: 4.47e-02 | integral_mass: 1.16e-02
2026-09-23 20:02:34 | INFO     | Epoch [  6050/50000] | Total Loss: 1.5328e+00 | LR: 1.00e-03 | mass: 3.74e-03 | momentum: 2.99e-01 | wall: 2.53e-02 | inlet: 3.85e-04 | outlet: 4.34e-02 | integral_mass: 1.41e-02
2026-09-23 20:02:39 | INFO     | Epoch [  6060/50000] | Total Loss: 1.4595e+00 | LR: 1.00e-03 | mass: 1.69e-03 | momentum: 2.90e-01 | wall: 2.37e-02 | inlet: 4.70e-04 | outlet: 4.44e-02 | integral_mass: 1.27e-02
2026-09-23 20:02:45 | INFO     | Epoch [  6070/50000] | Total Loss: 1.4614e+00 | LR: 1.00e-03 | mass: 2.02e-03 | momentum: 2.92e-01 | wall: 2.49e-02 | inlet: 3.57e-04 | outlet: 4.30e-02 | integral_mass: 1.36e-02
2026-09-23 20:02:51 | INFO     | Epoch [  6080/50000] | Total Loss: 1.4026e+00 | LR: 1.00e-03 | mass: 1.39e-03 | momentum: 2.83e-01 | wall: 2.33e-02 | inlet: 4.53e-04 | outlet: 4.39e-02 | integral_mass: 1.20e-02
2026-09-23 20:02:57 | INFO     | Epoch [  6090/50000] | Total Loss: 1.5203e+00 | LR: 1.00e-03 | mass: 2.07e-03 | momentum: 2.86e-01 | wall: 2.45e-02 | inlet: 3.94e-04 | outlet: 4.25e-02 | integral_mass: 1.46e-02
2026-09-23 20:03:02 | INFO     | Epoch [  6100/50000] | Total Loss: 1.3022e+00 | LR: 1.00e-03 | mass: 1.33e-03 | momentum: 2.77e-01 | wall: 2.30e-02 | inlet: 4.14e-04 | outlet: 4.34e-02 | integral_mass: 1.06e-02
2026-09-23 20:03:08 | INFO     | Epoch [  6110/50000] | Total Loss: 1.5863e+00 | LR: 1.00e-03 | mass: 2.24e-03 | momentum: 2.79e-01 | wall: 2.41e-02 | inlet: 4.29e-04 | outlet: 4.20e-02 | integral_mass: 1.57e-02
2026-09-23 20:03:14 | INFO     | Epoch [  6120/50000] | Total Loss: 1.2137e+00 | LR: 1.00e-03 | mass: 1.17e-03 | momentum: 2.71e-01 | wall: 2.27e-02 | inlet: 3.76e-04 | outlet: 4.29e-02 | integral_mass: 9.46e-03
2026-09-23 20:03:19 | INFO     | Epoch [  6130/50000] | Total Loss: 1.6482e+00 | LR: 1.00e-03 | mass: 2.33e-03 | momentum: 2.73e-01 | wall: 2.38e-02 | inlet: 4.62e-04 | outlet: 4.15e-02 | integral_mass: 1.68e-02
2026-09-23 20:03:25 | INFO     | Epoch [  6140/50000] | Total Loss: 1.1359e+00 | LR: 1.00e-03 | mass: 1.05e-03 | momentum: 2.65e-01 | wall: 2.23e-02 | inlet: 3.43e-04 | outlet: 4.24e-02 | integral_mass: 8.46e-03
2026-09-23 20:03:31 | INFO     | Epoch [  6150/50000] | Total Loss: 1.6986e+00 | LR: 1.00e-03 | mass: 2.39e-03 | momentum: 2.67e-01 | wall: 2.35e-02 | inlet: 4.91e-04 | outlet: 4.11e-02 | integral_mass: 1.77e-02
2026-09-23 20:03:37 | INFO     | Epoch [  6160/50000] | Total Loss: 1.0793e+00 | LR: 1.00e-03 | mass: 9.58e-04 | momentum: 2.59e-01 | wall: 2.20e-02 | inlet: 3.19e-04 | outlet: 4.19e-02 | integral_mass: 7.78e-03
2026-09-23 20:03:43 | INFO     | Epoch [  6170/50000] | Total Loss: 1.7050e+00 | LR: 1.00e-03 | mass: 2.39e-03 | momentum: 2.61e-01 | wall: 2.31e-02 | inlet: 5.02e-04 | outlet: 4.06e-02 | integral_mass: 1.79e-02
2026-09-23 20:03:48 | INFO     | Epoch [  6180/50000] | Total Loss: 1.0777e+00 | LR: 1.00e-03 | mass: 9.44e-04 | momentum: 2.53e-01 | wall: 2.17e-02 | inlet: 3.23e-04 | outlet: 4.15e-02 | integral_mass: 7.91e-03
2026-09-23 20:03:54 | INFO     | Epoch [  6190/50000] | Total Loss: 1.5859e+00 | LR: 1.00e-03 | mass: 2.24e-03 | momentum: 2.55e-01 | wall: 2.27e-02 | inlet: 4.56e-04 | outlet: 4.02e-02 | integral_mass: 1.63e-02
2026-09-23 20:04:00 | INFO     | Epoch [  6200/50000] | Total Loss: 1.1927e+00 | LR: 1.00e-03 | mass: 1.13e-03 | momentum: 2.47e-01 | wall: 2.13e-02 | inlet: 3.81e-04 | outlet: 4.11e-02 | integral_mass: 9.79e-03
2026-09-23 20:04:06 | INFO     | Epoch [  6210/50000] | Total Loss: 1.3647e+00 | LR: 1.00e-03 | mass: 1.77e-03 | momentum: 2.49e-01 | wall: 2.23e-02 | inlet: 3.60e-04 | outlet: 3.99e-02 | integral_mass: 1.31e-02
2026-09-23 20:04:11 | INFO     | Epoch [  6220/50000] | Total Loss: 1.3101e+00 | LR: 1.00e-03 | mass: 1.42e-03 | momentum: 2.42e-01 | wall: 2.10e-02 | inlet: 4.38e-04 | outlet: 4.07e-02 | integral_mass: 1.17e-02
2026-09-23 20:04:17 | INFO     | Epoch [  6230/50000] | Total Loss: 1.2992e+00 | LR: 1.00e-03 | mass: 1.84e-03 | momentum: 2.43e-01 | wall: 2.20e-02 | inlet: 3.34e-04 | outlet: 3.95e-02 | integral_mass: 1.22e-02
2026-09-23 20:04:23 | INFO     | Epoch [  6240/50000] | Total Loss: 1.2779e+00 | LR: 1.00e-03 | mass: 1.60e-03 | momentum: 2.37e-01 | wall: 2.07e-02 | inlet: 4.24e-04 | outlet: 4.03e-02 | integral_mass: 1.13e-02
2026-09-23 20:04:29 | INFO     | Epoch [  6250/50000] | Total Loss: 1.3001e+00 | LR: 1.00e-03 | mass: 2.04e-03 | momentum: 2.38e-01 | wall: 2.18e-02 | inlet: 3.39e-04 | outlet: 3.91e-02 | integral_mass: 1.23e-02
2026-09-23 20:04:34 | INFO     | Epoch [  6260/50000] | Total Loss: 1.2680e+00 | LR: 1.00e-03 | mass: 1.76e-03 | momentum: 2.32e-01 | wall: 2.04e-02 | inlet: 4.24e-04 | outlet: 3.99e-02 | integral_mass: 1.13e-02
2026-09-23 20:04:40 | INFO     | Epoch [  6270/50000] | Total Loss: 1.2731e+00 | LR: 1.00e-03 | mass: 2.18e-03 | momentum: 2.33e-01 | wall: 2.15e-02 | inlet: 3.33e-04 | outlet: 3.87e-02 | integral_mass: 1.20e-02
2026-09-23 20:04:46 | INFO     | Epoch [  6280/50000] | Total Loss: 1.2528e+00 | LR: 1.00e-03 | mass: 1.93e-03 | momentum: 2.27e-01 | wall: 2.01e-02 | inlet: 4.22e-04 | outlet: 3.95e-02 | integral_mass: 1.11e-02
2026-09-23 20:04:52 | INFO     | Epoch [  6290/50000] | Total Loss: 1.2559e+00 | LR: 1.00e-03 | mass: 2.45e-03 | momentum: 2.28e-01 | wall: 2.12e-02 | inlet: 3.32e-04 | outlet: 3.83e-02 | integral_mass: 1.17e-02
2026-09-23 20:04:58 | INFO     | Epoch [  6300/50000] | Total Loss: 1.2400e+00 | LR: 1.00e-03 | mass: 2.30e-03 | momentum: 2.22e-01 | wall: 1.99e-02 | inlet: 4.22e-04 | outlet: 3.91e-02 | integral_mass: 1.09e-02
2026-09-23 20:05:04 | INFO     | Epoch [  6310/50000] | Total Loss: 1.2365e+00 | LR: 1.00e-03 | mass: 2.95e-03 | momentum: 2.23e-01 | wall: 2.09e-02 | inlet: 3.31e-04 | outlet: 3.79e-02 | integral_mass: 1.14e-02
2026-09-23 20:05:09 | INFO     | Epoch [  6320/50000] | Total Loss: 1.2247e+00 | LR: 1.00e-03 | mass: 2.78e-03 | momentum: 2.17e-01 | wall: 1.96e-02 | inlet: 4.20e-04 | outlet: 3.87e-02 | integral_mass: 1.07e-02
2026-09-23 20:05:15 | INFO     | Epoch [  6330/50000] | Total Loss: 1.2134e+00 | LR: 1.00e-03 | mass: 3.21e-03 | momentum: 2.18e-01 | wall: 2.06e-02 | inlet: 3.28e-04 | outlet: 3.76e-02 | integral_mass: 1.11e-02
2026-09-23 20:05:21 | INFO     | Epoch [  6340/50000] | Total Loss: 1.2025e+00 | LR: 1.00e-03 | mass: 2.50e-03 | momentum: 2.12e-01 | wall: 1.93e-02 | inlet: 4.15e-04 | outlet: 3.84e-02 | integral_mass: 1.05e-02
2026-09-23 20:05:27 | INFO     | Epoch [  6350/50000] | Total Loss: 1.1916e+00 | LR: 1.00e-03 | mass: 2.41e-03 | momentum: 2.13e-01 | wall: 2.03e-02 | inlet: 3.24e-04 | outlet: 3.73e-02 | integral_mass: 1.10e-02
2026-09-23 20:05:32 | INFO     | Epoch [  6360/50000] | Total Loss: 1.2503e+00 | LR: 1.00e-03 | mass: 4.95e-03 | momentum: 2.07e-01 | wall: 1.90e-02 | inlet: 4.11e-04 | outlet: 3.81e-02 | integral_mass: 1.12e-02
2026-09-23 20:05:38 | INFO     | Epoch [  6370/50000] | Total Loss: 1.4266e+00 | LR: 1.00e-03 | mass: 3.03e-02 | momentum: 2.09e-01 | wall: 2.03e-02 | inlet: 3.01e-04 | outlet: 3.70e-02 | integral_mass: 1.05e-02
2026-09-23 20:05:44 | INFO     | Epoch [  6380/50000] | Total Loss: 1.2069e+00 | LR: 1.00e-03 | mass: 6.61e-03 | momentum: 2.03e-01 | wall: 1.88e-02 | inlet: 3.82e-04 | outlet: 3.78e-02 | integral_mass: 1.04e-02
2026-09-23 20:05:50 | INFO     | Epoch [  6390/50000] | Total Loss: 1.1974e+00 | LR: 1.00e-03 | mass: 2.34e-03 | momentum: 2.04e-01 | wall: 1.98e-02 | inlet: 3.34e-04 | outlet: 3.67e-02 | integral_mass: 1.14e-02
2026-09-23 20:05:55 | INFO     | Epoch [  6400/50000] | Total Loss: 1.2023e+00 | LR: 1.00e-03 | mass: 3.78e-03 | momentum: 1.99e-01 | wall: 1.85e-02 | inlet: 4.06e-04 | outlet: 3.74e-02 | integral_mass: 1.08e-02
2026-09-23 20:06:01 | INFO     | Epoch [  6410/50000] | Total Loss: 1.2090e+00 | LR: 1.00e-03 | mass: 4.72e-03 | momentum: 2.00e-01 | wall: 1.95e-02 | inlet: 3.19e-04 | outlet: 3.63e-02 | integral_mass: 1.14e-02
2026-09-23 20:06:07 | INFO     | Epoch [  6420/50000] | Total Loss: 1.1651e+00 | LR: 1.00e-03 | mass: 2.75e-03 | momentum: 1.95e-01 | wall: 1.83e-02 | inlet: 3.97e-04 | outlet: 3.70e-02 | integral_mass: 1.05e-02
2026-09-23 20:06:13 | INFO     | Epoch [  6430/50000] | Total Loss: 1.1684e+00 | LR: 1.00e-03 | mass: 3.11e-03 | momentum: 1.96e-01 | wall: 1.92e-02 | inlet: 3.18e-04 | outlet: 3.59e-02 | integral_mass: 1.11e-02
2026-09-23 20:06:18 | INFO     | Epoch [  6440/50000] | Total Loss: 1.1587e+00 | LR: 1.00e-03 | mass: 3.17e-03 | momentum: 1.91e-01 | wall: 1.80e-02 | inlet: 3.95e-04 | outlet: 3.66e-02 | integral_mass: 1.04e-02
2026-09-23 20:06:24 | INFO     | Epoch [  6450/50000] | Total Loss: 1.1560e+00 | LR: 1.00e-03 | mass: 3.44e-03 | momentum: 1.92e-01 | wall: 1.90e-02 | inlet: 3.14e-04 | outlet: 3.55e-02 | integral_mass: 1.09e-02
2026-09-23 20:06:30 | INFO     | Epoch [  6460/50000] | Total Loss: 1.1430e+00 | LR: 1.00e-03 | mass: 2.94e-03 | momentum: 1.88e-01 | wall: 1.78e-02 | inlet: 3.93e-04 | outlet: 3.62e-02 | integral_mass: 1.03e-02
2026-09-23 20:06:35 | INFO     | Epoch [  6470/50000] | Total Loss: 1.1380e+00 | LR: 1.00e-03 | mass: 3.02e-03 | momentum: 1.88e-01 | wall: 1.87e-02 | inlet: 3.14e-04 | outlet: 3.52e-02 | integral_mass: 1.08e-02
2026-09-23 20:06:41 | INFO     | Epoch [  6480/50000] | Total Loss: 1.1300e+00 | LR: 1.00e-03 | mass: 2.54e-03 | momentum: 1.84e-01 | wall: 1.76e-02 | inlet: 3.92e-04 | outlet: 3.59e-02 | integral_mass: 1.03e-02
2026-09-23 20:06:47 | INFO     | Epoch [  6490/50000] | Total Loss: 1.1302e+00 | LR: 1.00e-03 | mass: 2.88e-03 | momentum: 1.85e-01 | wall: 1.85e-02 | inlet: 3.15e-04 | outlet: 3.48e-02 | integral_mass: 1.08e-02
2026-09-23 20:06:52 | INFO     | Epoch [  6500/50000] | Total Loss: 1.1427e+00 | LR: 1.00e-03 | mass: 4.01e-03 | momentum: 1.80e-01 | wall: 1.74e-02 | inlet: 3.94e-04 | outlet: 3.55e-02 | integral_mass: 1.03e-02
2026-09-23 20:06:58 | INFO     | Epoch [  6510/50000] | Total Loss: 1.1706e+00 | LR: 1.00e-03 | mass: 8.30e-03 | momentum: 1.82e-01 | wall: 1.83e-02 | inlet: 3.14e-04 | outlet: 3.45e-02 | integral_mass: 1.06e-02
2026-09-23 20:07:03 | INFO     | Epoch [  6520/50000] | Total Loss: 1.1920e+00 | LR: 1.00e-03 | mass: 1.25e-02 | momentum: 1.77e-01 | wall: 1.72e-02 | inlet: 3.85e-04 | outlet: 3.52e-02 | integral_mass: 9.81e-03
2026-09-23 20:07:09 | INFO     | Epoch [  6530/50000] | Total Loss: 1.1767e+00 | LR: 1.00e-03 | mass: 1.16e-02 | momentum: 1.78e-01 | wall: 1.81e-02 | inlet: 3.08e-04 | outlet: 3.41e-02 | integral_mass: 1.03e-02
2026-09-23 20:07:15 | INFO     | Epoch [  6540/50000] | Total Loss: 1.1084e+00 | LR: 1.00e-03 | mass: 5.84e-03 | momentum: 1.73e-01 | wall: 1.70e-02 | inlet: 3.77e-04 | outlet: 3.48e-02 | integral_mass: 9.67e-03
2026-09-23 20:07:20 | INFO     | Epoch [  6550/50000] | Total Loss: 1.0943e+00 | LR: 1.00e-03 | mass: 2.82e-03 | momentum: 1.74e-01 | wall: 1.79e-02 | inlet: 3.12e-04 | outlet: 3.37e-02 | integral_mass: 1.05e-02
2026-09-23 20:07:26 | INFO     | Epoch [  6560/50000] | Total Loss: 1.0755e+00 | LR: 1.00e-03 | mass: 1.72e-03 | momentum: 1.69e-01 | wall: 1.68e-02 | inlet: 3.89e-04 | outlet: 3.44e-02 | integral_mass: 9.84e-03
2026-09-23 20:07:32 | INFO     | Epoch [  6570/50000] | Total Loss: 1.0699e+00 | LR: 1.00e-03 | mass: 2.66e-03 | momentum: 1.71e-01 | wall: 1.76e-02 | inlet: 3.12e-04 | outlet: 3.34e-02 | integral_mass: 1.01e-02
2026-09-23 20:07:37 | INFO     | Epoch [  6580/50000] | Total Loss: 1.0582e+00 | LR: 1.00e-03 | mass: 2.90e-03 | momentum: 1.66e-01 | wall: 1.66e-02 | inlet: 3.79e-04 | outlet: 3.41e-02 | integral_mass: 9.46e-03
2026-09-23 20:07:43 | INFO     | Epoch [  6590/50000] | Total Loss: 1.0492e+00 | LR: 1.00e-03 | mass: 3.26e-03 | momentum: 1.67e-01 | wall: 1.74e-02 | inlet: 3.10e-04 | outlet: 3.31e-02 | integral_mass: 9.75e-03
2026-09-23 20:07:49 | INFO     | Epoch [  6600/50000] | Total Loss: 1.0462e+00 | LR: 1.00e-03 | mass: 2.92e-03 | momentum: 1.62e-01 | wall: 1.64e-02 | inlet: 3.87e-04 | outlet: 3.38e-02 | integral_mass: 9.27e-03
2026-09-23 20:07:54 | INFO     | Epoch [  6610/50000] | Total Loss: 1.1709e+00 | LR: 1.00e-03 | mass: 8.96e-03 | momentum: 1.64e-01 | wall: 1.71e-02 | inlet: 3.79e-04 | outlet: 3.29e-02 | integral_mass: 1.05e-02
2026-09-23 20:08:00 | INFO     | Epoch [  6620/50000] | Total Loss: 1.2260e+00 | LR: 1.00e-03 | mass: 2.26e-02 | momentum: 1.60e-01 | wall: 1.63e-02 | inlet: 4.27e-04 | outlet: 3.36e-02 | integral_mass: 8.60e-03
2026-09-23 20:08:06 | INFO     | Epoch [  6630/50000] | Total Loss: 1.0865e+00 | LR: 1.00e-03 | mass: 4.21e-03 | momentum: 1.60e-01 | wall: 1.71e-02 | inlet: 3.07e-04 | outlet: 3.28e-02 | integral_mass: 1.05e-02
2026-09-23 20:08:11 | INFO     | Epoch [  6640/50000] | Total Loss: 1.0780e+00 | LR: 1.00e-03 | mass: 5.46e-03 | momentum: 1.56e-01 | wall: 1.60e-02 | inlet: 3.93e-04 | outlet: 3.33e-02 | integral_mass: 9.54e-03
2026-09-23 20:08:17 | INFO     | Epoch [  6650/50000] | Total Loss: 1.0741e+00 | LR: 1.00e-03 | mass: 3.66e-03 | momentum: 1.58e-01 | wall: 1.67e-02 | inlet: 3.24e-04 | outlet: 3.23e-02 | integral_mass: 1.04e-02
2026-09-23 20:08:23 | INFO     | Epoch [  6660/50000] | Total Loss: 1.0291e+00 | LR: 1.00e-03 | mass: 1.75e-03 | momentum: 1.53e-01 | wall: 1.58e-02 | inlet: 3.84e-04 | outlet: 3.29e-02 | integral_mass: 9.51e-03
2026-09-23 20:08:29 | INFO     | Epoch [  6670/50000] | Total Loss: 1.0526e+00 | LR: 1.00e-03 | mass: 2.75e-03 | momentum: 1.55e-01 | wall: 1.65e-02 | inlet: 3.22e-04 | outlet: 3.19e-02 | integral_mass: 1.02e-02
2026-09-23 20:08:34 | INFO     | Epoch [  6680/50000] | Total Loss: 1.0298e+00 | LR: 1.00e-03 | mass: 1.75e-03 | momentum: 1.51e-01 | wall: 1.56e-02 | inlet: 3.82e-04 | outlet: 3.25e-02 | integral_mass: 9.63e-03
2026-09-23 20:08:40 | INFO     | Epoch [  6690/50000] | Total Loss: 1.0202e+00 | LR: 1.00e-03 | mass: 1.80e-03 | momentum: 1.52e-01 | wall: 1.64e-02 | inlet: 3.08e-04 | outlet: 3.15e-02 | integral_mass: 1.00e-02
2026-09-23 20:08:46 | INFO     | Epoch [  6700/50000] | Total Loss: 1.0348e+00 | LR: 1.00e-03 | mass: 1.68e-03 | momentum: 1.49e-01 | wall: 1.55e-02 | inlet: 3.88e-04 | outlet: 3.21e-02 | integral_mass: 9.77e-03
2026-09-23 20:08:51 | INFO     | Epoch [  6710/50000] | Total Loss: 9.9407e-01 | LR: 1.00e-03 | mass: 1.68e-03 | momentum: 1.50e-01 | wall: 1.62e-02 | inlet: 2.99e-04 | outlet: 3.12e-02 | integral_mass: 9.70e-03
2026-09-23 20:08:57 | INFO     | Epoch [  6720/50000] | Total Loss: 1.0380e+00 | LR: 1.00e-03 | mass: 1.48e-03 | momentum: 1.46e-01 | wall: 1.53e-02 | inlet: 3.92e-04 | outlet: 3.17e-02 | integral_mass: 9.92e-03
2026-09-23 20:09:03 | INFO     | Epoch [  6730/50000] | Total Loss: 9.6688e-01 | LR: 1.00e-03 | mass: 1.55e-03 | momentum: 1.48e-01 | wall: 1.60e-02 | inlet: 2.89e-04 | outlet: 3.08e-02 | integral_mass: 9.36e-03
2026-09-23 20:09:09 | INFO     | Epoch [  6740/50000] | Total Loss: 1.0461e+00 | LR: 1.00e-03 | mass: 1.47e-03 | momentum: 1.44e-01 | wall: 1.52e-02 | inlet: 3.98e-04 | outlet: 3.13e-02 | integral_mass: 1.01e-02
2026-09-23 20:09:15 | INFO     | Epoch [  6750/50000] | Total Loss: 9.3686e-01 | LR: 1.00e-03 | mass: 1.44e-03 | momentum: 1.45e-01 | wall: 1.59e-02 | inlet: 2.77e-04 | outlet: 3.04e-02 | integral_mass: 8.99e-03
2026-09-23 20:09:22 | INFO     | Epoch [  6760/50000] | Total Loss: 1.0577e+00 | LR: 1.00e-03 | mass: 1.48e-03 | momentum: 1.42e-01 | wall: 1.50e-02 | inlet: 4.05e-04 | outlet: 3.10e-02 | integral_mass: 1.04e-02
2026-09-23 20:09:28 | INFO     | Epoch [  6770/50000] | Total Loss: 9.0579e-01 | LR: 1.00e-03 | mass: 1.37e-03 | momentum: 1.43e-01 | wall: 1.57e-02 | inlet: 2.65e-04 | outlet: 3.01e-02 | integral_mass: 8.59e-03
2026-09-23 20:09:34 | INFO     | Epoch [  6780/50000] | Total Loss: 1.0709e+00 | LR: 1.00e-03 | mass: 1.50e-03 | momentum: 1.39e-01 | wall: 1.49e-02 | inlet: 4.13e-04 | outlet: 3.06e-02 | integral_mass: 1.06e-02
2026-09-23 20:09:40 | INFO     | Epoch [  6790/50000] | Total Loss: 8.7554e-01 | LR: 1.00e-03 | mass: 1.31e-03 | momentum: 1.40e-01 | wall: 1.56e-02 | inlet: 2.53e-04 | outlet: 2.97e-02 | integral_mass: 8.21e-03
2026-09-23 20:09:46 | INFO     | Epoch [  6800/50000] | Total Loss: 1.0839e+00 | LR: 1.00e-03 | mass: 1.52e-03 | momentum: 1.37e-01 | wall: 1.47e-02 | inlet: 4.21e-04 | outlet: 3.02e-02 | integral_mass: 1.09e-02
2026-09-23 20:09:52 | INFO     | Epoch [  6810/50000] | Total Loss: 8.4696e-01 | LR: 1.00e-03 | mass: 1.24e-03 | momentum: 1.38e-01 | wall: 1.54e-02 | inlet: 2.42e-04 | outlet: 2.93e-02 | integral_mass: 7.84e-03
2026-09-23 20:09:58 | INFO     | Epoch [  6820/50000] | Total Loss: 1.0960e+00 | LR: 1.00e-03 | mass: 1.54e-03 | momentum: 1.35e-01 | wall: 1.46e-02 | inlet: 4.28e-04 | outlet: 2.99e-02 | integral_mass: 1.11e-02
2026-09-23 20:10:04 | INFO     | Epoch [  6830/50000] | Total Loss: 8.2044e-01 | LR: 1.00e-03 | mass: 1.18e-03 | momentum: 1.36e-01 | wall: 1.52e-02 | inlet: 2.32e-04 | outlet: 2.90e-02 | integral_mass: 7.51e-03
2026-09-23 20:10:10 | INFO     | Epoch [  6840/50000] | Total Loss: 1.1063e+00 | LR: 1.00e-03 | mass: 1.56e-03 | momentum: 1.33e-01 | wall: 1.44e-02 | inlet: 4.35e-04 | outlet: 2.95e-02 | integral_mass: 1.13e-02
2026-09-23 20:10:16 | INFO     | Epoch [  6850/50000] | Total Loss: 7.9709e-01 | LR: 1.00e-03 | mass: 1.13e-03 | momentum: 1.34e-01 | wall: 1.51e-02 | inlet: 2.23e-04 | outlet: 2.86e-02 | integral_mass: 7.22e-03
2026-09-23 20:10:21 | INFO     | Epoch [  6860/50000] | Total Loss: 1.1122e+00 | LR: 1.00e-03 | mass: 1.61e-03 | momentum: 1.31e-01 | wall: 1.43e-02 | inlet: 4.39e-04 | outlet: 2.92e-02 | integral_mass: 1.15e-02
2026-09-23 20:10:27 | INFO     | Epoch [  6870/50000] | Total Loss: 7.8031e-01 | LR: 1.00e-03 | mass: 1.12e-03 | momentum: 1.31e-01 | wall: 1.49e-02 | inlet: 2.17e-04 | outlet: 2.83e-02 | integral_mass: 7.03e-03
2026-09-23 20:10:33 | INFO     | Epoch [  6880/50000] | Total Loss: 1.1068e+00 | LR: 1.00e-03 | mass: 1.77e-03 | momentum: 1.28e-01 | wall: 1.42e-02 | inlet: 4.37e-04 | outlet: 2.88e-02 | integral_mass: 1.14e-02
2026-09-23 20:10:39 | INFO     | Epoch [  6890/50000] | Total Loss: 7.7855e-01 | LR: 1.00e-03 | mass: 1.23e-03 | momentum: 1.29e-01 | wall: 1.48e-02 | inlet: 2.18e-04 | outlet: 2.79e-02 | integral_mass: 7.04e-03
2026-09-23 20:10:44 | INFO     | Epoch [  6900/50000] | Total Loss: 1.0752e+00 | LR: 1.00e-03 | mass: 2.13e-03 | momentum: 1.26e-01 | wall: 1.40e-02 | inlet: 4.20e-04 | outlet: 2.84e-02 | integral_mass: 1.10e-02
2026-09-23 20:10:50 | INFO     | Epoch [  6910/50000] | Total Loss: 8.0916e-01 | LR: 1.00e-03 | mass: 1.61e-03 | momentum: 1.27e-01 | wall: 1.47e-02 | inlet: 2.33e-04 | outlet: 2.76e-02 | integral_mass: 7.50e-03
2026-09-23 20:10:56 | INFO     | Epoch [  6920/50000] | Total Loss: 9.9593e-01 | LR: 1.00e-03 | mass: 2.59e-03 | momentum: 1.24e-01 | wall: 1.39e-02 | inlet: 3.79e-04 | outlet: 2.81e-02 | integral_mass: 9.78e-03
2026-09-23 20:11:02 | INFO     | Epoch [  6930/50000] | Total Loss: 8.8638e-01 | LR: 1.00e-03 | mass: 2.53e-03 | momentum: 1.25e-01 | wall: 1.46e-02 | inlet: 2.67e-04 | outlet: 2.73e-02 | integral_mass: 8.58e-03
2026-09-23 20:11:08 | INFO     | Epoch [  6940/50000] | Total Loss: 9.0159e-01 | LR: 1.00e-03 | mass: 2.95e-03 | momentum: 1.23e-01 | wall: 1.38e-02 | inlet: 3.30e-04 | outlet: 2.77e-02 | integral_mass: 8.37e-03
2026-09-23 20:11:13 | INFO     | Epoch [  6950/50000] | Total Loss: 9.1693e-01 | LR: 1.00e-03 | mass: 4.15e-03 | momentum: 1.24e-01 | wall: 1.45e-02 | inlet: 2.76e-04 | outlet: 2.69e-02 | integral_mass: 8.84e-03
2026-09-23 20:11:19 | INFO     | Epoch [  6960/50000] | Total Loss: 9.0207e-01 | LR: 1.00e-03 | mass: 5.17e-03 | momentum: 1.21e-01 | wall: 1.37e-02 | inlet: 3.18e-04 | outlet: 2.74e-02 | integral_mass: 8.12e-03
2026-09-23 20:11:25 | INFO     | Epoch [  6970/50000] | Total Loss: 9.0670e-01 | LR: 1.00e-03 | mass: 8.27e-03 | momentum: 1.22e-01 | wall: 1.44e-02 | inlet: 2.54e-04 | outlet: 2.67e-02 | integral_mass: 8.08e-03
2026-09-23 20:11:31 | INFO     | Epoch [  6980/50000] | Total Loss: 9.0832e-01 | LR: 1.00e-03 | mass: 1.86e-02 | momentum: 1.20e-01 | wall: 1.36e-02 | inlet: 2.63e-04 | outlet: 2.71e-02 | integral_mass: 6.16e-03
2026-09-23 20:11:37 | INFO     | Epoch [  6990/50000] | Total Loss: 1.2856e+00 | LR: 1.00e-03 | mass: 7.94e-02 | momentum: 1.24e-01 | wall: 1.45e-02 | inlet: 3.06e-04 | outlet: 2.68e-02 | integral_mass: 8.52e-04
2026-09-23 20:11:42 | INFO     | Epoch [  7000/50000] | Total Loss: 1.0391e+00 | LR: 1.00e-03 | mass: 5.50e-02 | momentum: 1.23e-01 | wall: 1.37e-02 | inlet: 3.48e-04 | outlet: 2.70e-02 | integral_mass: 5.48e-04
2026-09-23 20:11:48 | INFO     | Epoch [  7010/50000] | Total Loss: 1.0146e+00 | LR: 1.00e-03 | mass: 5.51e-02 | momentum: 1.23e-01 | wall: 1.40e-02 | inlet: 3.26e-04 | outlet: 2.69e-02 | integral_mass: 2.04e-04
2026-09-23 20:11:54 | INFO     | Epoch [  7020/50000] | Total Loss: 8.5585e-01 | LR: 1.00e-03 | mass: 4.09e-02 | momentum: 1.21e-01 | wall: 1.34e-02 | inlet: 3.29e-04 | outlet: 2.69e-02 | integral_mass: 1.27e-05
2026-09-23 20:12:00 | INFO     | Epoch [  7030/50000] | Total Loss: 2.7189e+00 | LR: 1.00e-03 | mass: 1.13e-01 | momentum: 1.45e-01 | wall: 1.37e-02 | inlet: 1.36e-03 | outlet: 2.66e-02 | integral_mass: 1.20e-02
2026-09-23 20:12:06 | INFO     | Epoch [  7040/50000] | Total Loss: 1.0534e+00 | LR: 1.00e-03 | mass: 4.82e-02 | momentum: 1.17e-01 | wall: 1.35e-02 | inlet: 4.54e-04 | outlet: 2.66e-02 | integral_mass: 1.32e-03
2026-09-23 20:12:11 | INFO     | Epoch [  7050/50000] | Total Loss: 8.0116e-01 | LR: 1.00e-03 | mass: 3.44e-02 | momentum: 1.23e-01 | wall: 1.32e-02 | inlet: 3.45e-04 | outlet: 2.67e-02 | integral_mass: 6.16e-05
2026-09-23 20:12:17 | INFO     | Epoch [  7060/50000] | Total Loss: 9.2028e-01 | LR: 1.00e-03 | mass: 4.16e-02 | momentum: 1.14e-01 | wall: 1.29e-02 | inlet: 4.35e-04 | outlet: 2.62e-02 | integral_mass: 3.30e-04
2026-09-23 20:12:23 | INFO     | Epoch [  7070/50000] | Total Loss: 5.2080e-01 | LR: 1.00e-03 | mass: 1.07e-02 | momentum: 1.09e-01 | wall: 1.25e-02 | inlet: 2.37e-04 | outlet: 2.61e-02 | integral_mass: 7.09e-04
2026-09-23 20:12:29 | INFO     | Epoch [  7080/50000] | Total Loss: 8.1784e-01 | LR: 1.00e-03 | mass: 3.81e-02 | momentum: 1.10e-01 | wall: 1.23e-02 | inlet: 3.57e-04 | outlet: 2.58e-02 | integral_mass: 2.97e-06
2026-09-23 20:12:34 | INFO     | Epoch [  7090/50000] | Total Loss: 7.2764e-01 | LR: 1.00e-03 | mass: 2.47e-02 | momentum: 1.04e-01 | wall: 1.23e-02 | inlet: 4.28e-04 | outlet: 2.56e-02 | integral_mass: 2.84e-04
2026-09-23 20:12:40 | INFO     | Epoch [  7100/50000] | Total Loss: 4.8699e-01 | LR: 1.00e-03 | mass: 1.02e-02 | momentum: 1.02e-01 | wall: 1.17e-02 | inlet: 1.87e-04 | outlet: 2.55e-02 | integral_mass: 9.54e-04
2026-09-23 20:12:46 | INFO     | Epoch [  7110/50000] | Total Loss: 5.9679e-01 | LR: 1.00e-03 | mass: 1.09e-02 | momentum: 9.92e-02 | wall: 1.15e-02 | inlet: 2.58e-04 | outlet: 2.53e-02 | integral_mass: 2.39e-03
2026-09-23 20:12:52 | INFO     | Epoch [  7120/50000] | Total Loss: 6.3447e-01 | LR: 1.00e-03 | mass: 1.26e-02 | momentum: 9.66e-02 | wall: 1.14e-02 | inlet: 3.62e-04 | outlet: 2.49e-02 | integral_mass: 1.84e-03
2026-09-23 20:12:57 | INFO     | Epoch [  7130/50000] | Total Loss: 1.3780e+00 | LR: 1.00e-03 | mass: 5.02e-02 | momentum: 9.95e-02 | wall: 1.14e-02 | inlet: 1.12e-03 | outlet: 2.47e-02 | integral_mass: 1.56e-03
2026-09-23 20:13:03 | INFO     | Epoch [  7140/50000] | Total Loss: 1.7516e+00 | LR: 1.00e-03 | mass: 5.36e-02 | momentum: 9.66e-02 | wall: 1.14e-02 | inlet: 1.08e-03 | outlet: 2.48e-02 | integral_mass: 8.77e-03
2026-09-23 20:13:09 | INFO     | Epoch [  7150/50000] | Total Loss: 2.0005e+00 | LR: 1.00e-03 | mass: 4.73e-02 | momentum: 9.85e-02 | wall: 1.23e-02 | inlet: 1.19e-03 | outlet: 2.38e-02 | integral_mass: 1.38e-02
2026-09-23 20:13:15 | INFO     | Epoch [  7160/50000] | Total Loss: 1.5193e+00 | LR: 1.00e-03 | mass: 1.33e-02 | momentum: 9.15e-02 | wall: 1.16e-02 | inlet: 7.79e-04 | outlet: 2.50e-02 | integral_mass: 1.53e-02
2026-09-23 20:13:21 | INFO     | Epoch [  7170/50000] | Total Loss: 6.3446e-01 | LR: 1.00e-03 | mass: 3.02e-03 | momentum: 9.18e-02 | wall: 1.19e-02 | inlet: 2.04e-04 | outlet: 2.41e-02 | integral_mass: 5.34e-03
2026-09-23 20:13:26 | INFO     | Epoch [  7180/50000] | Total Loss: 1.2852e+00 | LR: 1.00e-03 | mass: 3.38e-03 | momentum: 8.99e-02 | wall: 1.11e-02 | inlet: 5.87e-04 | outlet: 2.47e-02 | integral_mass: 1.46e-02
2026-09-23 20:13:32 | INFO     | Epoch [  7190/50000] | Total Loss: 6.6016e-01 | LR: 1.00e-03 | mass: 1.56e-03 | momentum: 9.09e-02 | wall: 1.16e-02 | inlet: 2.16e-04 | outlet: 2.39e-02 | integral_mass: 6.12e-03
2026-09-23 20:13:38 | INFO     | Epoch [  7200/50000] | Total Loss: 1.0233e+00 | LR: 1.00e-03 | mass: 1.59e-03 | momentum: 8.85e-02 | wall: 1.10e-02 | inlet: 4.54e-04 | outlet: 2.44e-02 | integral_mass: 1.12e-02
2026-09-23 20:13:44 | INFO     | Epoch [  7210/50000] | Total Loss: 6.7702e-01 | LR: 1.00e-03 | mass: 7.89e-04 | momentum: 8.95e-02 | wall: 1.15e-02 | inlet: 2.23e-04 | outlet: 2.36e-02 | integral_mass: 6.60e-03
2026-09-23 20:13:49 | INFO     | Epoch [  7220/50000] | Total Loss: 1.0576e+00 | LR: 1.00e-03 | mass: 1.09e-03 | momentum: 8.73e-02 | wall: 1.09e-02 | inlet: 4.74e-04 | outlet: 2.42e-02 | integral_mass: 1.18e-02
2026-09-23 20:13:55 | INFO     | Epoch [  7230/50000] | Total Loss: 6.1360e-01 | LR: 1.00e-03 | mass: 7.62e-04 | momentum: 8.84e-02 | wall: 1.14e-02 | inlet: 1.88e-04 | outlet: 2.34e-02 | integral_mass: 5.73e-03
2026-09-23 20:14:01 | INFO     | Epoch [  7240/50000] | Total Loss: 1.1331e+00 | LR: 1.00e-03 | mass: 1.28e-03 | momentum: 8.63e-02 | wall: 1.08e-02 | inlet: 5.03e-04 | outlet: 2.39e-02 | integral_mass: 1.30e-02
2026-09-23 20:14:07 | INFO     | Epoch [  7250/50000] | Total Loss: 5.4816e-01 | LR: 1.00e-03 | mass: 5.59e-04 | momentum: 8.71e-02 | wall: 1.13e-02 | inlet: 1.59e-04 | outlet: 2.32e-02 | integral_mass: 4.80e-03
2026-09-23 20:14:13 | INFO     | Epoch [  7260/50000] | Total Loss: 1.2001e+00 | LR: 1.00e-03 | mass: 1.22e-03 | momentum: 8.53e-02 | wall: 1.07e-02 | inlet: 5.40e-04 | outlet: 2.36e-02 | integral_mass: 1.40e-02
2026-09-23 20:14:18 | INFO     | Epoch [  7270/50000] | Total Loss: 5.1059e-01 | LR: 1.00e-03 | mass: 7.41e-04 | momentum: 8.62e-02 | wall: 1.12e-02 | inlet: 1.44e-04 | outlet: 2.29e-02 | integral_mass: 4.20e-03
2026-09-23 20:14:24 | INFO     | Epoch [  7280/50000] | Total Loss: 1.2438e+00 | LR: 1.00e-03 | mass: 1.67e-03 | momentum: 8.44e-02 | wall: 1.07e-02 | inlet: 5.62e-04 | outlet: 2.33e-02 | integral_mass: 1.46e-02
2026-09-23 20:14:30 | INFO     | Epoch [  7290/50000] | Total Loss: 5.1411e-01 | LR: 1.00e-03 | mass: 1.21e-03 | momentum: 8.54e-02 | wall: 1.11e-02 | inlet: 1.56e-04 | outlet: 2.25e-02 | integral_mass: 4.09e-03
2026-09-23 20:14:36 | INFO     | Epoch [  7300/50000] | Total Loss: 1.1371e+00 | LR: 1.00e-03 | mass: 1.78e-03 | momentum: 8.37e-02 | wall: 1.06e-02 | inlet: 5.14e-04 | outlet: 2.30e-02 | integral_mass: 1.30e-02
2026-09-23 20:14:41 | INFO     | Epoch [  7310/50000] | Total Loss: 6.5755e-01 | LR: 1.00e-03 | mass: 2.57e-03 | momentum: 8.54e-02 | wall: 1.12e-02 | inlet: 2.74e-04 | outlet: 2.23e-02 | integral_mass: 5.51e-03
2026-09-23 20:14:47 | INFO     | Epoch [  7320/50000] | Total Loss: 1.0058e+00 | LR: 1.00e-03 | mass: 1.95e-03 | momentum: 8.24e-02 | wall: 1.06e-02 | inlet: 4.69e-04 | outlet: 2.26e-02 | integral_mass: 1.08e-02
2026-09-23 20:14:53 | INFO     | Epoch [  7330/50000] | Total Loss: 6.5982e-01 | LR: 1.00e-03 | mass: 2.17e-03 | momentum: 8.40e-02 | wall: 1.11e-02 | inlet: 2.36e-04 | outlet: 2.19e-02 | integral_mass: 6.06e-03
2026-09-23 20:14:59 | INFO     | Epoch [  7340/50000] | Total Loss: 9.6900e-01 | LR: 1.00e-03 | mass: 1.49e-03 | momentum: 8.15e-02 | wall: 1.06e-02 | inlet: 4.17e-04 | outlet: 2.24e-02 | integral_mass: 1.07e-02
2026-09-23 20:15:04 | INFO     | Epoch [  7350/50000] | Total Loss: 6.5664e-01 | LR: 1.00e-03 | mass: 1.74e-03 | momentum: 8.31e-02 | wall: 1.11e-02 | inlet: 2.65e-04 | outlet: 2.17e-02 | integral_mass: 5.81e-03
2026-09-23 20:15:10 | INFO     | Epoch [  7360/50000] | Total Loss: 9.9650e-01 | LR: 1.00e-03 | mass: 1.45e-03 | momentum: 8.04e-02 | wall: 1.05e-02 | inlet: 4.67e-04 | outlet: 2.20e-02 | integral_mass: 1.08e-02
2026-09-23 20:15:16 | INFO     | Epoch [  7370/50000] | Total Loss: 6.1180e-01 | LR: 1.00e-03 | mass: 1.61e-03 | momentum: 8.19e-02 | wall: 1.10e-02 | inlet: 2.01e-04 | outlet: 2.14e-02 | integral_mass: 5.64e-03
2026-09-23 20:15:22 | INFO     | Epoch [  7380/50000] | Total Loss: 9.7715e-01 | LR: 1.00e-03 | mass: 1.44e-03 | momentum: 7.98e-02 | wall: 1.05e-02 | inlet: 4.11e-04 | outlet: 2.18e-02 | integral_mass: 1.10e-02
2026-09-23 20:15:27 | INFO     | Epoch [  7390/50000] | Total Loss: 6.2324e-01 | LR: 1.00e-03 | mass: 1.46e-03 | momentum: 8.11e-02 | wall: 1.10e-02 | inlet: 2.50e-04 | outlet: 2.11e-02 | integral_mass: 5.43e-03
2026-09-23 20:15:33 | INFO     | Epoch [  7400/50000] | Total Loss: 9.9703e-01 | LR: 1.00e-03 | mass: 1.38e-03 | momentum: 7.88e-02 | wall: 1.04e-02 | inlet: 4.75e-04 | outlet: 2.15e-02 | integral_mass: 1.08e-02
2026-09-23 20:15:39 | INFO     | Epoch [  7410/50000] | Total Loss: 5.9762e-01 | LR: 1.00e-03 | mass: 1.55e-03 | momentum: 8.01e-02 | wall: 1.09e-02 | inlet: 2.01e-04 | outlet: 2.08e-02 | integral_mass: 5.44e-03
2026-09-23 20:15:44 | INFO     | Epoch [  7420/50000] | Total Loss: 9.5661e-01 | LR: 1.00e-03 | mass: 1.41e-03 | momentum: 7.82e-02 | wall: 1.04e-02 | inlet: 3.98e-04 | outlet: 2.12e-02 | integral_mass: 1.08e-02
2026-09-23 20:15:50 | INFO     | Epoch [  7430/50000] | Total Loss: 6.2426e-01 | LR: 1.00e-03 | mass: 1.45e-03 | momentum: 7.92e-02 | wall: 1.09e-02 | inlet: 2.53e-04 | outlet: 2.05e-02 | integral_mass: 5.49e-03
2026-09-23 20:15:56 | INFO     | Epoch [  7440/50000] | Total Loss: 9.4793e-01 | LR: 1.00e-03 | mass: 1.22e-03 | momentum: 7.70e-02 | wall: 1.03e-02 | inlet: 4.48e-04 | outlet: 2.09e-02 | integral_mass: 1.02e-02
2026-09-23 20:16:02 | INFO     | Epoch [  7450/50000] | Total Loss: 6.1390e-01 | LR: 1.00e-03 | mass: 1.40e-03 | momentum: 7.81e-02 | wall: 1.08e-02 | inlet: 2.15e-04 | outlet: 2.02e-02 | integral_mass: 5.73e-03
2026-09-23 20:16:07 | INFO     | Epoch [  7460/50000] | Total Loss: 8.9696e-01 | LR: 1.00e-03 | mass: 1.13e-03 | momentum: 7.63e-02 | wall: 1.03e-02 | inlet: 3.72e-04 | outlet: 2.06e-02 | integral_mass: 1.00e-02
2026-09-23 20:16:13 | INFO     | Epoch [  7470/50000] | Total Loss: 6.2745e-01 | LR: 1.00e-03 | mass: 1.21e-03 | momentum: 7.70e-02 | wall: 1.07e-02 | inlet: 2.36e-04 | outlet: 2.00e-02 | integral_mass: 5.86e-03
2026-09-23 20:16:18 | INFO     | Epoch [  7480/50000] | Total Loss: 8.9055e-01 | LR: 1.00e-03 | mass: 1.01e-03 | momentum: 7.52e-02 | wall: 1.02e-02 | inlet: 4.02e-04 | outlet: 2.03e-02 | integral_mass: 9.63e-03
2026-09-23 20:16:24 | INFO     | Epoch [  7490/50000] | Total Loss: 6.0725e-01 | LR: 1.00e-03 | mass: 1.04e-03 | momentum: 7.59e-02 | wall: 1.06e-02 | inlet: 2.06e-04 | outlet: 1.97e-02 | integral_mass: 5.83e-03
2026-09-23 20:16:30 | INFO     | Epoch [  7500/50000] | Total Loss: 8.8166e-01 | LR: 1.00e-03 | mass: 9.89e-04 | momentum: 7.44e-02 | wall: 1.02e-02 | inlet: 3.71e-04 | outlet: 2.01e-02 | integral_mass: 9.80e-03
2026-09-23 20:16:35 | INFO     | Epoch [  7510/50000] | Total Loss: 5.9101e-01 | LR: 1.00e-03 | mass: 9.58e-04 | momentum: 7.50e-02 | wall: 1.06e-02 | inlet: 2.03e-04 | outlet: 1.94e-02 | integral_mass: 5.58e-03
2026-09-23 20:16:41 | INFO     | Epoch [  7520/50000] | Total Loss: 9.0574e-01 | LR: 1.00e-03 | mass: 1.04e-03 | momentum: 7.35e-02 | wall: 1.01e-02 | inlet: 4.00e-04 | outlet: 1.98e-02 | integral_mass: 1.00e-02
2026-09-23 20:16:47 | INFO     | Epoch [  7530/50000] | Total Loss: 5.6135e-01 | LR: 1.00e-03 | mass: 9.07e-04 | momentum: 7.41e-02 | wall: 1.05e-02 | inlet: 1.86e-04 | outlet: 1.92e-02 | integral_mass: 5.22e-03
2026-09-23 20:16:52 | INFO     | Epoch [  7540/50000] | Total Loss: 9.2305e-01 | LR: 1.00e-03 | mass: 1.09e-03 | momentum: 7.27e-02 | wall: 1.01e-02 | inlet: 3.97e-04 | outlet: 1.95e-02 | integral_mass: 1.04e-02
2026-09-23 20:16:58 | INFO     | Epoch [  7550/50000] | Total Loss: 5.4801e-01 | LR: 1.00e-03 | mass: 1.03e-03 | momentum: 7.32e-02 | wall: 1.05e-02 | inlet: 1.87e-04 | outlet: 1.89e-02 | integral_mass: 4.95e-03
2026-09-23 20:17:04 | INFO     | Epoch [  7560/50000] | Total Loss: 9.3569e-01 | LR: 1.00e-03 | mass: 1.24e-03 | momentum: 7.18e-02 | wall: 9.97e-03 | inlet: 4.17e-04 | outlet: 1.93e-02 | integral_mass: 1.05e-02
2026-09-23 20:17:10 | INFO     | Epoch [  7570/50000] | Total Loss: 5.4962e-01 | LR: 1.00e-03 | mass: 1.22e-03 | momentum: 7.24e-02 | wall: 1.04e-02 | inlet: 1.98e-04 | outlet: 1.87e-02 | integral_mass: 4.87e-03
2026-09-23 20:17:15 | INFO     | Epoch [  7580/50000] | Total Loss: 9.1002e-01 | LR: 1.00e-03 | mass: 1.26e-03 | momentum: 7.10e-02 | wall: 9.94e-03 | inlet: 3.97e-04 | outlet: 1.90e-02 | integral_mass: 1.02e-02
2026-09-23 20:17:21 | INFO     | Epoch [  7590/50000] | Total Loss: 5.7543e-01 | LR: 1.00e-03 | mass: 1.48e-03 | momentum: 7.16e-02 | wall: 1.03e-02 | inlet: 2.18e-04 | outlet: 1.84e-02 | integral_mass: 5.17e-03
2026-09-23 20:17:27 | INFO     | Epoch [  7600/50000] | Total Loss: 8.7926e-01 | LR: 1.00e-03 | mass: 1.32e-03 | momentum: 7.02e-02 | wall: 9.87e-03 | inlet: 3.94e-04 | outlet: 1.88e-02 | integral_mass: 9.63e-03
2026-09-23 20:17:32 | INFO     | Epoch [  7610/50000] | Total Loss: 5.8346e-01 | LR: 1.00e-03 | mass: 1.44e-03 | momentum: 7.08e-02 | wall: 1.03e-02 | inlet: 2.27e-04 | outlet: 1.82e-02 | integral_mass: 5.27e-03
2026-09-23 20:17:38 | INFO     | Epoch [  7620/50000] | Total Loss: 8.5189e-01 | LR: 1.00e-03 | mass: 1.21e-03 | momentum: 6.94e-02 | wall: 9.84e-03 | inlet: 3.68e-04 | outlet: 1.85e-02 | integral_mass: 9.39e-03
2026-09-23 20:17:44 | INFO     | Epoch [  7630/50000] | Total Loss: 5.8220e-01 | LR: 1.00e-03 | mass: 1.33e-03 | momentum: 7.00e-02 | wall: 1.02e-02 | inlet: 2.15e-04 | outlet: 1.79e-02 | integral_mass: 5.42e-03
2026-09-23 20:17:49 | INFO     | Epoch [  7640/50000] | Total Loss: 8.4505e-01 | LR: 1.00e-03 | mass: 1.25e-03 | momentum: 6.86e-02 | wall: 9.76e-03 | inlet: 3.72e-04 | outlet: 1.83e-02 | integral_mass: 9.24e-03
2026-09-23 20:17:55 | INFO     | Epoch [  7650/50000] | Total Loss: 5.7136e-01 | LR: 1.00e-03 | mass: 1.19e-03 | momentum: 6.92e-02 | wall: 1.02e-02 | inlet: 2.12e-04 | outlet: 1.77e-02 | integral_mass: 5.30e-03
2026-09-23 20:18:01 | INFO     | Epoch [  7660/50000] | Total Loss: 8.2512e-01 | LR: 1.00e-03 | mass: 1.27e-03 | momentum: 6.78e-02 | wall: 9.72e-03 | inlet: 3.52e-04 | outlet: 1.80e-02 | integral_mass: 9.06e-03
2026-09-23 20:18:07 | INFO     | Epoch [  7670/50000] | Total Loss: 5.7755e-01 | LR: 1.00e-03 | mass: 1.13e-03 | momentum: 6.83e-02 | wall: 1.01e-02 | inlet: 2.02e-04 | outlet: 1.75e-02 | integral_mass: 5.57e-03
2026-09-23 20:18:13 | INFO     | Epoch [  7680/50000] | Total Loss: 7.8733e-01 | LR: 1.00e-03 | mass: 1.41e-03 | momentum: 6.71e-02 | wall: 9.65e-03 | inlet: 3.35e-04 | outlet: 1.78e-02 | integral_mass: 8.49e-03
2026-09-23 20:18:19 | INFO     | Epoch [  7690/50000] | Total Loss: 6.0468e-01 | LR: 1.00e-03 | mass: 1.18e-03 | momentum: 6.76e-02 | wall: 1.00e-02 | inlet: 2.15e-04 | outlet: 1.73e-02 | integral_mass: 6.00e-03
2026-09-23 20:18:25 | INFO     | Epoch [  7700/50000] | Total Loss: 7.1559e-01 | LR: 1.00e-03 | mass: 1.46e-03 | momentum: 6.63e-02 | wall: 9.60e-03 | inlet: 2.95e-04 | outlet: 1.76e-02 | integral_mass: 7.47e-03
2026-09-23 20:18:31 | INFO     | Epoch [  7710/50000] | Total Loss: 6.5261e-01 | LR: 1.00e-03 | mass: 1.47e-03 | momentum: 6.68e-02 | wall: 1.00e-02 | inlet: 2.28e-04 | outlet: 1.71e-02 | integral_mass: 6.80e-03
2026-09-23 20:18:37 | INFO     | Epoch [  7720/50000] | Total Loss: 6.7109e-01 | LR: 1.00e-03 | mass: 1.67e-03 | momentum: 6.55e-02 | wall: 9.55e-03 | inlet: 2.76e-04 | outlet: 1.74e-02 | integral_mass: 6.77e-03
2026-09-23 20:18:42 | INFO     | Epoch [  7730/50000] | Total Loss: 6.5781e-01 | LR: 1.00e-03 | mass: 2.02e-03 | momentum: 6.61e-02 | wall: 9.94e-03 | inlet: 2.32e-04 | outlet: 1.69e-02 | integral_mass: 6.79e-03
2026-09-23 20:18:48 | INFO     | Epoch [  7740/50000] | Total Loss: 6.6025e-01 | LR: 1.00e-03 | mass: 2.41e-03 | momentum: 6.47e-02 | wall: 9.49e-03 | inlet: 2.65e-04 | outlet: 1.72e-02 | integral_mass: 6.54e-03
2026-09-23 20:18:54 | INFO     | Epoch [  7750/50000] | Total Loss: 6.5454e-01 | LR: 1.00e-03 | mass: 3.21e-03 | momentum: 6.52e-02 | wall: 9.87e-03 | inlet: 2.22e-04 | outlet: 1.67e-02 | integral_mass: 6.62e-03
2026-09-23 20:19:00 | INFO     | Epoch [  7760/50000] | Total Loss: 6.4768e-01 | LR: 1.00e-03 | mass: 4.71e-03 | momentum: 6.41e-02 | wall: 9.43e-03 | inlet: 2.42e-04 | outlet: 1.70e-02 | integral_mass: 6.09e-03
2026-09-23 20:19:06 | INFO     | Epoch [  7770/50000] | Total Loss: 6.5714e-01 | LR: 1.00e-03 | mass: 1.15e-02 | momentum: 6.45e-02 | wall: 9.82e-03 | inlet: 1.89e-04 | outlet: 1.66e-02 | integral_mass: 5.37e-03
2026-09-23 20:19:11 | INFO     | Epoch [  7780/50000] | Total Loss: 8.4471e-01 | LR: 1.00e-03 | mass: 4.47e-02 | momentum: 6.64e-02 | wall: 9.56e-03 | inlet: 2.50e-04 | outlet: 1.69e-02 | integral_mass: 1.88e-03
2026-09-23 20:19:17 | INFO     | Epoch [  7790/50000] | Total Loss: 8.1053e-01 | LR: 1.00e-03 | mass: 4.54e-02 | momentum: 6.52e-02 | wall: 9.90e-03 | inlet: 2.51e-04 | outlet: 1.66e-02 | integral_mass: 1.01e-03
2026-09-23 20:19:23 | INFO     | Epoch [  7800/50000] | Total Loss: 7.3559e-01 | LR: 1.00e-03 | mass: 4.17e-02 | momentum: 6.61e-02 | wall: 9.37e-03 | inlet: 2.50e-04 | outlet: 1.68e-02 | integral_mass: 3.48e-04
2026-09-23 20:19:28 | INFO     | Epoch [  7810/50000] | Total Loss: 6.5474e-01 | LR: 1.00e-03 | mass: 3.64e-02 | momentum: 6.50e-02 | wall: 9.65e-03 | inlet: 1.92e-04 | outlet: 1.65e-02 | integral_mass: 3.30e-04
2026-09-23 20:19:34 | INFO     | Epoch [  7820/50000] | Total Loss: 6.4504e-01 | LR: 1.00e-03 | mass: 3.14e-02 | momentum: 6.64e-02 | wall: 9.08e-03 | inlet: 3.15e-04 | outlet: 1.65e-02 | integral_mass: 6.96e-09
2026-09-23 20:19:40 | INFO     | Epoch [  7830/50000] | Total Loss: 6.5752e-01 | LR: 1.00e-03 | mass: 3.42e-02 | momentum: 6.75e-02 | wall: 9.06e-03 | inlet: 2.44e-04 | outlet: 1.63e-02 | integral_mass: 3.86e-04
2026-09-23 20:19:46 | INFO     | Epoch [  7840/50000] | Total Loss: 6.5290e-01 | LR: 1.00e-03 | mass: 1.43e-02 | momentum: 6.29e-02 | wall: 8.70e-03 | inlet: 4.52e-04 | outlet: 1.63e-02 | integral_mass: 2.35e-03
2026-09-23 20:19:51 | INFO     | Epoch [  7850/50000] | Total Loss: 8.8654e-01 | LR: 1.00e-03 | mass: 2.47e-02 | momentum: 6.49e-02 | wall: 9.46e-03 | inlet: 4.48e-04 | outlet: 1.60e-02 | integral_mass: 4.80e-03
2026-09-23 20:19:57 | INFO     | Epoch [  7860/50000] | Total Loss: 7.6606e-01 | LR: 1.00e-03 | mass: 1.19e-02 | momentum: 6.16e-02 | wall: 8.81e-03 | inlet: 4.11e-04 | outlet: 1.64e-02 | integral_mass: 5.51e-03
2026-09-23 20:20:03 | INFO     | Epoch [  7870/50000] | Total Loss: 5.3227e-01 | LR: 1.00e-03 | mass: 3.55e-03 | momentum: 6.17e-02 | wall: 9.09e-03 | inlet: 2.19e-04 | outlet: 1.59e-02 | integral_mass: 4.37e-03
2026-09-23 20:20:08 | INFO     | Epoch [  7880/50000] | Total Loss: 7.0218e-01 | LR: 1.00e-03 | mass: 1.99e-03 | momentum: 6.00e-02 | wall: 8.56e-03 | inlet: 3.34e-04 | outlet: 1.62e-02 | integral_mass: 7.07e-03
2026-09-23 20:20:14 | INFO     | Epoch [  7890/50000] | Total Loss: 4.9220e-01 | LR: 1.00e-03 | mass: 1.03e-03 | momentum: 6.03e-02 | wall: 8.86e-03 | inlet: 1.82e-04 | outlet: 1.57e-02 | integral_mass: 4.52e-03
2026-09-23 20:20:20 | INFO     | Epoch [  7900/50000] | Total Loss: 6.8234e-01 | LR: 1.00e-03 | mass: 1.05e-03 | momentum: 5.87e-02 | wall: 8.51e-03 | inlet: 3.09e-04 | outlet: 1.60e-02 | integral_mass: 7.15e-03
2026-09-23 20:20:25 | INFO     | Epoch [  7910/50000] | Total Loss: 4.3665e-01 | LR: 1.00e-03 | mass: 5.23e-04 | momentum: 5.92e-02 | wall: 8.81e-03 | inlet: 1.37e-04 | outlet: 1.55e-02 | integral_mass: 4.00e-03
2026-09-23 20:20:31 | INFO     | Epoch [  7920/50000] | Total Loss: 7.5846e-01 | LR: 1.00e-03 | mass: 9.69e-04 | momentum: 5.78e-02 | wall: 8.45e-03 | inlet: 3.46e-04 | outlet: 1.58e-02 | integral_mass: 8.36e-03
2026-09-23 20:20:37 | INFO     | Epoch [  7930/50000] | Total Loss: 3.6272e-01 | LR: 1.00e-03 | mass: 4.12e-04 | momentum: 5.81e-02 | wall: 8.73e-03 | inlet: 1.02e-04 | outlet: 1.53e-02 | integral_mass: 2.94e-03
2026-09-23 20:20:42 | INFO     | Epoch [  7940/50000] | Total Loss: 8.6477e-01 | LR: 1.00e-03 | mass: 1.15e-03 | momentum: 5.68e-02 | wall: 8.39e-03 | inlet: 3.99e-04 | outlet: 1.56e-02 | integral_mass: 9.94e-03
2026-09-23 20:20:48 | INFO     | Epoch [  7950/50000] | Total Loss: 3.0473e-01 | LR: 1.00e-03 | mass: 4.90e-04 | momentum: 5.71e-02 | wall: 8.65e-03 | inlet: 7.45e-05 | outlet: 1.51e-02 | integral_mass: 2.08e-03
2026-09-23 20:20:54 | INFO     | Epoch [  7960/50000] | Total Loss: 8.9087e-01 | LR: 1.00e-03 | mass: 3.60e-03 | momentum: 5.59e-02 | wall: 8.36e-03 | inlet: 4.18e-04 | outlet: 1.53e-02 | integral_mass: 9.82e-03
2026-09-23 20:21:00 | INFO     | Epoch [  7970/50000] | Total Loss: 5.0565e-01 | LR: 1.00e-03 | mass: 3.77e-03 | momentum: 5.66e-02 | wall: 8.64e-03 | inlet: 1.77e-04 | outlet: 1.48e-02 | integral_mass: 4.44e-03
2026-09-23 20:21:05 | INFO     | Epoch [  7980/50000] | Total Loss: 4.8861e-01 | LR: 1.00e-03 | mass: 1.90e-03 | momentum: 5.50e-02 | wall: 8.37e-03 | inlet: 1.99e-04 | outlet: 1.50e-02 | integral_mass: 4.32e-03
2026-09-23 20:21:11 | INFO     | Epoch [  7990/50000] | Total Loss: 5.2496e-01 | LR: 1.00e-03 | mass: 1.15e-03 | momentum: 5.55e-02 | wall: 8.67e-03 | inlet: 1.79e-04 | outlet: 1.46e-02 | integral_mass: 5.34e-03
2026-09-23 20:21:17 | INFO     | Epoch [  8000/50000] | Total Loss: 6.1175e-01 | LR: 1.00e-03 | mass: 1.08e-03 | momentum: 5.44e-02 | wall: 8.33e-03 | inlet: 2.50e-04 | outlet: 1.49e-02 | integral_mass: 6.47e-03
2026-09-23 20:21:22 | INFO     | Epoch [  8010/50000] | Total Loss: 4.4404e-01 | LR: 1.00e-03 | mass: 9.08e-04 | momentum: 5.47e-02 | wall: 8.62e-03 | inlet: 1.33e-04 | outlet: 1.45e-02 | integral_mass: 4.26e-03
2026-09-23 20:21:28 | INFO     | Epoch [  8020/50000] | Total Loss: 6.2429e-01 | LR: 1.00e-03 | mass: 1.12e-03 | momentum: 5.37e-02 | wall: 8.29e-03 | inlet: 2.56e-04 | outlet: 1.47e-02 | integral_mass: 6.68e-03
2026-09-23 20:21:34 | INFO     | Epoch [  8030/50000] | Total Loss: 4.6499e-01 | LR: 1.00e-03 | mass: 9.15e-04 | momentum: 5.40e-02 | wall: 8.59e-03 | inlet: 1.45e-04 | outlet: 1.43e-02 | integral_mass: 4.58e-03
2026-09-23 20:21:39 | INFO     | Epoch [  8040/50000] | Total Loss: 5.7206e-01 | LR: 1.00e-03 | mass: 8.75e-04 | momentum: 5.30e-02 | wall: 8.26e-03 | inlet: 2.35e-04 | outlet: 1.45e-02 | integral_mass: 5.92e-03
2026-09-23 20:21:45 | INFO     | Epoch [  8050/50000] | Total Loss: 4.8288e-01 | LR: 1.00e-03 | mass: 7.85e-04 | momentum: 5.34e-02 | wall: 8.55e-03 | inlet: 1.60e-04 | outlet: 1.41e-02 | integral_mass: 4.84e-03
2026-09-23 20:21:51 | INFO     | Epoch [  8060/50000] | Total Loss: 5.6887e-01 | LR: 1.00e-03 | mass: 8.09e-04 | momentum: 5.23e-02 | wall: 8.23e-03 | inlet: 2.39e-04 | outlet: 1.43e-02 | integral_mass: 5.85e-03
2026-09-23 20:21:56 | INFO     | Epoch [  8070/50000] | Total Loss: 4.6288e-01 | LR: 1.00e-03 | mass: 7.95e-04 | momentum: 5.27e-02 | wall: 8.50e-03 | inlet: 1.53e-04 | outlet: 1.39e-02 | integral_mass: 4.54e-03
2026-09-23 20:22:02 | INFO     | Epoch [  8080/50000] | Total Loss: 5.8577e-01 | LR: 1.00e-03 | mass: 9.50e-04 | momentum: 5.17e-02 | wall: 8.19e-03 | inlet: 2.48e-04 | outlet: 1.42e-02 | integral_mass: 6.09e-03
2026-09-23 20:22:08 | INFO     | Epoch [  8090/50000] | Total Loss: 4.4547e-01 | LR: 1.00e-03 | mass: 9.20e-04 | momentum: 5.21e-02 | wall: 8.46e-03 | inlet: 1.44e-04 | outlet: 1.37e-02 | integral_mass: 4.27e-03
2026-09-23 20:22:13 | INFO     | Epoch [  8100/50000] | Total Loss: 5.9116e-01 | LR: 1.00e-03 | mass: 1.20e-03 | momentum: 5.11e-02 | wall: 8.15e-03 | inlet: 2.49e-04 | outlet: 1.40e-02 | integral_mass: 6.16e-03
2026-09-23 20:22:19 | INFO     | Epoch [  8110/50000] | Total Loss: 4.4108e-01 | LR: 1.00e-03 | mass: 1.16e-03 | momentum: 5.15e-02 | wall: 8.41e-03 | inlet: 1.41e-04 | outlet: 1.36e-02 | integral_mass: 4.19e-03
2026-09-23 20:22:25 | INFO     | Epoch [  8120/50000] | Total Loss: 5.8414e-01 | LR: 1.00e-03 | mass: 1.58e-03 | momentum: 5.05e-02 | wall: 8.12e-03 | inlet: 2.43e-04 | outlet: 1.38e-02 | integral_mass: 6.03e-03
2026-09-23 20:22:30 | INFO     | Epoch [  8130/50000] | Total Loss: 4.4577e-01 | LR: 1.00e-03 | mass: 1.56e-03 | momentum: 5.10e-02 | wall: 8.37e-03 | inlet: 1.42e-04 | outlet: 1.34e-02 | integral_mass: 4.22e-03
2026-09-23 20:22:36 | INFO     | Epoch [  8140/50000] | Total Loss: 5.7040e-01 | LR: 1.00e-03 | mass: 2.18e-03 | momentum: 5.00e-02 | wall: 8.09e-03 | inlet: 2.32e-04 | outlet: 1.36e-02 | integral_mass: 5.77e-03
2026-09-23 20:22:42 | INFO     | Epoch [  8150/50000] | Total Loss: 4.5799e-01 | LR: 1.00e-03 | mass: 2.28e-03 | momentum: 5.04e-02 | wall: 8.34e-03 | inlet: 1.44e-04 | outlet: 1.32e-02 | integral_mass: 4.32e-03
2026-09-23 20:22:47 | INFO     | Epoch [  8160/50000] | Total Loss: 5.5010e-01 | LR: 1.00e-03 | mass: 3.15e-03 | momentum: 4.95e-02 | wall: 8.05e-03 | inlet: 2.15e-04 | outlet: 1.34e-02 | integral_mass: 5.36e-03
2026-09-23 20:22:53 | INFO     | Epoch [  8170/50000] | Total Loss: 4.8142e-01 | LR: 1.00e-03 | mass: 3.64e-03 | momentum: 4.99e-02 | wall: 8.31e-03 | inlet: 1.49e-04 | outlet: 1.30e-02 | integral_mass: 4.49e-03
2026-09-23 20:22:59 | INFO     | Epoch [  8180/50000] | Total Loss: 5.2779e-01 | LR: 1.00e-03 | mass: 4.87e-03 | momentum: 4.90e-02 | wall: 8.03e-03 | inlet: 1.93e-04 | outlet: 1.33e-02 | integral_mass: 4.81e-03
2026-09-23 20:23:05 | INFO     | Epoch [  8190/50000] | Total Loss: 5.0622e-01 | LR: 1.00e-03 | mass: 6.20e-03 | momentum: 4.94e-02 | wall: 8.28e-03 | inlet: 1.48e-04 | outlet: 1.29e-02 | integral_mass: 4.50e-03
2026-09-23 20:23:11 | INFO     | Epoch [  8200/50000] | Total Loss: 5.2740e-01 | LR: 1.00e-03 | mass: 8.17e-03 | momentum: 4.86e-02 | wall: 8.00e-03 | inlet: 1.73e-04 | outlet: 1.31e-02 | integral_mass: 4.35e-03
2026-09-23 20:23:17 | INFO     | Epoch [  8210/50000] | Total Loss: 5.2644e-01 | LR: 1.00e-03 | mass: 1.05e-02 | momentum: 4.91e-02 | wall: 8.26e-03 | inlet: 1.37e-04 | outlet: 1.27e-02 | integral_mass: 4.18e-03
2026-09-23 20:23:23 | INFO     | Epoch [  8220/50000] | Total Loss: 5.4219e-01 | LR: 1.00e-03 | mass: 1.28e-02 | momentum: 4.83e-02 | wall: 7.99e-03 | inlet: 1.55e-04 | outlet: 1.30e-02 | integral_mass: 3.91e-03
2026-09-23 20:23:29 | INFO     | Epoch [  8230/50000] | Total Loss: 5.4662e-01 | LR: 1.00e-03 | mass: 1.40e-02 | momentum: 4.87e-02 | wall: 8.26e-03 | inlet: 1.28e-04 | outlet: 1.26e-02 | integral_mass: 3.98e-03
2026-09-23 20:23:35 | INFO     | Epoch [  8240/50000] | Total Loss: 5.5540e-01 | LR: 1.00e-03 | mass: 1.40e-02 | momentum: 4.81e-02 | wall: 7.96e-03 | inlet: 1.49e-04 | outlet: 1.29e-02 | integral_mass: 4.01e-03
2026-09-23 20:23:42 | INFO     | Epoch [  8250/50000] | Total Loss: 5.6438e-01 | LR: 1.00e-03 | mass: 1.58e-02 | momentum: 4.80e-02 | wall: 8.30e-03 | inlet: 1.22e-04 | outlet: 1.25e-02 | integral_mass: 4.03e-03
2026-09-23 20:23:48 | INFO     | Epoch [  8260/50000] | Total Loss: 5.8662e-01 | LR: 1.00e-03 | mass: 2.35e-02 | momentum: 4.82e-02 | wall: 7.93e-03 | inlet: 1.21e-04 | outlet: 1.28e-02 | integral_mass: 3.01e-03
2026-09-23 20:23:55 | INFO     | Epoch [  8270/50000] | Total Loss: 5.9599e-01 | LR: 1.00e-03 | mass: 2.69e-02 | momentum: 4.76e-02 | wall: 8.27e-03 | inlet: 9.93e-05 | outlet: 1.25e-02 | integral_mass: 2.69e-03
2026-09-23 20:24:02 | INFO     | Epoch [  8280/50000] | Total Loss: 5.1716e-01 | LR: 1.00e-03 | mass: 4.26e-03 | momentum: 4.63e-02 | wall: 7.81e-03 | inlet: 1.92e-04 | outlet: 1.27e-02 | integral_mass: 4.83e-03
2026-09-23 20:24:08 | INFO     | Epoch [  8290/50000] | Total Loss: 5.5139e-01 | LR: 1.00e-03 | mass: 1.10e-02 | momentum: 4.72e-02 | wall: 8.00e-03 | inlet: 2.38e-04 | outlet: 1.23e-02 | integral_mass: 3.65e-03
2026-09-23 20:24:15 | INFO     | Epoch [  8300/50000] | Total Loss: 5.2945e-01 | LR: 1.00e-03 | mass: 5.35e-03 | momentum: 4.56e-02 | wall: 7.75e-03 | inlet: 2.59e-04 | outlet: 1.24e-02 | integral_mass: 4.22e-03
2026-09-23 20:24:21 | INFO     | Epoch [  8310/50000] | Total Loss: 4.7154e-01 | LR: 1.00e-03 | mass: 1.91e-03 | momentum: 4.58e-02 | wall: 8.00e-03 | inlet: 1.75e-04 | outlet: 1.21e-02 | integral_mass: 4.54e-03
2026-09-23 20:24:27 | INFO     | Epoch [  8320/50000] | Total Loss: 5.1749e-01 | LR: 1.00e-03 | mass: 1.15e-03 | momentum: 4.49e-02 | wall: 7.65e-03 | inlet: 2.34e-04 | outlet: 1.23e-02 | integral_mass: 5.10e-03
2026-09-23 20:24:33 | INFO     | Epoch [  8330/50000] | Total Loss: 4.2356e-01 | LR: 1.00e-03 | mass: 1.10e-03 | momentum: 4.53e-02 | wall: 7.91e-03 | inlet: 1.56e-04 | outlet: 1.20e-02 | integral_mass: 3.96e-03
2026-09-23 20:24:39 | INFO     | Epoch [  8340/50000] | Total Loss: 5.3641e-01 | LR: 1.00e-03 | mass: 1.22e-03 | momentum: 4.44e-02 | wall: 7.61e-03 | inlet: 2.38e-04 | outlet: 1.21e-02 | integral_mass: 5.45e-03
2026-09-23 20:24:45 | INFO     | Epoch [  8350/50000] | Total Loss: 4.2191e-01 | LR: 1.00e-03 | mass: 9.79e-04 | momentum: 4.48e-02 | wall: 7.86e-03 | inlet: 1.44e-04 | outlet: 1.18e-02 | integral_mass: 4.10e-03
2026-09-23 20:24:50 | INFO     | Epoch [  8360/50000] | Total Loss: 5.1626e-01 | LR: 1.00e-03 | mass: 9.06e-04 | momentum: 4.40e-02 | wall: 7.59e-03 | inlet: 2.15e-04 | outlet: 1.20e-02 | integral_mass: 5.35e-03
2026-09-23 20:24:56 | INFO     | Epoch [  8370/50000] | Total Loss: 4.1561e-01 | LR: 1.00e-03 | mass: 8.05e-04 | momentum: 4.42e-02 | wall: 7.81e-03 | inlet: 1.35e-04 | outlet: 1.16e-02 | integral_mass: 4.12e-03
2026-09-23 20:25:02 | INFO     | Epoch [  8380/50000] | Total Loss: 5.1443e-01 | LR: 1.00e-03 | mass: 8.49e-04 | momentum: 4.35e-02 | wall: 7.56e-03 | inlet: 2.08e-04 | outlet: 1.18e-02 | integral_mass: 5.42e-03
2026-09-23 20:25:08 | INFO     | Epoch [  8390/50000] | Total Loss: 4.1935e-01 | LR: 1.00e-03 | mass: 7.39e-04 | momentum: 4.37e-02 | wall: 7.77e-03 | inlet: 1.34e-04 | outlet: 1.15e-02 | integral_mass: 4.24e-03
2026-09-23 20:25:13 | INFO     | Epoch [  8400/50000] | Total Loss: 4.9041e-01 | LR: 1.00e-03 | mass: 6.57e-04 | momentum: 4.31e-02 | wall: 7.52e-03 | inlet: 1.96e-04 | outlet: 1.17e-02 | integral_mass: 5.12e-03
2026-09-23 20:25:19 | INFO     | Epoch [  8410/50000] | Total Loss: 4.2182e-01 | LR: 1.00e-03 | mass: 5.55e-04 | momentum: 4.32e-02 | wall: 7.74e-03 | inlet: 1.39e-04 | outlet: 1.14e-02 | integral_mass: 4.30e-03
2026-09-23 20:25:25 | INFO     | Epoch [  8420/50000] | Total Loss: 5.0304e-01 | LR: 1.00e-03 | mass: 6.11e-04 | momentum: 4.25e-02 | wall: 7.47e-03 | inlet: 2.12e-04 | outlet: 1.16e-02 | integral_mass: 5.24e-03
2026-09-23 20:25:30 | INFO     | Epoch [  8430/50000] | Total Loss: 3.9031e-01 | LR: 1.00e-03 | mass: 5.86e-04 | momentum: 4.28e-02 | wall: 7.70e-03 | inlet: 1.31e-04 | outlet: 1.12e-02 | integral_mass: 3.76e-03
2026-09-23 20:25:36 | INFO     | Epoch [  8440/50000] | Total Loss: 5.4929e-01 | LR: 1.00e-03 | mass: 9.65e-04 | momentum: 4.20e-02 | wall: 7.41e-03 | inlet: 2.45e-04 | outlet: 1.14e-02 | integral_mass: 5.79e-03
2026-09-23 20:25:42 | INFO     | Epoch [  8450/50000] | Total Loss: 3.7711e-01 | LR: 1.00e-03 | mass: 1.05e-03 | momentum: 4.24e-02 | wall: 7.66e-03 | inlet: 1.32e-04 | outlet: 1.11e-02 | integral_mass: 3.41e-03
2026-09-23 20:25:47 | INFO     | Epoch [  8460/50000] | Total Loss: 5.0501e-01 | LR: 1.00e-03 | mass: 1.51e-03 | momentum: 4.16e-02 | wall: 7.37e-03 | inlet: 2.26e-04 | outlet: 1.13e-02 | integral_mass: 5.00e-03
2026-09-23 20:25:53 | INFO     | Epoch [  8470/50000] | Total Loss: 4.5088e-01 | LR: 1.00e-03 | mass: 1.70e-03 | momentum: 4.20e-02 | wall: 7.64e-03 | inlet: 1.70e-04 | outlet: 1.09e-02 | integral_mass: 4.40e-03
2026-09-23 20:26:00 | INFO     | Epoch [  8480/50000] | Total Loss: 4.6336e-01 | LR: 1.00e-03 | mass: 1.76e-03 | momentum: 4.11e-02 | wall: 7.34e-03 | inlet: 1.98e-04 | outlet: 1.11e-02 | integral_mass: 4.43e-03
2026-09-23 20:26:06 | INFO     | Epoch [  8490/50000] | Total Loss: 4.3746e-01 | LR: 1.00e-03 | mass: 2.11e-03 | momentum: 4.15e-02 | wall: 7.59e-03 | inlet: 1.54e-04 | outlet: 1.08e-02 | integral_mass: 4.22e-03
2026-09-23 20:26:13 | INFO     | Epoch [  8500/50000] | Total Loss: 4.6708e-01 | LR: 1.00e-03 | mass: 2.66e-03 | momentum: 4.08e-02 | wall: 7.31e-03 | inlet: 1.88e-04 | outlet: 1.10e-02 | integral_mass: 4.43e-03
2026-09-23 20:26:19 | INFO     | Epoch [  8510/50000] | Total Loss: 4.4979e-01 | LR: 1.00e-03 | mass: 3.77e-03 | momentum: 4.11e-02 | wall: 7.54e-03 | inlet: 1.49e-04 | outlet: 1.07e-02 | integral_mass: 4.21e-03
2026-09-23 20:26:26 | INFO     | Epoch [  8520/50000] | Total Loss: 4.7728e-01 | LR: 1.00e-03 | mass: 5.54e-03 | momentum: 4.06e-02 | wall: 7.29e-03 | inlet: 1.77e-04 | outlet: 1.08e-02 | integral_mass: 4.18e-03
2026-09-23 20:26:33 | INFO     | Epoch [  8530/50000] | Total Loss: 4.7693e-01 | LR: 1.00e-03 | mass: 8.46e-03 | momentum: 4.09e-02 | wall: 7.51e-03 | inlet: 1.42e-04 | outlet: 1.05e-02 | integral_mass: 3.89e-03
2026-09-23 20:26:39 | INFO     | Epoch [  8540/50000] | Total Loss: 5.1006e-01 | LR: 1.00e-03 | mass: 1.33e-02 | momentum: 4.07e-02 | wall: 7.28e-03 | inlet: 1.61e-04 | outlet: 1.07e-02 | integral_mass: 3.45e-03
2026-09-23 20:26:45 | INFO     | Epoch [  8550/50000] | Total Loss: 5.4792e-01 | LR: 1.00e-03 | mass: 2.17e-02 | momentum: 4.12e-02 | wall: 7.50e-03 | inlet: 1.35e-04 | outlet: 1.05e-02 | integral_mass: 2.74e-03
2026-09-23 20:26:52 | INFO     | Epoch [  8560/50000] | Total Loss: 6.2058e-01 | LR: 1.00e-03 | mass: 3.57e-02 | momentum: 4.17e-02 | wall: 7.32e-03 | inlet: 1.55e-04 | outlet: 1.05e-02 | integral_mass: 1.22e-03
2026-09-23 20:26:58 | INFO     | Epoch [  8570/50000] | Total Loss: 6.5816e-01 | LR: 1.00e-03 | mass: 4.36e-02 | momentum: 4.23e-02 | wall: 7.45e-03 | inlet: 1.60e-04 | outlet: 1.05e-02 | integral_mass: 2.84e-04
2026-09-23 20:27:04 | INFO     | Epoch [  8580/50000] | Total Loss: 5.6749e-01 | LR: 1.00e-03 | mass: 3.60e-02 | momentum: 4.23e-02 | wall: 7.35e-03 | inlet: 1.48e-04 | outlet: 1.04e-02 | integral_mass: 1.39e-04
2026-09-23 20:27:10 | INFO     | Epoch [  8590/50000] | Total Loss: 5.3426e-01 | LR: 1.00e-03 | mass: 3.37e-02 | momentum: 4.30e-02 | wall: 7.29e-03 | inlet: 1.40e-04 | outlet: 1.04e-02 | integral_mass: 2.52e-05
2026-09-23 20:27:16 | INFO     | Epoch [  8600/50000] | Total Loss: 4.3004e-01 | LR: 1.00e-03 | mass: 2.45e-02 | momentum: 4.33e-02 | wall: 7.15e-03 | inlet: 1.19e-04 | outlet: 1.03e-02 | integral_mass: 1.21e-05
2026-09-23 20:27:22 | INFO     | Epoch [  8610/50000] | Total Loss: 3.7075e-01 | LR: 1.00e-03 | mass: 1.55e-02 | momentum: 4.31e-02 | wall: 6.93e-03 | inlet: 1.77e-04 | outlet: 1.01e-02 | integral_mass: 1.04e-04
2026-09-23 20:27:29 | INFO     | Epoch [  8620/50000] | Total Loss: 6.4049e-01 | LR: 1.00e-03 | mass: 3.29e-02 | momentum: 4.38e-02 | wall: 6.91e-03 | inlet: 3.77e-04 | outlet: 9.90e-03 | integral_mass: 6.34e-06
2026-09-23 20:27:35 | INFO     | Epoch [  8630/50000] | Total Loss: 8.3767e-01 | LR: 1.00e-03 | mass: 5.44e-02 | momentum: 5.19e-02 | wall: 7.28e-03 | inlet: 3.15e-04 | outlet: 9.87e-03 | integral_mass: 3.28e-05
2026-09-23 20:27:41 | INFO     | Epoch [  8640/50000] | Total Loss: 4.5129e-01 | LR: 1.00e-03 | mass: 2.17e-02 | momentum: 4.59e-02 | wall: 6.88e-03 | inlet: 2.07e-04 | outlet: 9.83e-03 | integral_mass: 1.21e-04
2026-09-23 20:27:47 | INFO     | Epoch [  8650/50000] | Total Loss: 3.8494e-01 | LR: 1.00e-03 | mass: 1.97e-02 | momentum: 4.22e-02 | wall: 6.90e-03 | inlet: 1.29e-04 | outlet: 9.56e-03 | integral_mass: 6.16e-05
2026-09-23 20:27:53 | INFO     | Epoch [  8660/50000] | Total Loss: 4.4322e-01 | LR: 1.00e-03 | mass: 1.92e-02 | momentum: 4.18e-02 | wall: 6.74e-03 | inlet: 2.17e-04 | outlet: 9.32e-03 | integral_mass: 4.81e-04
2026-09-23 20:27:59 | INFO     | Epoch [  8670/50000] | Total Loss: 3.0467e-01 | LR: 1.00e-03 | mass: 7.04e-03 | momentum: 4.02e-02 | wall: 6.70e-03 | inlet: 1.18e-04 | outlet: 9.10e-03 | integral_mass: 1.18e-03
2026-09-23 20:28:05 | INFO     | Epoch [  8680/50000] | Total Loss: 3.0669e-01 | LR: 1.00e-03 | mass: 5.09e-03 | momentum: 3.94e-02 | wall: 6.56e-03 | inlet: 1.21e-04 | outlet: 8.99e-03 | integral_mass: 1.62e-03
2026-09-23 20:28:12 | INFO     | Epoch [  8690/50000] | Total Loss: 2.8046e-01 | LR: 1.00e-03 | mass: 7.72e-03 | momentum: 3.99e-02 | wall: 6.49e-03 | inlet: 1.33e-04 | outlet: 9.00e-03 | integral_mass: 4.60e-04
2026-09-23 20:28:18 | INFO     | Epoch [  8700/50000] | Total Loss: 5.6677e-01 | LR: 1.00e-03 | mass: 2.67e-02 | momentum: 4.08e-02 | wall: 6.51e-03 | inlet: 3.31e-04 | outlet: 8.85e-03 | integral_mass: 3.97e-04
2026-09-23 20:28:24 | INFO     | Epoch [  8710/50000] | Total Loss: 4.6195e-01 | LR: 1.00e-03 | mass: 1.59e-02 | momentum: 3.70e-02 | wall: 6.51e-03 | inlet: 2.12e-04 | outlet: 8.61e-03 | integral_mass: 1.74e-03
2026-09-23 20:28:29 | INFO     | Epoch [  8720/50000] | Total Loss: 5.7340e-01 | LR: 1.00e-03 | mass: 9.45e-03 | momentum: 3.53e-02 | wall: 6.35e-03 | inlet: 3.60e-04 | outlet: 8.85e-03 | integral_mass: 3.82e-03
2026-09-23 20:28:35 | INFO     | Epoch [  8730/50000] | Total Loss: 8.8547e-01 | LR: 1.00e-03 | mass: 2.05e-02 | momentum: 3.58e-02 | wall: 6.35e-03 | inlet: 6.39e-04 | outlet: 8.96e-03 | integral_mass: 5.05e-03
2026-09-23 20:28:41 | INFO     | Epoch [  8740/50000] | Total Loss: 6.4938e-01 | LR: 1.00e-03 | mass: 5.83e-03 | momentum: 3.52e-02 | wall: 6.50e-03 | inlet: 2.84e-04 | outlet: 8.70e-03 | integral_mass: 6.80e-03
2026-09-23 20:28:46 | INFO     | Epoch [  8750/50000] | Total Loss: 6.5386e-01 | LR: 1.00e-03 | mass: 3.78e-03 | momentum: 3.42e-02 | wall: 6.24e-03 | inlet: 2.97e-04 | outlet: 9.16e-03 | integral_mass: 7.23e-03
2026-09-23 20:28:52 | INFO     | Epoch [  8760/50000] | Total Loss: 4.7232e-01 | LR: 1.00e-03 | mass: 1.41e-03 | momentum: 3.41e-02 | wall: 6.37e-03 | inlet: 1.75e-04 | outlet: 8.91e-03 | integral_mass: 5.28e-03
2026-09-23 20:28:58 | INFO     | Epoch [  8770/50000] | Total Loss: 5.7640e-01 | LR: 1.00e-03 | mass: 9.17e-04 | momentum: 3.33e-02 | wall: 6.15e-03 | inlet: 2.76e-04 | outlet: 9.25e-03 | integral_mass: 6.51e-03
2026-09-23 20:29:03 | INFO     | Epoch [  8780/50000] | Total Loss: 3.8136e-01 | LR: 1.00e-03 | mass: 4.40e-04 | momentum: 3.34e-02 | wall: 6.32e-03 | inlet: 1.36e-04 | outlet: 9.00e-03 | integral_mass: 4.07e-03
2026-09-23 20:29:09 | INFO     | Epoch [  8790/50000] | Total Loss: 6.8969e-01 | LR: 1.00e-03 | mass: 7.73e-04 | momentum: 3.27e-02 | wall: 6.14e-03 | inlet: 3.06e-04 | outlet: 9.30e-03 | integral_mass: 8.51e-03
2026-09-23 20:29:15 | INFO     | Epoch [  8800/50000] | Total Loss: 2.8541e-01 | LR: 1.00e-03 | mass: 2.71e-04 | momentum: 3.28e-02 | wall: 6.28e-03 | inlet: 8.66e-05 | outlet: 9.01e-03 | integral_mass: 2.70e-03
2026-09-23 20:29:20 | INFO     | Epoch [  8810/50000] | Total Loss: 8.4288e-01 | LR: 1.00e-03 | mass: 8.36e-04 | momentum: 3.22e-02 | wall: 6.11e-03 | inlet: 3.83e-04 | outlet: 9.28e-03 | integral_mass: 1.08e-02
2026-09-23 20:29:26 | INFO     | Epoch [  8820/50000] | Total Loss: 2.0579e-01 | LR: 1.00e-03 | mass: 1.64e-04 | momentum: 3.22e-02 | wall: 6.23e-03 | inlet: 4.98e-05 | outlet: 8.95e-03 | integral_mass: 1.52e-03
2026-09-23 20:29:32 | INFO     | Epoch [  8830/50000] | Total Loss: 7.7761e-01 | LR: 1.00e-03 | mass: 2.13e-03 | momentum: 3.19e-02 | wall: 6.13e-03 | inlet: 3.45e-04 | outlet: 9.13e-03 | integral_mass: 9.63e-03
2026-09-23 20:29:37 | INFO     | Epoch [  8840/50000] | Total Loss: 6.8377e-01 | LR: 1.00e-03 | mass: 1.70e-03 | momentum: 3.20e-02 | wall: 6.34e-03 | inlet: 3.29e-04 | outlet: 8.74e-03 | integral_mass: 7.96e-03
2026-09-23 20:29:43 | INFO     | Epoch [  8850/50000] | Total Loss: 5.2630e-01 | LR: 1.00e-03 | mass: 6.08e-04 | momentum: 3.11e-02 | wall: 6.06e-03 | inlet: 2.46e-04 | outlet: 9.01e-03 | integral_mass: 5.93e-03
2026-09-23 20:29:48 | INFO     | Epoch [  8860/50000] | Total Loss: 3.5733e-01 | LR: 1.00e-03 | mass: 4.79e-04 | momentum: 3.12e-02 | wall: 6.23e-03 | inlet: 1.13e-04 | outlet: 8.73e-03 | integral_mass: 3.88e-03
2026-09-23 20:29:54 | INFO     | Epoch [  8870/50000] | Total Loss: 6.3374e-01 | LR: 1.00e-03 | mass: 6.39e-04 | momentum: 3.08e-02 | wall: 6.07e-03 | inlet: 2.73e-04 | outlet: 8.97e-03 | integral_mass: 7.81e-03
2026-09-23 20:30:00 | INFO     | Epoch [  8880/50000] | Total Loss: 3.0797e-01 | LR: 1.00e-03 | mass: 2.91e-04 | momentum: 3.09e-02 | wall: 6.20e-03 | inlet: 1.04e-04 | outlet: 8.68e-03 | integral_mass: 3.03e-03
2026-09-23 20:30:05 | INFO     | Epoch [  8890/50000] | Total Loss: 7.0639e-01 | LR: 1.00e-03 | mass: 6.43e-04 | momentum: 3.04e-02 | wall: 6.03e-03 | inlet: 3.20e-04 | outlet: 8.90e-03 | integral_mass: 8.81e-03
2026-09-23 20:30:11 | INFO     | Epoch [  8900/50000] | Total Loss: 2.4602e-01 | LR: 1.00e-03 | mass: 1.98e-04 | momentum: 3.04e-02 | wall: 6.16e-03 | inlet: 6.82e-05 | outlet: 8.60e-03 | integral_mass: 2.19e-03
2026-09-23 20:30:17 | INFO     | Epoch [  8910/50000] | Total Loss: 8.2136e-01 | LR: 1.00e-03 | mass: 9.06e-04 | momentum: 3.00e-02 | wall: 6.00e-03 | inlet: 3.88e-04 | outlet: 8.79e-03 | integral_mass: 1.04e-02
2026-09-23 20:30:22 | INFO     | Epoch [  8920/50000] | Total Loss: 4.0033e-01 | LR: 1.00e-03 | mass: 6.62e-04 | momentum: 3.01e-02 | wall: 6.16e-03 | inlet: 1.37e-04 | outlet: 8.42e-03 | integral_mass: 4.51e-03
2026-09-23 20:30:28 | INFO     | Epoch [  8930/50000] | Total Loss: 3.3865e-01 | LR: 1.00e-03 | mass: 6.61e-04 | momentum: 2.97e-02 | wall: 6.03e-03 | inlet: 1.23e-04 | outlet: 8.60e-03 | integral_mass: 3.44e-03
2026-09-23 20:30:34 | INFO     | Epoch [  8940/50000] | Total Loss: 5.6806e-01 | LR: 1.00e-03 | mass: 5.98e-04 | momentum: 2.99e-02 | wall: 6.19e-03 | inlet: 2.26e-04 | outlet: 8.33e-03 | integral_mass: 6.98e-03
2026-09-23 20:30:39 | INFO     | Epoch [  8950/50000] | Total Loss: 4.4432e-01 | LR: 1.00e-03 | mass: 4.26e-04 | momentum: 2.93e-02 | wall: 5.97e-03 | inlet: 1.95e-04 | outlet: 8.56e-03 | integral_mass: 4.90e-03
2026-09-23 20:30:45 | INFO     | Epoch [  8960/50000] | Total Loss: 3.7797e-01 | LR: 1.00e-03 | mass: 3.24e-04 | momentum: 2.95e-02 | wall: 6.14e-03 | inlet: 1.30e-04 | outlet: 8.30e-03 | integral_mass: 4.21e-03
2026-09-23 20:30:51 | INFO     | Epoch [  8970/50000] | Total Loss: 6.0113e-01 | LR: 1.00e-03 | mass: 5.50e-04 | momentum: 2.91e-02 | wall: 5.97e-03 | inlet: 2.57e-04 | outlet: 8.50e-03 | integral_mass: 7.40e-03
2026-09-23 20:30:56 | INFO     | Epoch [  8980/50000] | Total Loss: 2.7263e-01 | LR: 1.00e-03 | mass: 2.27e-04 | momentum: 2.91e-02 | wall: 6.09e-03 | inlet: 8.11e-05 | outlet: 8.23e-03 | integral_mass: 2.63e-03
2026-09-23 20:31:03 | INFO     | Epoch [  8990/50000] | Total Loss: 7.4857e-01 | LR: 1.00e-03 | mass: 6.89e-04 | momentum: 2.88e-02 | wall: 5.94e-03 | inlet: 3.28e-04 | outlet: 8.42e-03 | integral_mass: 9.62e-03
2026-09-23 20:31:09 | INFO     | Epoch [  9000/50000] | Total Loss: 2.2204e-01 | LR: 1.00e-03 | mass: 2.36e-04 | momentum: 2.88e-02 | wall: 6.05e-03 | inlet: 6.12e-05 | outlet: 8.12e-03 | integral_mass: 1.83e-03
2026-09-23 20:31:16 | INFO     | Epoch [  9010/50000] | Total Loss: 4.2593e-01 | LR: 1.00e-03 | mass: 7.99e-04 | momentum: 2.84e-02 | wall: 5.91e-03 | inlet: 1.93e-04 | outlet: 8.24e-03 | integral_mass: 4.51e-03
2026-09-23 20:31:23 | INFO     | Epoch [  9020/50000] | Total Loss: 5.4103e-01 | LR: 1.00e-03 | mass: 1.29e-03 | momentum: 2.87e-02 | wall: 6.12e-03 | inlet: 2.46e-04 | outlet: 7.97e-03 | integral_mass: 6.15e-03
2026-09-23 20:31:29 | INFO     | Epoch [  9030/50000] | Total Loss: 4.4402e-01 | LR: 1.00e-03 | mass: 4.25e-04 | momentum: 2.81e-02 | wall: 5.88e-03 | inlet: 1.97e-04 | outlet: 8.17e-03 | integral_mass: 4.93e-03
2026-09-23 20:31:36 | INFO     | Epoch [  9040/50000] | Total Loss: 3.6749e-01 | LR: 1.00e-03 | mass: 3.52e-04 | momentum: 2.82e-02 | wall: 6.04e-03 | inlet: 1.24e-04 | outlet: 7.92e-03 | integral_mass: 4.11e-03
2026-09-23 20:31:42 | INFO     | Epoch [  9050/50000] | Total Loss: 5.5966e-01 | LR: 1.00e-03 | mass: 5.27e-04 | momentum: 2.79e-02 | wall: 5.89e-03 | inlet: 2.34e-04 | outlet: 8.11e-03 | integral_mass: 6.85e-03
2026-09-23 20:31:48 | INFO     | Epoch [  9060/50000] | Total Loss: 2.8834e-01 | LR: 1.00e-03 | mass: 2.87e-04 | momentum: 2.80e-02 | wall: 6.00e-03 | inlet: 8.85e-05 | outlet: 7.85e-03 | integral_mass: 2.91e-03
2026-09-23 20:31:54 | INFO     | Epoch [  9070/50000] | Total Loss: 6.5611e-01 | LR: 1.00e-03 | mass: 6.21e-04 | momentum: 2.77e-02 | wall: 5.86e-03 | inlet: 2.82e-04 | outlet: 8.03e-03 | integral_mass: 8.29e-03
2026-09-23 20:31:59 | INFO     | Epoch [  9080/50000] | Total Loss: 2.5953e-01 | LR: 1.00e-03 | mass: 2.68e-04 | momentum: 2.77e-02 | wall: 5.97e-03 | inlet: 7.87e-05 | outlet: 7.76e-03 | integral_mass: 2.45e-03
2026-09-23 20:32:05 | INFO     | Epoch [  9090/50000] | Total Loss: 5.4045e-01 | LR: 1.00e-03 | mass: 5.26e-04 | momentum: 2.73e-02 | wall: 5.83e-03 | inlet: 2.33e-04 | outlet: 7.92e-03 | integral_mass: 6.50e-03
2026-09-23 20:32:11 | INFO     | Epoch [  9100/50000] | Total Loss: 4.2719e-01 | LR: 1.00e-03 | mass: 7.45e-04 | momentum: 2.75e-02 | wall: 6.00e-03 | inlet: 1.73e-04 | outlet: 7.65e-03 | integral_mass: 4.77e-03
2026-09-23 20:32:17 | INFO     | Epoch [  9110/50000] | Total Loss: 4.2694e-01 | LR: 1.00e-03 | mass: 5.11e-04 | momentum: 2.70e-02 | wall: 5.80e-03 | inlet: 1.87e-04 | outlet: 7.82e-03 | integral_mass: 4.70e-03
2026-09-23 20:32:23 | INFO     | Epoch [  9120/50000] | Total Loss: 3.8180e-01 | LR: 1.00e-03 | mass: 3.47e-04 | momentum: 2.72e-02 | wall: 5.96e-03 | inlet: 1.37e-04 | outlet: 7.58e-03 | integral_mass: 4.31e-03
2026-09-23 20:32:29 | INFO     | Epoch [  9130/50000] | Total Loss: 5.1437e-01 | LR: 1.00e-03 | mass: 4.63e-04 | momentum: 2.69e-02 | wall: 5.80e-03 | inlet: 2.17e-04 | outlet: 7.75e-03 | integral_mass: 6.17e-03
2026-09-23 20:32:35 | INFO     | Epoch [  9140/50000] | Total Loss: 3.0058e-01 | LR: 1.00e-03 | mass: 2.94e-04 | momentum: 2.69e-02 | wall: 5.92e-03 | inlet: 9.28e-05 | outlet: 7.51e-03 | integral_mass: 3.15e-03
2026-09-23 20:32:42 | INFO     | Epoch [  9150/50000] | Total Loss: 6.1156e-01 | LR: 1.00e-03 | mass: 5.66e-04 | momentum: 2.66e-02 | wall: 5.78e-03 | inlet: 2.63e-04 | outlet: 7.68e-03 | integral_mass: 7.64e-03
2026-09-23 20:32:48 | INFO     | Epoch [  9160/50000] | Total Loss: 2.5045e-01 | LR: 1.00e-03 | mass: 2.46e-04 | momentum: 2.66e-02 | wall: 5.88e-03 | inlet: 7.11e-05 | outlet: 7.42e-03 | integral_mass: 2.39e-03
2026-09-23 20:32:54 | INFO     | Epoch [  9170/50000] | Total Loss: 5.6650e-01 | LR: 1.00e-03 | mass: 5.68e-04 | momentum: 2.63e-02 | wall: 5.73e-03 | inlet: 2.54e-04 | outlet: 7.57e-03 | integral_mass: 6.85e-03
2026-09-23 20:33:01 | INFO     | Epoch [  9180/50000] | Total Loss: 4.1298e-01 | LR: 1.00e-03 | mass: 6.77e-04 | momentum: 2.64e-02 | wall: 5.90e-03 | inlet: 1.48e-04 | outlet: 7.29e-03 | integral_mass: 4.79e-03
2026-09-23 20:33:08 | INFO     | Epoch [  9190/50000] | Total Loss: 4.0018e-01 | LR: 1.00e-03 | mass: 8.98e-04 | momentum: 2.61e-02 | wall: 5.75e-03 | inlet: 1.53e-04 | outlet: 7.46e-03 | integral_mass: 4.48e-03
2026-09-23 20:33:13 | INFO     | Epoch [  9200/50000] | Total Loss: 3.8707e-01 | LR: 1.00e-03 | mass: 7.50e-04 | momentum: 2.62e-02 | wall: 5.88e-03 | inlet: 1.26e-04 | outlet: 7.23e-03 | integral_mass: 4.49e-03
2026-09-23 20:33:19 | INFO     | Epoch [  9210/50000] | Total Loss: 4.8542e-01 | LR: 1.00e-03 | mass: 7.50e-04 | momentum: 2.59e-02 | wall: 5.73e-03 | inlet: 1.89e-04 | outlet: 7.43e-03 | integral_mass: 5.85e-03
2026-09-23 20:33:25 | INFO     | Epoch [  9220/50000] | Total Loss: 3.1915e-01 | LR: 1.00e-03 | mass: 4.48e-04 | momentum: 2.59e-02 | wall: 5.83e-03 | inlet: 9.99e-05 | outlet: 7.20e-03 | integral_mass: 3.47e-03
2026-09-23 20:33:30 | INFO     | Epoch [  9230/50000] | Total Loss: 5.3294e-01 | LR: 1.00e-03 | mass: 6.46e-04 | momentum: 2.57e-02 | wall: 5.70e-03 | inlet: 2.17e-04 | outlet: 7.36e-03 | integral_mass: 6.56e-03
2026-09-23 20:33:36 | INFO     | Epoch [  9240/50000] | Total Loss: 2.8557e-01 | LR: 1.00e-03 | mass: 2.93e-04 | momentum: 2.57e-02 | wall: 5.80e-03 | inlet: 8.95e-05 | outlet: 7.13e-03 | integral_mass: 2.94e-03
2026-09-23 20:33:42 | INFO     | Epoch [  9250/50000] | Total Loss: 5.5042e-01 | LR: 1.00e-03 | mass: 6.61e-04 | momentum: 2.54e-02 | wall: 5.68e-03 | inlet: 2.24e-04 | outlet: 7.29e-03 | integral_mass: 6.85e-03
2026-09-23 20:33:47 | INFO     | Epoch [  9260/50000] | Total Loss: 3.2801e-01 | LR: 1.00e-03 | mass: 3.33e-04 | momentum: 2.55e-02 | wall: 5.79e-03 | inlet: 1.13e-04 | outlet: 7.04e-03 | integral_mass: 3.55e-03
2026-09-23 20:33:53 | INFO     | Epoch [  9270/50000] | Total Loss: 4.0901e-01 | LR: 1.00e-03 | mass: 4.79e-04 | momentum: 2.51e-02 | wall: 5.64e-03 | inlet: 1.76e-04 | outlet: 7.19e-03 | integral_mass: 4.55e-03
2026-09-23 20:33:58 | INFO     | Epoch [  9280/50000] | Total Loss: 4.0998e-01 | LR: 1.00e-03 | mass: 7.95e-04 | momentum: 2.53e-02 | wall: 5.80e-03 | inlet: 1.70e-04 | outlet: 6.98e-03 | integral_mass: 4.53e-03
2026-09-23 20:34:04 | INFO     | Epoch [  9290/50000] | Total Loss: 4.3043e-01 | LR: 1.00e-03 | mass: 9.97e-04 | momentum: 2.49e-02 | wall: 5.60e-03 | inlet: 2.06e-04 | outlet: 7.12e-03 | integral_mass: 4.59e-03
2026-09-23 20:34:10 | INFO     | Epoch [  9300/50000] | Total Loss: 3.8127e-01 | LR: 1.00e-03 | mass: 1.11e-03 | momentum: 2.51e-02 | wall: 5.77e-03 | inlet: 1.61e-04 | outlet: 6.91e-03 | integral_mass: 4.00e-03
2026-09-23 20:34:15 | INFO     | Epoch [  9310/50000] | Total Loss: 4.3752e-01 | LR: 1.00e-03 | mass: 9.60e-04 | momentum: 2.47e-02 | wall: 5.57e-03 | inlet: 2.04e-04 | outlet: 7.04e-03 | integral_mass: 4.76e-03
2026-09-23 20:34:21 | INFO     | Epoch [  9320/50000] | Total Loss: 3.4505e-01 | LR: 1.00e-03 | mass: 6.44e-04 | momentum: 2.48e-02 | wall: 5.73e-03 | inlet: 1.30e-04 | outlet: 6.82e-03 | integral_mass: 3.69e-03
2026-09-23 20:34:27 | INFO     | Epoch [  9330/50000] | Total Loss: 4.5551e-01 | LR: 1.00e-03 | mass: 6.53e-04 | momentum: 2.45e-02 | wall: 5.57e-03 | inlet: 2.00e-04 | outlet: 6.96e-03 | integral_mass: 5.24e-03
2026-09-23 20:34:33 | INFO     | Epoch [  9340/50000] | Total Loss: 3.6337e-01 | LR: 1.00e-03 | mass: 5.65e-04 | momentum: 2.45e-02 | wall: 5.70e-03 | inlet: 1.30e-04 | outlet: 6.73e-03 | integral_mass: 4.09e-03
2026-09-23 20:34:39 | INFO     | Epoch [  9350/50000] | Total Loss: 4.0478e-01 | LR: 1.00e-03 | mass: 6.62e-04 | momentum: 2.43e-02 | wall: 5.57e-03 | inlet: 1.63e-04 | outlet: 6.88e-03 | integral_mass: 4.60e-03
2026-09-23 20:34:45 | INFO     | Epoch [  9360/50000] | Total Loss: 3.8105e-01 | LR: 1.00e-03 | mass: 8.72e-04 | momentum: 2.43e-02 | wall: 5.68e-03 | inlet: 1.30e-04 | outlet: 6.65e-03 | integral_mass: 4.39e-03
2026-09-23 20:34:51 | INFO     | Epoch [  9370/50000] | Total Loss: 4.1273e-01 | LR: 1.00e-03 | mass: 1.04e-03 | momentum: 2.41e-02 | wall: 5.57e-03 | inlet: 1.57e-04 | outlet: 6.81e-03 | integral_mass: 4.75e-03
2026-09-23 20:34:57 | INFO     | Epoch [  9380/50000] | Total Loss: 3.8314e-01 | LR: 1.00e-03 | mass: 1.31e-03 | momentum: 2.41e-02 | wall: 5.67e-03 | inlet: 1.26e-04 | outlet: 6.60e-03 | integral_mass: 4.40e-03
2026-09-23 20:35:04 | INFO     | Epoch [  9390/50000] | Total Loss: 4.1211e-01 | LR: 1.00e-03 | mass: 1.52e-03 | momentum: 2.39e-02 | wall: 5.55e-03 | inlet: 1.55e-04 | outlet: 6.76e-03 | integral_mass: 4.66e-03
2026-09-23 20:35:10 | INFO     | Epoch [  9400/50000] | Total Loss: 3.7636e-01 | LR: 1.00e-03 | mass: 1.51e-03 | momentum: 2.39e-02 | wall: 5.65e-03 | inlet: 1.27e-04 | outlet: 6.55e-03 | integral_mass: 4.22e-03
2026-09-23 20:35:16 | INFO     | Epoch [  9410/50000] | Total Loss: 4.1762e-01 | LR: 1.00e-03 | mass: 1.46e-03 | momentum: 2.37e-02 | wall: 5.52e-03 | inlet: 1.63e-04 | outlet: 6.71e-03 | integral_mass: 4.72e-03
2026-09-23 20:35:22 | INFO     | Epoch [  9420/50000] | Total Loss: 3.6092e-01 | LR: 1.00e-03 | mass: 1.03e-03 | momentum: 2.37e-02 | wall: 5.62e-03 | inlet: 1.25e-04 | outlet: 6.51e-03 | integral_mass: 4.03e-03
2026-09-23 20:35:28 | INFO     | Epoch [  9430/50000] | Total Loss: 4.0988e-01 | LR: 1.00e-03 | mass: 1.07e-03 | momentum: 2.34e-02 | wall: 5.49e-03 | inlet: 1.63e-04 | outlet: 6.66e-03 | integral_mass: 4.66e-03
2026-09-23 20:35:34 | INFO     | Epoch [  9440/50000] | Total Loss: 3.7245e-01 | LR: 1.00e-03 | mass: 9.55e-04 | momentum: 2.35e-02 | wall: 5.61e-03 | inlet: 1.34e-04 | outlet: 6.46e-03 | integral_mass: 4.20e-03
2026-09-23 20:35:40 | INFO     | Epoch [  9450/50000] | Total Loss: 3.8856e-01 | LR: 1.00e-03 | mass: 1.21e-03 | momentum: 2.32e-02 | wall: 5.45e-03 | inlet: 1.58e-04 | outlet: 6.60e-03 | integral_mass: 4.26e-03
2026-09-23 20:35:46 | INFO     | Epoch [  9460/50000] | Total Loss: 3.8158e-01 | LR: 1.00e-03 | mass: 1.54e-03 | momentum: 2.33e-02 | wall: 5.59e-03 | inlet: 1.41e-04 | outlet: 6.41e-03 | integral_mass: 4.20e-03
2026-09-23 20:35:52 | INFO     | Epoch [  9470/50000] | Total Loss: 3.8692e-01 | LR: 1.00e-03 | mass: 1.87e-03 | momentum: 2.30e-02 | wall: 5.42e-03 | inlet: 1.59e-04 | outlet: 6.55e-03 | integral_mass: 4.10e-03
2026-09-23 20:35:58 | INFO     | Epoch [  9480/50000] | Total Loss: 3.8430e-01 | LR: 1.00e-03 | mass: 2.33e-03 | momentum: 2.32e-02 | wall: 5.58e-03 | inlet: 1.40e-04 | outlet: 6.36e-03 | integral_mass: 4.11e-03
2026-09-23 20:36:04 | INFO     | Epoch [  9490/50000] | Total Loss: 3.8362e-01 | LR: 1.00e-03 | mass: 3.13e-03 | momentum: 2.29e-02 | wall: 5.40e-03 | inlet: 1.46e-04 | outlet: 6.50e-03 | integral_mass: 3.91e-03
2026-09-23 20:36:10 | INFO     | Epoch [  9500/50000] | Total Loss: 3.9646e-01 | LR: 1.00e-03 | mass: 8.12e-03 | momentum: 2.33e-02 | wall: 5.62e-03 | inlet: 1.05e-04 | outlet: 6.32e-03 | integral_mass: 3.53e-03
2026-09-23 20:36:16 | INFO     | Epoch [  9510/50000] | Total Loss: 5.5049e-01 | LR: 1.00e-03 | mass: 2.98e-02 | momentum: 2.48e-02 | wall: 5.63e-03 | inlet: 1.79e-04 | outlet: 6.50e-03 | integral_mass: 1.51e-03
2026-09-23 20:36:22 | INFO     | Epoch [  9520/50000] | Total Loss: 4.9052e-01 | LR: 1.00e-03 | mass: 2.28e-02 | momentum: 2.51e-02 | wall: 5.76e-03 | inlet: 1.93e-04 | outlet: 6.35e-03 | integral_mass: 1.54e-03
2026-09-23 20:36:28 | INFO     | Epoch [  9530/50000] | Total Loss: 4.7587e-01 | LR: 1.00e-03 | mass: 2.36e-02 | momentum: 2.59e-02 | wall: 5.56e-03 | inlet: 2.18e-04 | outlet: 6.46e-03 | integral_mass: 8.69e-04
2026-09-23 20:36:34 | INFO     | Epoch [  9540/50000] | Total Loss: 4.5220e-01 | LR: 1.00e-03 | mass: 2.35e-02 | momentum: 2.74e-02 | wall: 5.50e-03 | inlet: 2.26e-04 | outlet: 6.25e-03 | integral_mass: 3.17e-04
2026-09-23 20:36:40 | INFO     | Epoch [  9550/50000] | Total Loss: 3.9580e-01 | LR: 1.00e-03 | mass: 2.02e-02 | momentum: 2.84e-02 | wall: 5.44e-03 | inlet: 1.92e-04 | outlet: 6.18e-03 | integral_mass: 1.80e-04
2026-09-23 20:36:46 | INFO     | Epoch [  9560/50000] | Total Loss: 3.1515e-01 | LR: 1.00e-03 | mass: 1.67e-02 | momentum: 2.99e-02 | wall: 5.32e-03 | inlet: 1.09e-04 | outlet: 6.06e-03 | integral_mass: 9.47e-05
2026-09-23 20:36:52 | INFO     | Epoch [  9570/50000] | Total Loss: 7.0086e-01 | LR: 1.00e-03 | mass: 1.93e-02 | momentum: 3.11e-02 | wall: 5.39e-03 | inlet: 3.59e-04 | outlet: 5.80e-03 | integral_mass: 4.75e-03
2026-09-23 20:36:57 | INFO     | Epoch [  9580/50000] | Total Loss: 8.3534e-01 | LR: 1.00e-03 | mass: 4.58e-02 | momentum: 3.13e-02 | wall: 5.47e-03 | inlet: 4.81e-04 | outlet: 5.81e-03 | integral_mass: 8.97e-04
2026-09-23 20:37:03 | INFO     | Epoch [  9590/50000] | Total Loss: 5.4045e-01 | LR: 1.00e-03 | mass: 1.47e-02 | momentum: 2.69e-02 | wall: 5.40e-03 | inlet: 3.16e-04 | outlet: 5.75e-03 | integral_mass: 2.98e-03
2026-09-23 20:37:09 | INFO     | Epoch [  9600/50000] | Total Loss: 5.4820e-01 | LR: 1.00e-03 | mass: 1.09e-02 | momentum: 2.57e-02 | wall: 5.26e-03 | inlet: 1.84e-04 | outlet: 5.95e-03 | integral_mass: 5.27e-03
2026-09-23 20:37:15 | INFO     | Epoch [  9610/50000] | Total Loss: 4.7939e-01 | LR: 1.00e-03 | mass: 5.21e-03 | momentum: 2.53e-02 | wall: 5.25e-03 | inlet: 2.70e-04 | outlet: 5.78e-03 | integral_mass: 4.17e-03
2026-09-23 20:37:21 | INFO     | Epoch [  9620/50000] | Total Loss: 4.4460e-01 | LR: 1.00e-03 | mass: 1.18e-03 | momentum: 2.42e-02 | wall: 5.09e-03 | inlet: 1.81e-04 | outlet: 5.98e-03 | integral_mass: 5.22e-03
2026-09-23 20:37:27 | INFO     | Epoch [  9630/50000] | Total Loss: 3.2917e-01 | LR: 1.00e-03 | mass: 6.91e-04 | momentum: 2.39e-02 | wall: 5.18e-03 | inlet: 1.46e-04 | outlet: 5.82e-03 | integral_mass: 3.36e-03
2026-09-23 20:37:33 | INFO     | Epoch [  9640/50000] | Total Loss: 4.4171e-01 | LR: 1.00e-03 | mass: 7.47e-04 | momentum: 2.33e-02 | wall: 5.04e-03 | inlet: 2.07e-04 | outlet: 5.99e-03 | integral_mass: 5.02e-03
2026-09-23 20:37:39 | INFO     | Epoch [  9650/50000] | Total Loss: 2.8709e-01 | LR: 1.00e-03 | mass: 3.84e-04 | momentum: 2.32e-02 | wall: 5.15e-03 | inlet: 1.03e-04 | outlet: 5.81e-03 | integral_mass: 3.02e-03
2026-09-23 20:37:45 | INFO     | Epoch [  9660/50000] | Total Loss: 5.2989e-01 | LR: 1.00e-03 | mass: 6.09e-04 | momentum: 2.27e-02 | wall: 5.01e-03 | inlet: 2.45e-04 | outlet: 5.98e-03 | integral_mass: 6.45e-03
2026-09-23 20:37:51 | INFO     | Epoch [  9670/50000] | Total Loss: 2.0731e-01 | LR: 1.00e-03 | mass: 2.12e-04 | momentum: 2.25e-02 | wall: 5.11e-03 | inlet: 6.41e-05 | outlet: 5.79e-03 | integral_mass: 1.87e-03
2026-09-23 20:37:57 | INFO     | Epoch [  9680/50000] | Total Loss: 6.5740e-01 | LR: 1.00e-03 | mass: 8.49e-04 | momentum: 2.21e-02 | wall: 4.99e-03 | inlet: 3.04e-04 | outlet: 5.93e-03 | integral_mass: 8.38e-03
2026-09-23 20:38:03 | INFO     | Epoch [  9690/50000] | Total Loss: 2.3056e-01 | LR: 1.00e-03 | mass: 3.15e-04 | momentum: 2.19e-02 | wall: 5.09e-03 | inlet: 7.26e-05 | outlet: 5.70e-03 | integral_mass: 2.25e-03
2026-09-23 20:38:09 | INFO     | Epoch [  9700/50000] | Total Loss: 3.0328e-01 | LR: 1.00e-03 | mass: 1.01e-03 | momentum: 2.15e-02 | wall: 4.98e-03 | inlet: 1.34e-04 | outlet: 5.80e-03 | integral_mass: 2.98e-03
2026-09-23 20:38:15 | INFO     | Epoch [  9710/50000] | Total Loss: 3.2075e-01 | LR: 1.00e-03 | mass: 1.23e-03 | momentum: 2.15e-02 | wall: 5.11e-03 | inlet: 1.37e-04 | outlet: 5.65e-03 | integral_mass: 3.23e-03
2026-09-23 20:38:21 | INFO     | Epoch [  9720/50000] | Total Loss: 4.7136e-01 | LR: 1.00e-03 | mass: 8.26e-04 | momentum: 2.11e-02 | wall: 4.94e-03 | inlet: 2.25e-04 | outlet: 5.80e-03 | integral_mass: 5.49e-03
2026-09-23 20:38:27 | INFO     | Epoch [  9730/50000] | Total Loss: 2.7883e-01 | LR: 1.00e-03 | mass: 3.86e-04 | momentum: 2.11e-02 | wall: 5.07e-03 | inlet: 1.00e-04 | outlet: 5.62e-03 | integral_mass: 2.95e-03
2026-09-23 20:38:29 | INFO     | Early stopping triggered. No improvement for 5000 epochs.
2026-09-23 20:38:29 | INFO     | 
Optimization process terminated.
  Epochs completed : 9733
  Final loss       : 3.879910e-01
  Best loss        : 5.182797e-02
  Training time    : 5857.19s
  Early stopping   : Yes
  Reason           : patience exhausted (5000 epochs)
